timestamp,open,high,low,close,volume
2024-01-01 09:30:00,100.0,100.24,99.73,100.02,50906
2024-01-01 09:31:00,100.1,100.21,99.81,100.02,12393
2024-01-01 09:32:00,99.95,100.13,99.77,100.05,40314
2024-01-01 09:33:00,100.02,100.32,99.92,100.13,39901
2024-01-01 09:34:00,100.22,100.37,99.86,100.11,30211
2024-01-01 09:35:00,100.17,100.26,99.94,100.1,63647
2024-01-01 09:36:00,100.06,100.47,99.88,100.18,48997
2024-01-01 09:37:00,100.19,100.45,99.94,100.22,45586
2024-01-01 09:38:00,100.2,100.3,100.09,100.2,86273
2024-01-01 09:39:00,100.2,100.46,99.96,100.22,22666
2024-01-01 09:40:00,100.2,100.27,100.06,100.2,23336
2024-01-01 09:41:00,100.16,100.33,99.9,100.18,49971
2024-01-01 09:42:00,100.21,100.37,99.91,100.19,18426
2024-01-01 09:43:00,100.25,100.55,99.85,100.09,35653
2024-01-01 09:44:00,100.17,100.39,99.86,100.01,12580
2024-01-01 09:45:00,99.94,100.05,99.75,99.98,2254
2024-01-01 09:46:00,100.04,100.18,99.79,99.93,40049
2024-01-01 09:47:00,99.88,100.17,99.71,99.94,4681
2024-01-01 09:48:00,99.93,100.17,99.75,99.9,10947
2024-01-01 09:49:00,99.98,100.07,99.66,99.83,50011
2024-01-01 09:50:00,99.82,100.19,99.57,99.9,50602
2024-01-01 09:51:00,99.84,99.99,99.69,99.89,71344
2024-01-01 09:52:00,99.82,100.18,99.74,99.89,2922
2024-01-01 09:53:00,99.89,100.0,99.71,99.82,29614
2024-01-01 09:54:00,99.88,100.07,99.64,99.8,17022
2024-01-01 09:55:00,99.9,99.96,99.59,99.8,59172
2024-01-01 09:56:00,99.86,99.93,99.54,99.74,96409
2024-01-01 09:57:00,99.82,100.0,99.59,99.76,5949
2024-01-01 09:58:00,99.81,99.88,99.52,99.73,22379
2024-01-01 09:59:00,99.81,99.97,99.57,99.72,50646
2024-01-01 10:00:00,99.63,99.89,99.43,99.69,15709
2024-01-01 10:01:00,99.77,99.83,99.69,99.78,126209
2024-01-01 10:02:00,99.76,99.89,99.54,99.78,14743
2024-01-01 10:03:00,99.86,100.06,99.49,99.73,16314
2024-01-01 10:04:00,99.64,100.0,99.38,99.77,7530
2024-01-01 10:05:00,99.81,99.96,99.57,99.71,25691
2024-01-01 10:06:00,99.75,100.01,99.61,99.72,1076
2024-01-01 10:07:00,99.82,99.98,99.52,99.62,17192
2024-01-01 10:08:00,99.67,99.95,99.4,99.55,78352
2024-01-01 10:09:00,99.53,99.67,99.31,99.56,5449
2024-01-01 10:10:00,99.58,99.71,99.29,99.6,4366
2024-01-01 10:11:00,99.57,99.75,99.36,99.61,67253
2024-01-01 10:12:00,99.55,99.74,99.3,99.6,77010
2024-01-01 10:13:00,99.55,99.86,99.31,99.59,5677
2024-01-01 10:14:00,99.53,99.79,99.44,99.51,124585
2024-01-01 10:15:00,99.52,99.8,99.27,99.48,33943
2024-01-01 10:16:00,99.56,99.83,99.24,99.46,62864
2024-01-01 10:17:00,99.54,99.64,99.31,99.51,9977
2024-01-01 10:18:00,99.42,99.6,99.2,99.53,97641
2024-01-01 10:19:00,99.44,99.59,99.35,99.44,16847
2024-01-01 10:20:00,99.39,99.75,99.11,99.45,16122
2024-01-01 10:21:00,99.41,99.71,99.16,99.43,35681
2024-01-01 10:22:00,99.35,99.62,99.14,99.4,14882
2024-01-01 10:23:00,99.38,99.51,99.11,99.43,4814
2024-01-01 10:24:00,99.45,99.75,99.21,99.48,25128
2024-01-01 10:25:00,99.5,99.81,99.31,99.53,16022
2024-01-01 10:26:00,99.54,99.7,99.2,99.49,10219
2024-01-01 10:27:00,99.46,99.64,99.25,99.47,76155
2024-01-01 10:28:00,99.51,99.66,99.28,99.49,240945
2024-01-01 10:29:00,99.55,99.78,99.33,99.54,8785
2024-01-01 10:30:00,99.51,99.69,99.38,99.51,26834
2024-01-01 10:31:00,99.43,99.71,99.16,99.5,14787
2024-01-01 10:32:00,99.46,99.51,99.37,99.45,217162
2024-01-01 10:33:00,99.38,99.47,99.1,99.39,36016
2024-01-01 10:34:00,99.38,99.64,99.1,99.43,55656
2024-01-01 10:35:00,99.36,99.69,99.2,99.5,71813
2024-01-01 10:36:00,99.49,99.74,99.4,99.49,25088
2024-01-01 10:37:00,99.44,99.69,99.27,99.54,18280
2024-01-01 10:38:00,99.59,99.72,99.42,99.56,100602
2024-01-01 10:39:00,99.47,99.6,99.37,99.53,47948
2024-01-01 10:40:00,99.54,99.68,99.29,99.55,9453
2024-01-01 10:41:00,99.48,99.72,99.35,99.62,10676
2024-01-01 10:42:00,99.52,99.69,99.34,99.62,14918
2024-01-01 10:43:00,99.7,99.9,99.43,99.7,70208
2024-01-01 10:44:00,99.73,99.99,99.45,99.57,96129
2024-01-01 10:45:00,99.49,99.69,99.4,99.61,189421
2024-01-01 10:46:00,99.64,99.93,99.4,99.62,10843
2024-01-01 10:47:00,99.64,99.7,99.52,99.6,25341
2024-01-01 10:48:00,99.59,99.78,99.49,99.6,14761
2024-01-01 10:49:00,99.59,99.84,99.31,99.51,18354
2024-01-01 10:50:00,99.58,99.79,99.33,99.49,55819
2024-01-01 10:51:00,99.44,99.63,99.25,99.51,21038
2024-01-01 10:52:00,99.49,99.81,99.35,99.59,82113
2024-01-01 10:53:00,99.55,99.74,99.29,99.56,13143
2024-01-01 10:54:00,99.61,99.7,99.33,99.52,46231
2024-01-01 10:55:00,99.6,99.74,99.27,99.5,14146
2024-01-01 10:56:00,99.56,99.62,99.32,99.54,3507
2024-01-01 10:57:00,99.6,99.68,99.49,99.56,7930
2024-01-01 10:58:00,99.65,99.88,99.32,99.53,24937
2024-01-01 10:59:00,99.57,99.84,99.38,99.56,150466
2024-01-01 11:00:00,99.61,99.79,99.34,99.56,13910
2024-01-01 11:01:00,99.66,99.79,99.55,99.61,18598
2024-01-01 11:02:00,99.51,99.68,99.4,99.57,35942
2024-01-01 11:03:00,99.6,99.73,99.27,99.56,12095
2024-01-01 11:04:00,99.61,99.86,99.26,99.54,13578
2024-01-01 11:05:00,99.62,99.92,99.31,99.47,23673
2024-01-01 11:06:00,99.54,99.65,99.29,99.48,14234
2024-01-01 11:07:00,99.55,99.82,99.33,99.49,3703
2024-01-01 11:08:00,99.58,99.76,99.41,99.49,11496
2024-01-01 11:09:00,99.5,99.66,99.34,99.48,40738
2024-01-01 11:10:00,99.38,99.55,99.11,99.41,42024
2024-01-01 11:11:00,99.31,99.46,99.02,99.39,83803
2024-01-01 11:12:00,99.4,99.45,99.09,99.37,77306
2024-01-01 11:13:00,99.36,99.55,99.11,99.33,8953
2024-01-01 11:14:00,99.32,99.42,99.11,99.33,10452
2024-01-01 11:15:00,99.31,99.61,99.22,99.35,10924
2024-01-01 11:16:00,99.43,99.52,99.3,99.44,18919
2024-01-01 11:17:00,99.41,99.54,99.33,99.45,11810
2024-01-01 11:18:00,99.52,99.74,99.36,99.46,18499
2024-01-01 11:19:00,99.54,99.76,99.19,99.46,9207
2024-01-01 11:20:00,99.46,99.67,99.28,99.36,48262
2024-01-01 11:21:00,99.35,99.55,99.2,99.36,8535
2024-01-01 11:22:00,99.41,99.55,99.24,99.36,8122
2024-01-01 11:23:00,99.41,99.77,99.17,99.49,37057
2024-01-01 11:24:00,99.45,99.56,99.28,99.48,45356
2024-01-01 11:25:00,99.4,99.62,99.1,99.49,17586
2024-01-01 11:26:00,99.44,99.78,99.32,99.49,52522
2024-01-01 11:27:00,99.42,99.57,99.22,99.43,48863
2024-01-01 11:28:00,99.39,99.66,99.29,99.49,147139
2024-01-01 11:29:00,99.44,99.74,99.31,99.53,45840
2024-01-01 11:30:00,99.55,99.78,99.41,99.57,121443
2024-01-01 11:31:00,99.66,99.88,99.3,99.52,23433
2024-01-01 11:32:00,99.56,99.77,99.33,99.59,89288
2024-01-01 11:33:00,99.68,99.84,99.44,99.52,91196
2024-01-01 11:34:00,99.58,99.67,99.44,99.55,19098
2024-01-01 11:35:00,99.59,99.72,99.37,99.66,11064
2024-01-01 11:36:00,99.64,99.78,99.54,99.61,13191
2024-01-01 11:37:00,99.57,99.83,99.35,99.58,33360
2024-01-01 11:38:00,99.65,99.81,99.47,99.59,6976
2024-01-01 11:39:00,99.67,99.75,99.4,99.56,13992
2024-01-01 11:40:00,99.55,99.82,99.39,99.48,72928
2024-01-01 11:41:00,99.39,99.68,99.1,99.49,42908
2024-01-01 11:42:00,99.55,99.75,99.28,99.43,2095
2024-01-01 11:43:00,99.39,99.69,99.14,99.46,5810
2024-01-01 11:44:00,99.36,99.61,99.09,99.41,190781
2024-01-01 11:45:00,99.47,99.67,99.22,99.49,71651
2024-01-01 11:46:00,99.49,99.78,99.28,99.45,12296
2024-01-01 11:47:00,99.49,99.69,99.23,99.43,4971
2024-01-01 11:48:00,99.52,99.76,99.22,99.47,6313
2024-01-01 11:49:00,99.48,99.54,99.18,99.41,36649
2024-01-01 11:50:00,99.41,99.67,99.19,99.42,159042
2024-01-01 11:51:00,99.38,99.72,99.32,99.49,149232
2024-01-01 11:52:00,99.45,99.61,99.16,99.41,4556
2024-01-01 11:53:00,99.47,99.75,99.31,99.42,16386
2024-01-01 11:54:00,99.41,99.63,99.16,99.43,9348
2024-01-01 11:55:00,99.37,99.71,99.16,99.47,25259
2024-01-01 11:56:00,99.39,99.46,99.16,99.41,5819
2024-01-01 11:57:00,99.4,99.65,99.11,99.34,12761
2024-01-01 11:58:00,99.34,99.61,99.18,99.37,9253
2024-01-01 11:59:00,99.4,99.7,99.14,99.38,37182
2024-01-01 12:00:00,99.38,99.59,99.1,99.4,13162
2024-01-01 12:01:00,99.33,99.69,99.07,99.41,15196
2024-01-01 12:02:00,99.42,99.61,99.2,99.38,36714
2024-01-01 12:03:00,99.46,99.59,99.28,99.39,113836
2024-01-01 12:04:00,99.32,99.58,99.13,99.41,182731
2024-01-01 12:05:00,99.44,99.55,99.09,99.37,34752
2024-01-01 12:06:00,99.39,99.65,99.21,99.46,20159
2024-01-01 12:07:00,99.51,99.67,99.42,99.49,82145
2024-01-01 12:08:00,99.42,99.7,99.29,99.43,70768
2024-01-01 12:09:00,99.52,99.73,99.26,99.46,53199
2024-01-01 12:10:00,99.48,99.68,99.23,99.41,4539
2024-01-01 12:11:00,99.48,99.58,99.33,99.45,73730
2024-01-01 12:12:00,99.4,99.69,99.16,99.51,31514
2024-01-01 12:13:00,99.56,99.71,99.37,99.47,9011
2024-01-01 12:14:00,99.52,99.6,99.3,99.52,11250
2024-01-01 12:15:00,99.5,99.69,99.41,99.54,39420
2024-01-01 12:16:00,99.51,99.8,99.41,99.58,1787
2024-01-01 12:17:00,99.61,99.85,99.48,99.67,19429
2024-01-01 12:18:00,99.59,99.94,99.48,99.66,11440
2024-01-01 12:19:00,99.71,99.86,99.33,99.62,10332
2024-01-01 12:20:00,99.53,99.71,99.32,99.58,13944
2024-01-01 12:21:00,99.52,99.67,99.44,99.54,5017
2024-01-01 12:22:00,99.57,99.78,99.26,99.53,63100
2024-01-01 12:23:00,99.45,99.71,99.25,99.55,2623
2024-01-01 12:24:00,99.64,99.85,99.41,99.56,26089
2024-01-01 12:25:00,99.64,99.84,99.49,99.61,9437
2024-01-01 12:26:00,99.63,99.77,99.45,99.61,160103
2024-01-01 12:27:00,99.67,99.94,99.53,99.68,22531
2024-01-01 12:28:00,99.76,99.96,99.56,99.67,2635
2024-01-01 12:29:00,99.62,99.91,99.41,99.8,38056
2024-01-01 12:30:00,99.87,100.11,99.67,99.83,7386
2024-01-01 12:31:00,99.77,99.92,99.49,99.79,58976
2024-01-01 12:32:00,99.77,99.86,99.51,99.74,40852
2024-01-01 12:33:00,99.75,99.98,99.53,99.76,96047
2024-01-01 12:34:00,99.8,100.09,99.52,99.75,26556
2024-01-01 12:35:00,99.66,99.91,99.52,99.78,49968
2024-01-01 12:36:00,99.74,99.96,99.69,99.81,22988
2024-01-01 12:37:00,99.83,100.11,99.74,99.8,12214
2024-01-01 12:38:00,99.78,100.0,99.53,99.76,63943
2024-01-01 12:39:00,99.82,100.08,99.5,99.69,6435
2024-01-01 12:40:00,99.72,99.95,99.54,99.66,21241
2024-01-01 12:41:00,99.61,99.94,99.48,99.71,12474
2024-01-01 12:42:00,99.64,99.99,99.55,99.72,51128
2024-01-01 12:43:00,99.74,99.87,99.48,99.66,8546
2024-01-01 12:44:00,99.65,99.91,99.41,99.66,14634
2024-01-01 12:45:00,99.6,99.79,99.51,99.68,23015
2024-01-01 12:46:00,99.65,99.77,99.47,99.64,97511
2024-01-01 12:47:00,99.6,99.83,99.44,99.65,12932
2024-01-01 12:48:00,99.57,99.87,99.41,99.65,14751
2024-01-01 12:49:00,99.66,99.95,99.48,99.59,5720
2024-01-01 12:50:00,99.65,99.85,99.41,99.61,8242
2024-01-01 12:51:00,99.63,99.76,99.47,99.64,33288
2024-01-01 12:52:00,99.7,99.84,99.6,99.69,22744
2024-01-01 12:53:00,99.62,99.91,99.47,99.75,23111
2024-01-01 12:54:00,99.73,99.83,99.51,99.68,125644
2024-01-01 12:55:00,99.7,99.85,99.55,99.63,4136
2024-01-01 12:56:00,99.67,99.75,99.44,99.66,223646
2024-01-01 12:57:00,99.69,99.92,99.4,99.68,71558
2024-01-01 12:58:00,99.73,99.8,99.63,99.71,15902
2024-01-01 12:59:00,99.74,99.96,99.55,99.9,32572
2024-01-01 13:00:00,99.82,100.13,99.67,99.93,11127
2024-01-01 13:01:00,99.97,100.23,99.75,99.98,30310
2024-01-01 13:02:00,100.03,100.33,99.94,100.03,189064
2024-01-01 13:03:00,100.13,100.2,99.95,100.06,11541
2024-01-01 13:04:00,100.1,100.16,99.77,100.05,17465
2024-01-01 13:05:00,100.09,100.21,99.9,100.09,10334
2024-01-01 13:06:00,100.09,100.22,99.94,100.05,12135
2024-01-01 13:07:00,100.12,100.21,99.91,100.04,14725
2024-01-01 13:08:00,100.14,100.34,99.72,100.01,7369
2024-01-01 13:09:00,100.07,100.26,99.83,100.02,16922
2024-01-01 13:10:00,100.04,100.19,99.78,100.13,23253
2024-01-01 13:11:00,100.05,100.11,99.76,100.04,14718
2024-01-01 13:12:00,100.08,100.27,99.98,100.07,2210
2024-01-01 13:13:00,100.11,100.28,99.69,99.99,18876
2024-01-01 13:14:00,100.05,100.17,99.85,99.97,21009
2024-01-01 13:15:00,99.89,100.1,99.69,100.02,146905
2024-01-01 13:16:00,100.05,100.13,99.78,100.03,22625
2024-01-01 13:17:00,99.99,100.27,99.69,99.97,56139
2024-01-01 13:18:00,100.02,100.1,99.75,99.94,14390
2024-01-01 13:19:00,99.88,100.04,99.69,99.97,80674
2024-01-01 13:20:00,100.01,100.26,99.75,99.93,8565
2024-01-01 13:21:00,99.89,100.21,99.64,99.94,36497
2024-01-01 13:22:00,99.85,100.07,99.64,99.95,51040
2024-01-01 13:23:00,99.97,100.03,99.77,99.91,44073
2024-01-01 13:24:00,99.84,100.13,99.55,100.02,191788
2024-01-01 13:25:00,100.05,100.21,99.84,100.05,12278
2024-01-01 13:26:00,100.14,100.37,99.71,99.95,90561
2024-01-01 13:27:00,100.05,100.28,99.84,99.96,69957
2024-01-01 13:28:00,99.91,100.15,99.72,99.93,23143
2024-01-01 13:29:00,99.99,100.19,99.92,99.97,138588
2024-01-01 13:30:00,99.94,100.06,99.65,99.93,19023
2024-01-01 13:31:00,100.01,100.13,99.77,99.93,22523
2024-01-01 13:32:00,99.98,100.08,99.87,99.95,21906
2024-01-01 13:33:00,99.87,100.1,99.68,99.99,6166
2024-01-01 13:34:00,99.98,100.26,99.8,99.93,47170
2024-01-01 13:35:00,99.9,100.05,99.71,99.92,40352
2024-01-01 13:36:00,99.97,100.11,99.62,99.89,19837
2024-01-01 13:37:00,99.88,100.02,99.69,99.86,128352
2024-01-01 13:38:00,99.9,100.13,99.65,99.95,14225
2024-01-01 13:39:00,99.97,100.16,99.86,99.97,3905
2024-01-01 13:40:00,100.06,100.15,99.62,99.91,147591
2024-01-01 13:41:00,99.99,100.24,99.9,99.95,60543
2024-01-01 13:42:00,99.94,100.31,99.74,100.06,41193
2024-01-01 13:43:00,100.1,100.29,100.05,100.11,15686
2024-01-01 13:44:00,100.18,100.42,99.93,100.03,31010
2024-01-01 13:45:00,100.11,100.35,99.96,100.01,6245
2024-01-01 13:46:00,99.92,100.32,99.87,100.07,17585
2024-01-01 13:47:00,100.03,100.15,99.92,100.04,8922
2024-01-01 13:48:00,100.0,100.15,99.83,100.06,28620
2024-01-01 13:49:00,100.05,100.22,99.75,100.1,55462
2024-01-01 13:50:00,100.03,100.25,99.84,100.05,7726
2024-01-01 13:51:00,100.05,100.16,99.9,100.05,45474
2024-01-01 13:52:00,100.08,100.16,99.65,99.89,26896
2024-01-01 13:53:00,99.89,100.02,99.6,99.84,43645
2024-01-01 13:54:00,99.87,100.01,99.53,99.82,17288
2024-01-01 13:55:00,99.74,99.85,99.69,99.76,44534
2024-01-01 13:56:00,99.84,100.04,99.55,99.84,10983
2024-01-01 13:57:00,99.93,100.14,99.7,99.77,4095
2024-01-01 13:58:00,99.8,99.98,99.47,99.75,5146
2024-01-01 13:59:00,99.83,99.88,99.66,99.76,13322
2024-01-01 14:00:00,99.68,100.08,99.41,99.83,4391
2024-01-01 14:01:00,99.89,100.11,99.46,99.76,103815
2024-01-01 14:02:00,99.68,99.89,99.49,99.81,20275
2024-01-01 14:03:00,99.8,100.04,99.57,99.82,55230
2024-01-01 14:04:00,99.78,100.03,99.49,99.77,48390
2024-01-01 14:05:00,99.78,99.93,99.72,99.79,22168
2024-01-01 14:06:00,99.75,99.94,99.53,99.8,756555
2024-01-01 14:07:00,99.83,99.93,99.52,99.77,411533
2024-01-01 14:08:00,99.74,99.88,99.69,99.77,88600
2024-01-01 14:09:00,99.84,100.02,99.52,99.75,8908
2024-01-01 14:10:00,99.78,99.92,99.52,99.76,92315
2024-01-01 14:11:00,99.7,99.95,99.61,99.79,3833
2024-01-01 14:12:00,99.76,99.94,99.53,99.87,89031
2024-01-01 14:13:00,99.94,100.09,99.53,99.81,1709
2024-01-01 14:14:00,99.79,100.1,99.65,99.92,16011
2024-01-01 14:15:00,99.92,100.06,99.74,99.82,73800
2024-01-01 14:16:00,99.85,100.05,99.62,99.81,32376
2024-01-01 14:17:00,99.78,100.09,99.68,99.84,5021
2024-01-01 14:18:00,99.8,99.98,99.73,99.85,26115
2024-01-01 14:19:00,99.85,99.97,99.67,99.82,32390
2024-01-01 14:20:00,99.77,100.1,99.55,99.81,27032
2024-01-01 14:21:00,99.77,100.03,99.64,99.79,14657
2024-01-01 14:22:00,99.7,99.84,99.59,99.76,51796
2024-01-01 14:23:00,99.72,99.92,99.52,99.8,69210
2024-01-01 14:24:00,99.77,99.95,99.5,99.82,18879
2024-01-01 14:25:00,99.91,100.21,99.65,99.78,100675
2024-01-01 14:26:00,99.8,100.06,99.59,99.83,18840
2024-01-01 14:27:00,99.89,99.99,99.57,99.84,13496
2024-01-01 14:28:00,99.75,99.99,99.52,99.89,85554
2024-01-01 14:29:00,99.81,100.05,99.67,99.92,82489
2024-01-01 14:30:00,99.98,100.14,99.61,99.88,11847
2024-01-01 14:31:00,99.9,99.99,99.78,99.85,10247
2024-01-01 14:32:00,99.79,100.04,99.72,99.88,128590
2024-01-01 14:33:00,99.87,100.14,99.63,99.92,19877
2024-01-01 14:34:00,99.92,100.19,99.68,99.91,22098
2024-01-01 14:35:00,99.98,100.26,99.68,99.92,17115
2024-01-01 14:36:00,99.83,100.27,99.73,99.98,82587
2024-01-01 14:37:00,100.0,100.18,99.66,99.95,187995
2024-01-01 14:38:00,100.0,100.22,99.71,99.98,23623
2024-01-01 14:39:00,100.08,100.13,99.7,99.97,247142
2024-01-01 14:40:00,100.03,100.26,99.87,99.96,12651
2024-01-01 14:41:00,99.92,100.07,99.8,100.02,16600
2024-01-01 14:42:00,100.06,100.34,99.84,100.06,43178
2024-01-01 14:43:00,100.11,100.39,99.94,100.1,9730
2024-01-01 14:44:00,100.14,100.45,99.98,100.16,42625
2024-01-01 14:45:00,100.23,100.33,100.08,100.16,13114
2024-01-01 14:46:00,100.24,100.54,100.06,100.2,4702
2024-01-01 14:47:00,100.12,100.27,100.07,100.18,3856
2024-01-01 14:48:00,100.1,100.32,99.83,100.2,15933
2024-01-01 14:49:00,100.26,100.44,99.98,100.19,33443
2024-01-01 14:50:00,100.14,100.48,99.96,100.2,5646
2024-01-01 14:51:00,100.11,100.49,99.98,100.23,26333
2024-01-01 14:52:00,100.21,100.5,100.12,100.19,26407
2024-01-01 14:53:00,100.25,100.52,100.03,100.29,18626
2024-01-01 14:54:00,100.22,100.34,100.07,100.24,8723
2024-01-01 14:55:00,100.27,100.4,100.11,100.18,28007
2024-01-01 14:56:00,100.08,100.43,99.78,100.24,19104
2024-01-01 14:57:00,100.16,100.47,99.97,100.28,58790
2024-01-01 14:58:00,100.25,100.37,100.16,100.31,6046
2024-01-01 14:59:00,100.23,100.52,99.93,100.34,24685
2024-01-01 15:00:00,100.41,100.68,100.2,100.34,6174
2024-01-01 15:01:00,100.41,100.6,100.11,100.29,17377
2024-01-01 15:02:00,100.35,100.57,100.08,100.3,7368
2024-01-01 15:03:00,100.25,100.51,100.19,100.26,8801
2024-01-01 15:04:00,100.27,100.6,100.2,100.31,21941
2024-01-01 15:05:00,100.25,100.48,99.97,100.31,12511
2024-01-01 15:06:00,100.26,100.44,100.2,100.26,95482
2024-01-01 15:07:00,100.27,100.38,100.05,100.25,71622
2024-01-01 15:08:00,100.3,100.37,100.11,100.27,49254
2024-01-01 15:09:00,100.19,100.37,99.93,100.24,48288
2024-01-01 15:10:00,100.2,100.28,99.98,100.2,25090
2024-01-01 15:11:00,100.29,100.44,100.01,100.21,81210
2024-01-01 15:12:00,100.2,100.33,99.99,100.22,16415
2024-01-01 15:13:00,100.31,100.53,100.13,100.2,183390
2024-01-01 15:14:00,100.3,100.55,99.91,100.18,8585
2024-01-01 15:15:00,100.18,100.25,99.98,100.19,7123
2024-01-01 15:16:00,100.14,100.34,100.06,100.11,5459
2024-01-01 15:17:00,100.17,100.31,99.75,100.04,6497
2024-01-01 15:18:00,99.98,100.2,99.69,100.01,4318
2024-01-01 15:19:00,99.96,100.22,99.9,100.0,27285
2024-01-01 15:20:00,100.05,100.12,99.78,100.01,51731
2024-01-01 15:21:00,100.0,100.28,99.92,100.09,22791
2024-01-01 15:22:00,100.03,100.33,99.77,100.13,5512
2024-01-01 15:23:00,100.16,100.4,100.01,100.12,13771
2024-01-01 15:24:00,100.17,100.28,99.83,100.12,51097
2024-01-01 15:25:00,100.05,100.34,99.92,100.07,15647
2024-01-01 15:26:00,100.03,100.33,99.94,100.07,9913
2024-01-01 15:27:00,100.01,100.15,99.92,100.06,4847
2024-01-01 15:28:00,100.03,100.14,99.77,100.07,14432
2024-01-01 15:29:00,100.12,100.32,99.91,100.03,10910
2024-01-01 15:30:00,100.07,100.33,99.8,100.06,20203
2024-01-01 15:31:00,100.09,100.21,99.88,100.13,35467
2024-01-01 15:32:00,100.03,100.36,99.8,100.13,16606
2024-01-01 15:33:00,100.06,100.38,99.96,100.15,26497
2024-01-01 15:34:00,100.09,100.31,99.83,100.18,35312
2024-01-01 15:35:00,100.14,100.44,100.02,100.16,6439
2024-01-01 15:36:00,100.09,100.23,99.83,100.17,145225
2024-01-01 15:37:00,100.15,100.32,100.02,100.17,10494
2024-01-01 15:38:00,100.09,100.32,99.93,100.18,36921
2024-01-01 15:39:00,100.23,100.37,99.95,100.14,7072
2024-01-01 15:40:00,100.2,100.27,99.85,100.14,24591
2024-01-01 15:41:00,100.16,100.45,99.87,100.17,25507
2024-01-01 15:42:00,100.08,100.51,99.87,100.24,115739
2024-01-01 15:43:00,100.32,100.42,100.22,100.29,17454
2024-01-01 15:44:00,100.38,100.47,100.25,100.39,80778
2024-01-01 15:45:00,100.33,100.53,100.04,100.36,29450
2024-01-01 15:46:00,100.4,100.56,100.22,100.4,140379
2024-01-01 15:47:00,100.47,100.69,100.31,100.41,3714
2024-01-01 15:48:00,100.42,100.8,100.23,100.52,35673
2024-01-01 15:49:00,100.48,100.6,100.19,100.48,1520
2024-01-01 15:50:00,100.47,100.68,100.26,100.44,20783
2024-01-01 15:51:00,100.44,100.63,100.17,100.41,61144
2024-01-01 15:52:00,100.39,100.48,100.03,100.3,93490
2024-01-01 15:53:00,100.39,100.68,100.08,100.27,46102
2024-01-01 15:54:00,100.32,100.54,99.97,100.24,16472
2024-01-01 15:55:00,100.18,100.39,99.88,100.24,37991
2024-01-01 15:56:00,100.26,100.48,100.1,100.26,272767
2024-01-01 15:57:00,100.3,100.57,100.12,100.35,23750
2024-01-01 15:58:00,100.28,100.48,100.03,100.4,57586
2024-01-01 15:59:00,100.37,100.57,100.12,100.37,14337
2024-01-01 16:00:00,100.45,100.54,100.14,100.33,64242
2024-01-01 16:01:00,100.34,100.59,100.04,100.35,54505
2024-01-01 16:02:00,100.3,100.57,100.02,100.29,11961
2024-01-01 16:03:00,100.21,100.49,99.95,100.38,47920
2024-01-01 16:04:00,100.38,100.53,100.28,100.44,50250
2024-01-01 16:05:00,100.45,100.52,100.15,100.41,46163
2024-01-01 16:06:00,100.38,100.46,100.24,100.33,21138
2024-01-01 16:07:00,100.35,100.51,100.16,100.4,75289
2024-01-01 16:08:00,100.31,100.66,100.15,100.39,8647
2024-01-01 16:09:00,100.32,100.64,100.23,100.45,22242
2024-01-01 16:10:00,100.46,100.58,100.29,100.37,24622
2024-01-01 16:11:00,100.28,100.49,100.09,100.34,71066
2024-01-01 16:12:00,100.42,100.54,100.08,100.34,8379
2024-01-01 16:13:00,100.27,100.64,100.19,100.34,28031
2024-01-01 16:14:00,100.38,100.43,100.07,100.32,13462
2024-01-01 16:15:00,100.3,100.45,100.16,100.35,24574
2024-01-01 16:16:00,100.33,100.48,100.02,100.3,32607
2024-01-01 16:17:00,100.35,100.57,100.23,100.29,6133
2024-01-01 16:18:00,100.29,100.35,100.19,100.3,77968
2024-01-01 16:19:00,100.34,100.47,100.15,100.32,33786
2024-01-01 16:20:00,100.33,100.62,100.2,100.36,9333
2024-01-01 16:21:00,100.38,100.52,100.17,100.3,15659
2024-01-01 16:22:00,100.36,100.41,99.94,100.23,98144
2024-01-01 16:23:00,100.25,100.38,100.13,100.29,33384
2024-01-01 16:24:00,100.31,100.4,100.13,100.31,8392
2024-01-01 16:25:00,100.37,100.65,100.19,100.27,10061
2024-01-01 16:26:00,100.36,100.52,100.29,100.35,41142
2024-01-01 16:27:00,100.32,100.6,100.11,100.35,46387
2024-01-01 16:28:00,100.37,100.64,100.2,100.41,31661
2024-01-01 16:29:00,100.33,100.69,100.18,100.42,16457
2024-01-01 16:30:00,100.39,100.7,100.16,100.52,49497
2024-01-01 16:31:00,100.5,100.79,100.4,100.61,16124
2024-01-01 16:32:00,100.68,100.81,100.52,100.6,9370
2024-01-01 16:33:00,100.6,100.8,100.39,100.64,107647
2024-01-01 16:34:00,100.69,100.77,100.47,100.68,35910
2024-01-01 16:35:00,100.58,101.02,100.44,100.75,10048
2024-01-01 16:36:00,100.74,100.84,100.42,100.7,25191
2024-01-01 16:37:00,100.78,101.0,100.65,100.73,22635
2024-01-01 16:38:00,100.68,100.94,100.46,100.78,15523
2024-01-01 16:39:00,100.69,100.89,100.48,100.7,27821
2024-01-01 16:40:00,100.68,100.88,100.39,100.64,8703
2024-01-01 16:41:00,100.68,100.81,100.31,100.53,52766
2024-01-01 16:42:00,100.52,100.82,100.37,100.52,21891
2024-01-01 16:43:00,100.51,100.81,100.4,100.56,4405
2024-01-01 16:44:00,100.59,100.75,100.31,100.63,17533
2024-01-01 16:45:00,100.58,100.69,100.48,100.64,11898
2024-01-01 16:46:00,100.69,100.89,100.54,100.72,1107
2024-01-01 16:47:00,100.65,100.86,100.55,100.65,18848
2024-01-01 16:48:00,100.63,100.7,100.42,100.56,62117
2024-01-01 16:49:00,100.59,100.78,100.37,100.56,19775
2024-01-01 16:50:00,100.63,100.83,100.39,100.58,44718
2024-01-01 16:51:00,100.64,100.75,100.34,100.58,22214
2024-01-01 16:52:00,100.62,100.69,100.37,100.47,13955
2024-01-01 16:53:00,100.45,100.71,100.32,100.47,10597
2024-01-01 16:54:00,100.39,100.58,100.26,100.4,6107
2024-01-01 16:55:00,100.35,100.61,100.21,100.44,55590
2024-01-01 16:56:00,100.51,100.81,100.32,100.46,45740
2024-01-01 16:57:00,100.53,100.74,100.14,100.41,16675
2024-01-01 16:58:00,100.5,100.71,100.19,100.38,2909
2024-01-01 16:59:00,100.3,100.52,100.12,100.33,35315
2024-01-01 17:00:00,100.34,100.59,100.26,100.33,8912
2024-01-01 17:01:00,100.36,100.65,100.16,100.37,25435
2024-01-01 17:02:00,100.42,100.68,100.27,100.32,4716
2024-01-01 17:03:00,100.35,100.62,100.27,100.35,24149
2024-01-01 17:04:00,100.4,100.64,100.17,100.32,19315
2024-01-01 17:05:00,100.3,100.52,100.08,100.28,1978
2024-01-01 17:06:00,100.22,100.37,100.04,100.28,111074
2024-01-01 17:07:00,100.22,100.35,100.03,100.23,15903
2024-01-01 17:08:00,100.13,100.43,100.06,100.2,16995
2024-01-01 17:09:00,100.17,100.35,99.93,100.14,37596
2024-01-01 17:10:00,100.06,100.36,99.77,100.24,20938
2024-01-01 17:11:00,100.2,100.42,100.11,100.24,31697
2024-01-01 17:12:00,100.26,100.34,100.02,100.2,7013
2024-01-01 17:13:00,100.28,100.43,100.12,100.21,19107
2024-01-01 17:14:00,100.28,100.34,100.02,100.21,3263
2024-01-01 17:15:00,100.16,100.4,100.07,100.2,17367
2024-01-01 17:16:00,100.12,100.43,99.84,100.23,93439
2024-01-01 17:17:00,100.17,100.56,99.89,100.27,4885
2024-01-01 17:18:00,100.36,100.61,100.14,100.24,15510
2024-01-01 17:19:00,100.25,100.34,100.05,100.21,2633
2024-01-01 17:20:00,100.15,100.4,99.88,100.2,22202
2024-01-01 17:21:00,100.27,100.37,99.91,100.08,35107
2024-01-01 17:22:00,100.06,100.27,99.85,100.01,32321
2024-01-01 17:23:00,100.09,100.25,99.97,100.07,12065
2024-01-01 17:24:00,100.03,100.45,99.86,100.16,2580
2024-01-01 17:25:00,100.14,100.33,100.03,100.14,6364
2024-01-01 17:26:00,100.15,100.35,100.03,100.17,77379
2024-01-01 17:27:00,100.25,100.35,100.07,100.19,53049
2024-01-01 17:28:00,100.26,100.39,100.07,100.34,20103
2024-01-01 17:29:00,100.36,100.55,100.08,100.4,25907
2024-01-01 17:30:00,100.34,100.45,100.28,100.39,7882
2024-01-01 17:31:00,100.37,100.65,100.26,100.35,80068
2024-01-01 17:32:00,100.44,100.49,100.17,100.26,10730
2024-01-01 17:33:00,100.29,100.54,100.02,100.28,34107
2024-01-01 17:34:00,100.33,100.47,100.02,100.24,5837
2024-01-01 17:35:00,100.23,100.4,99.89,100.17,18431
2024-01-01 17:36:00,100.17,100.24,99.88,100.13,76759
2024-01-01 17:37:00,100.12,100.21,99.93,100.08,8544
2024-01-01 17:38:00,100.12,100.26,99.89,100.16,46600
2024-01-01 17:39:00,100.23,100.45,100.02,100.21,7474
2024-01-01 17:40:00,100.21,100.43,100.0,100.21,8938
2024-01-01 17:41:00,100.2,100.53,100.09,100.28,21829
2024-01-01 17:42:00,100.25,100.44,100.16,100.29,58199
2024-01-01 17:43:00,100.22,100.4,99.99,100.24,16347
2024-01-01 17:44:00,100.33,100.55,100.09,100.32,40887
2024-01-01 17:45:00,100.28,100.47,100.07,100.35,69157
2024-01-01 17:46:00,100.41,100.55,100.01,100.29,10186
2024-01-01 17:47:00,100.34,100.47,100.08,100.28,4792
2024-01-01 17:48:00,100.34,100.58,99.96,100.24,15436
2024-01-01 17:49:00,100.33,100.49,100.03,100.17,78675
2024-01-01 17:50:00,100.2,100.38,100.06,100.22,9772
2024-01-01 17:51:00,100.3,100.53,100.01,100.31,60775
2024-01-01 17:52:00,100.25,100.33,100.05,100.24,16941
2024-01-01 17:53:00,100.27,100.55,100.19,100.27,127543
2024-01-01 17:54:00,100.33,100.5,99.97,100.24,208026
2024-01-01 17:55:00,100.19,100.49,100.01,100.21,61787
2024-01-01 17:56:00,100.26,100.32,100.11,100.18,4244
2024-01-01 17:57:00,100.24,100.44,100.06,100.14,1991
2024-01-01 17:58:00,100.21,100.3,99.9,100.14,23416
2024-01-01 17:59:00,100.11,100.34,99.84,100.1,54537
2024-01-01 18:00:00,100.14,100.22,100.02,100.12,36352
2024-01-01 18:01:00,100.08,100.37,99.85,100.11,10682
2024-01-01 18:02:00,100.16,100.41,99.8,100.1,4984
2024-01-01 18:03:00,100.09,100.36,99.88,100.06,55814
2024-01-01 18:04:00,100.08,100.2,99.83,100.03,141294
2024-01-01 18:05:00,100.01,100.27,99.88,100.06,11270
2024-01-01 18:06:00,100.0,100.33,99.92,100.09,50272
2024-01-01 18:07:00,100.03,100.29,99.97,100.04,297429
2024-01-01 18:08:00,99.96,100.22,99.69,100.05,18220
2024-01-01 18:09:00,100.07,100.16,99.89,100.08,18592
2024-01-01 18:10:00,100.15,100.24,99.73,100.0,38550
2024-01-01 18:11:00,99.9,100.29,99.62,100.03,16574
2024-01-01 18:12:00,99.94,100.26,99.71,99.99,84055
2024-01-01 18:13:00,99.99,100.12,99.86,100.02,14705
2024-01-01 18:14:00,100.07,100.24,99.79,99.98,21353
2024-01-01 18:15:00,99.92,100.16,99.79,99.89,5205
2024-01-01 18:16:00,99.85,99.93,99.64,99.81,17403
2024-01-01 18:17:00,99.76,99.9,99.54,99.82,8041
2024-01-01 18:18:00,99.8,100.02,99.56,99.83,31134
2024-01-01 18:19:00,99.77,99.85,99.48,99.78,4170
2024-01-01 18:20:00,99.75,99.86,99.62,99.82,58681
2024-01-01 18:21:00,99.86,100.08,99.67,99.73,9217
2024-01-01 18:22:00,99.75,99.82,99.66,99.73,131154
2024-01-01 18:23:00,99.65,99.86,99.37,99.67,86747
2024-01-01 18:24:00,99.7,99.88,99.44,99.64,37633
2024-01-01 18:25:00,99.63,99.77,99.58,99.64,4731
2024-01-01 18:26:00,99.72,99.78,99.32,99.6,11755
2024-01-01 18:27:00,99.55,99.65,99.25,99.58,8988
2024-01-01 18:28:00,99.62,99.72,99.4,99.63,10187
2024-01-01 18:29:00,99.67,99.96,99.46,99.6,106594
2024-01-01 18:30:00,99.54,99.87,99.41,99.64,18908
2024-01-01 18:31:00,99.72,99.85,99.48,99.58,11408
2024-01-01 18:32:00,99.58,99.86,99.47,99.61,10426
2024-01-01 18:33:00,99.65,99.8,99.35,99.68,12941
2024-01-01 18:34:00,99.61,99.74,99.4,99.56,37519
2024-01-01 18:35:00,99.51,99.81,99.37,99.52,4328
2024-01-01 18:36:00,99.54,99.69,99.28,99.55,24298
2024-01-01 18:37:00,99.51,99.66,99.4,99.54,33642
2024-01-01 18:38:00,99.54,99.71,99.31,99.56,3884
2024-01-01 18:39:00,99.53,99.59,99.38,99.53,5337
2024-01-01 18:40:00,99.55,99.69,99.42,99.53,21000
2024-01-01 18:41:00,99.53,99.74,99.4,99.52,93058
2024-01-01 18:42:00,99.42,99.78,99.25,99.58,73330
2024-01-01 18:43:00,99.61,99.71,99.48,99.59,11986
2024-01-01 18:44:00,99.58,99.7,99.51,99.61,90155
2024-01-01 18:45:00,99.58,99.79,99.36,99.59,16000
2024-01-01 18:46:00,99.51,99.66,99.31,99.56,15863
2024-01-01 18:47:00,99.51,99.84,99.44,99.54,24197
2024-01-01 18:48:00,99.49,99.73,99.26,99.56,50994
2024-01-01 18:49:00,99.65,99.71,99.3,99.54,11980
2024-01-01 18:50:00,99.53,99.85,99.46,99.56,14793
2024-01-01 18:51:00,99.47,99.91,99.32,99.66,6322
2024-01-01 18:52:00,99.59,99.79,99.42,99.7,31289
2024-01-01 18:53:00,99.62,99.75,99.44,99.69,56013
2024-01-01 18:54:00,99.7,99.8,99.47,99.75,59553
2024-01-01 18:55:00,99.68,99.9,99.52,99.73,5616
2024-01-01 18:56:00,99.73,99.83,99.49,99.63,15019
2024-01-01 18:57:00,99.6,99.69,99.34,99.57,76532
2024-01-01 18:58:00,99.64,99.73,99.28,99.48,27782
2024-01-01 18:59:00,99.45,99.58,99.23,99.46,22790
2024-01-01 19:00:00,99.46,99.65,99.3,99.47,22259
2024-01-01 19:01:00,99.51,99.77,99.36,99.55,37852
2024-01-01 19:02:00,99.54,99.82,99.3,99.56,29316
2024-01-01 19:03:00,99.62,99.81,99.29,99.55,12389
2024-01-01 19:04:00,99.59,99.85,99.4,99.6,53159
2024-01-01 19:05:00,99.58,99.64,99.29,99.49,6615
2024-01-01 19:06:00,99.49,99.63,99.3,99.5,82629
2024-01-01 19:07:00,99.59,99.8,99.33,99.54,8991
2024-01-01 19:08:00,99.57,99.78,99.24,99.46,38096
2024-01-01 19:09:00,99.54,99.62,99.42,99.52,18680
2024-01-01 19:10:00,99.45,99.74,99.3,99.54,13679
2024-01-01 19:11:00,99.53,99.77,99.43,99.51,85611
2024-01-01 19:12:00,99.6,99.69,99.36,99.55,46300
2024-01-01 19:13:00,99.51,99.83,99.39,99.66,20765
2024-01-01 19:14:00,99.75,99.9,99.61,99.67,126142
2024-01-01 19:15:00,99.59,99.74,99.51,99.68,58673
2024-01-01 19:16:00,99.76,99.95,99.39,99.66,9843
2024-01-01 19:17:00,99.65,99.76,99.56,99.62,2297
2024-01-01 19:18:00,99.53,99.88,99.27,99.66,24510
2024-01-01 19:19:00,99.73,99.82,99.47,99.61,87859
2024-01-01 19:20:00,99.56,99.71,99.49,99.62,40564
2024-01-01 19:21:00,99.52,99.81,99.23,99.59,106293
2024-01-01 19:22:00,99.52,99.84,99.23,99.62,12108
2024-01-01 19:23:00,99.65,99.81,99.36,99.63,19590
2024-01-01 19:24:00,99.73,99.83,99.61,99.69,20071
2024-01-01 19:25:00,99.61,99.89,99.47,99.66,28035
2024-01-01 19:26:00,99.65,99.78,99.43,99.65,47450
2024-01-01 19:27:00,99.58,99.73,99.39,99.6,112687
2024-01-01 19:28:00,99.65,99.77,99.33,99.58,139064
2024-01-01 19:29:00,99.5,99.72,99.32,99.6,116607
2024-01-01 19:30:00,99.54,99.69,99.3,99.63,43005
2024-01-01 19:31:00,99.57,99.79,99.47,99.59,15642
2024-01-01 19:32:00,99.6,99.73,99.48,99.63,27609
2024-01-01 19:33:00,99.7,99.9,99.51,99.7,42413
2024-01-01 19:34:00,99.7,99.84,99.48,99.72,25211
2024-01-01 19:35:00,99.63,100.08,99.57,99.81,8832
2024-01-01 19:36:00,99.82,99.98,99.58,99.77,13872
2024-01-01 19:37:00,99.83,100.03,99.66,99.71,52472
2024-01-01 19:38:00,99.64,99.74,99.56,99.62,17214
2024-01-01 19:39:00,99.54,99.89,99.33,99.7,22565
2024-01-01 19:40:00,99.64,99.82,99.5,99.73,20365
2024-01-01 19:41:00,99.78,99.91,99.47,99.73,9025
2024-01-01 19:42:00,99.75,99.84,99.55,99.74,18559
2024-01-01 19:43:00,99.75,99.99,99.43,99.69,13935
2024-01-01 19:44:00,99.64,100.02,99.51,99.81,11028
2024-01-01 19:45:00,99.77,100.07,99.54,99.81,7644
2024-01-01 19:46:00,99.91,100.13,99.75,99.82,19918
2024-01-01 19:47:00,99.77,99.92,99.54,99.86,40870
2024-01-01 19:48:00,99.94,100.22,99.64,99.88,67547
2024-01-01 19:49:00,99.9,100.15,99.7,99.89,5463
2024-01-01 19:50:00,99.82,99.98,99.6,99.85,109798
2024-01-01 19:51:00,99.84,100.1,99.63,99.87,29523
2024-01-01 19:52:00,99.96,100.26,99.82,99.97,7136
2024-01-01 19:53:00,99.95,100.1,99.68,100.04,14710
2024-01-01 19:54:00,100.11,100.21,99.88,100.12,3369
2024-01-01 19:55:00,100.07,100.36,99.94,100.09,4351
2024-01-01 19:56:00,100.1,100.36,99.91,100.04,123182
2024-01-01 19:57:00,100.11,100.36,99.97,100.03,10945
2024-01-01 19:58:00,100.12,100.33,99.82,100.04,37680
2024-01-01 19:59:00,100.03,100.26,99.81,100.09,19708
2024-01-01 20:00:00,100.12,100.4,99.77,100.01,22422
2024-01-01 20:01:00,99.91,100.37,99.75,100.08,31825
2024-01-01 20:02:00,100.03,100.26,99.92,100.08,2740
2024-01-01 20:03:00,100.03,100.35,99.97,100.05,82334
2024-01-01 20:04:00,99.97,100.14,99.85,100.0,19956
2024-01-01 20:05:00,99.96,100.11,99.64,99.92,13302
2024-01-01 20:06:00,99.89,100.1,99.61,99.96,35172
2024-01-01 20:07:00,100.06,100.21,99.7,99.97,10709
2024-01-01 20:08:00,100.0,100.18,99.77,99.9,27125
2024-01-01 20:09:00,99.89,100.05,99.68,99.84,18668
2024-01-01 20:10:00,99.93,100.05,99.7,99.82,44846
2024-01-01 20:11:00,99.75,100.0,99.62,99.9,17783
2024-01-01 20:12:00,99.9,100.1,99.74,99.89,7863
2024-01-01 20:13:00,99.92,100.15,99.52,99.82,31645
2024-01-01 20:14:00,99.73,99.95,99.56,99.8,16804
2024-01-01 20:15:00,99.85,99.94,99.64,99.79,3565
2024-01-01 20:16:00,99.71,99.94,99.55,99.65,26840
2024-01-01 20:17:00,99.58,99.75,99.44,99.65,12868
2024-01-01 20:18:00,99.58,99.89,99.38,99.64,31124
2024-01-01 20:19:00,99.73,100.01,99.4,99.68,9366
2024-01-01 20:20:00,99.71,99.85,99.65,99.77,6592
2024-01-01 20:21:00,99.8,99.97,99.62,99.82,71691
2024-01-01 20:22:00,99.83,100.01,99.73,99.81,51182
2024-01-01 20:23:00,99.77,99.85,99.69,99.75,21882
2024-01-01 20:24:00,99.78,100.15,99.49,99.88,34124
2024-01-01 20:25:00,99.87,99.97,99.76,99.89,49534
2024-01-01 20:26:00,99.82,99.96,99.55,99.89,21803
2024-01-01 20:27:00,99.92,100.21,99.77,99.89,6578
2024-01-01 20:28:00,99.81,100.02,99.67,99.9,29716
2024-01-01 20:29:00,99.83,100.06,99.61,99.89,60007
2024-01-01 20:30:00,99.95,100.13,99.57,99.86,39862
2024-01-01 20:31:00,99.89,99.97,99.58,99.83,23372
2024-01-01 20:32:00,99.86,99.99,99.69,99.83,38765
2024-01-01 20:33:00,99.81,100.04,99.52,99.8,17619
2024-01-01 20:34:00,99.78,100.01,99.52,99.77,62578
2024-01-01 20:35:00,99.81,100.04,99.64,99.77,84726
2024-01-01 20:36:00,99.82,100.06,99.52,99.76,6025
2024-01-01 20:37:00,99.76,100.02,99.58,99.84,67234
2024-01-01 20:38:00,99.93,100.17,99.45,99.7,206340
2024-01-01 20:39:00,99.79,99.93,99.51,99.76,37256
2024-01-01 20:40:00,99.74,100.07,99.63,99.82,58909
2024-01-01 20:41:00,99.88,100.11,99.62,99.72,11532
2024-01-01 20:42:00,99.73,99.8,99.51,99.7,13310
2024-01-01 20:43:00,99.7,99.98,99.62,99.68,17863
2024-01-01 20:44:00,99.59,99.87,99.42,99.61,14728
2024-01-01 20:45:00,99.63,99.89,99.31,99.57,5932
2024-01-01 20:46:00,99.65,99.92,99.28,99.52,18533
2024-01-01 20:47:00,99.57,99.86,99.48,99.6,50837
2024-01-01 20:48:00,99.66,99.79,99.54,99.65,6011
2024-01-01 20:49:00,99.58,99.95,99.5,99.71,26347
2024-01-01 20:50:00,99.69,99.85,99.42,99.75,25551
2024-01-01 20:51:00,99.7,99.92,99.43,99.69,16296
2024-01-01 20:52:00,99.66,99.75,99.51,99.67,36189
2024-01-01 20:53:00,99.68,99.81,99.63,99.69,32947
2024-01-01 20:54:00,99.67,99.79,99.49,99.63,15177
2024-01-01 20:55:00,99.64,99.74,99.45,99.67,63633
2024-01-01 20:56:00,99.65,99.8,99.59,99.65,38584
2024-01-01 20:57:00,99.61,99.86,99.38,99.64,106242
2024-01-01 20:58:00,99.56,99.93,99.38,99.67,20610
2024-01-01 20:59:00,99.75,100.04,99.42,99.69,15966
2024-01-01 21:00:00,99.6,99.86,99.44,99.68,17881
2024-01-01 21:01:00,99.58,99.78,99.35,99.73,71561
2024-01-01 21:02:00,99.8,99.99,99.4,99.68,18983
2024-01-01 21:03:00,99.78,99.98,99.41,99.71,20178
2024-01-01 21:04:00,99.76,100.02,99.45,99.74,156525
2024-01-01 21:05:00,99.64,99.86,99.56,99.72,5741
2024-01-01 21:06:00,99.67,99.99,99.42,99.74,31470
2024-01-01 21:07:00,99.83,99.94,99.44,99.68,20713
2024-01-01 21:08:00,99.74,99.93,99.65,99.72,17143
2024-01-01 21:09:00,99.74,99.91,99.43,99.72,8489
2024-01-01 21:10:00,99.66,99.87,99.42,99.69,11339
2024-01-01 21:11:00,99.59,99.8,99.36,99.74,14645
2024-01-01 21:12:00,99.65,99.99,99.47,99.71,36161
2024-01-01 21:13:00,99.73,99.86,99.43,99.64,51660
2024-01-01 21:14:00,99.54,99.84,99.45,99.56,3718
2024-01-01 21:15:00,99.66,99.81,99.5,99.59,6623
2024-01-01 21:16:00,99.53,99.7,99.34,99.53,38096
2024-01-01 21:17:00,99.57,99.9,99.41,99.61,41450
2024-01-01 21:18:00,99.54,99.73,99.24,99.51,5096
2024-01-01 21:19:00,99.52,99.72,99.3,99.59,52801
2024-01-01 21:20:00,99.51,99.84,99.38,99.6,21720
2024-01-01 21:21:00,99.66,99.75,99.42,99.6,46493
2024-01-01 21:22:00,99.62,99.75,99.46,99.57,9398
2024-01-01 21:23:00,99.49,99.88,99.31,99.59,5486
2024-01-01 21:24:00,99.66,99.92,99.49,99.59,16177
2024-01-01 21:25:00,99.6,99.93,99.35,99.64,16911
2024-01-01 21:26:00,99.73,99.98,99.5,99.65,15991
2024-01-01 21:27:00,99.73,99.9,99.46,99.66,14910
2024-01-01 21:28:00,99.74,99.99,99.38,99.64,119717
2024-01-01 21:29:00,99.56,99.71,99.28,99.64,4024
2024-01-01 21:30:00,99.56,99.94,99.36,99.65,9462
2024-01-01 21:31:00,99.75,99.85,99.31,99.57,14492
2024-01-01 21:32:00,99.56,99.75,99.25,99.5,22561
2024-01-01 21:33:00,99.45,99.79,99.38,99.54,44847
2024-01-01 21:34:00,99.59,99.79,99.38,99.55,52331
2024-01-01 21:35:00,99.5,99.82,99.38,99.54,64635
2024-01-01 21:36:00,99.58,99.68,99.26,99.54,35648
2024-01-01 21:37:00,99.6,99.69,99.33,99.55,3904
2024-01-01 21:38:00,99.61,99.74,99.34,99.53,4169
2024-01-01 21:39:00,99.48,99.69,99.33,99.49,69375
2024-01-01 21:40:00,99.47,99.79,99.39,99.5,65031
2024-01-01 21:41:00,99.48,99.63,99.29,99.45,41606
2024-01-01 21:42:00,99.45,99.68,99.3,99.47,9698
2024-01-01 21:43:00,99.4,99.48,99.1,99.39,15954
2024-01-01 21:44:00,99.38,99.59,99.24,99.44,14781
2024-01-01 21:45:00,99.44,99.62,99.34,99.46,7905
2024-01-01 21:46:00,99.47,99.55,99.38,99.47,28539
2024-01-01 21:47:00,99.54,99.63,99.42,99.52,190131
2024-01-01 21:48:00,99.53,99.76,99.32,99.61,13418
2024-01-01 21:49:00,99.55,99.86,99.5,99.66,80561
2024-01-01 21:50:00,99.69,99.97,99.31,99.56,9087
2024-01-01 21:51:00,99.62,99.91,99.36,99.5,4737
2024-01-01 21:52:00,99.46,99.68,99.37,99.47,59130
2024-01-01 21:53:00,99.5,99.75,99.38,99.47,17697
2024-01-01 21:54:00,99.4,99.63,99.23,99.5,78531
2024-01-01 21:55:00,99.46,99.66,99.27,99.46,95883
2024-01-01 21:56:00,99.54,99.62,99.31,99.47,16673
2024-01-01 21:57:00,99.55,99.83,99.17,99.43,84374
2024-01-01 21:58:00,99.45,99.64,99.21,99.4,9172
2024-01-01 21:59:00,99.44,99.52,99.23,99.33,9029
2024-01-01 22:00:00,99.4,99.51,99.11,99.29,64361
2024-01-01 22:01:00,99.38,99.61,99.05,99.22,4685
2024-01-01 22:02:00,99.22,99.3,99.01,99.17,21992
2024-01-01 22:03:00,99.18,99.31,98.95,99.22,76853
2024-01-01 22:04:00,99.21,99.3,99.01,99.18,82190
2024-01-01 22:05:00,99.09,99.53,98.98,99.31,14290
2024-01-01 22:06:00,99.29,99.4,99.1,99.33,60429
2024-01-01 22:07:00,99.39,99.45,99.14,99.34,7165
2024-01-01 22:08:00,99.4,99.64,99.17,99.3,11300
2024-01-01 22:09:00,99.37,99.55,99.05,99.33,27733
2024-01-01 22:10:00,99.24,99.47,98.95,99.3,32136
2024-01-01 22:11:00,99.31,99.4,99.08,99.31,7725
2024-01-01 22:12:00,99.23,99.65,98.97,99.44,141814
2024-01-01 22:13:00,99.38,99.5,99.26,99.43,3369
2024-01-01 22:14:00,99.51,99.59,99.21,99.49,23253
2024-01-01 22:15:00,99.49,99.64,99.18,99.45,26793
2024-01-01 22:16:00,99.51,99.63,99.37,99.45,3839
2024-01-01 22:17:00,99.37,99.66,99.17,99.54,82795
2024-01-01 22:18:00,99.52,99.78,99.36,99.51,10504
2024-01-01 22:19:00,99.54,99.88,99.43,99.6,24305
2024-01-01 22:20:00,99.53,99.86,99.29,99.63,30578
2024-01-01 22:21:00,99.6,99.72,99.54,99.61,5144
2024-01-01 22:22:00,99.52,99.78,99.46,99.64,7539
2024-01-01 22:23:00,99.67,99.96,99.38,99.69,105137
2024-01-01 22:24:00,99.78,100.01,99.49,99.72,20623
2024-01-01 22:25:00,99.78,99.89,99.57,99.64,1484
2024-01-01 22:26:00,99.73,99.98,99.41,99.6,16286
2024-01-01 22:27:00,99.67,99.89,99.35,99.59,21313
2024-01-01 22:28:00,99.66,99.81,99.5,99.59,27429
2024-01-01 22:29:00,99.6,99.87,99.44,99.62,2984
2024-01-01 22:30:00,99.62,99.88,99.46,99.63,21390
2024-01-01 22:31:00,99.61,99.71,99.47,99.56,9579
2024-01-01 22:32:00,99.62,99.86,99.39,99.58,27475
2024-01-01 22:33:00,99.52,99.76,99.34,99.61,36546
2024-01-01 22:34:00,99.52,99.82,99.41,99.64,32859
2024-01-01 22:35:00,99.73,99.87,99.57,99.69,89677
2024-01-01 22:36:00,99.59,99.88,99.42,99.73,196923
2024-01-01 22:37:00,99.83,99.92,99.61,99.76,7089
2024-01-01 22:38:00,99.8,99.95,99.63,99.75,15033
2024-01-01 22:39:00,99.72,100.02,99.6,99.67,46307
2024-01-01 22:40:00,99.71,99.92,99.6,99.69,19403
2024-01-01 22:41:00,99.75,100.01,99.42,99.7,1446
2024-01-01 22:42:00,99.65,99.86,99.4,99.71,18168
2024-01-01 22:43:00,99.77,99.88,99.57,99.65,75670
2024-01-01 22:44:00,99.71,99.84,99.46,99.6,5460
2024-01-01 22:45:00,99.55,99.8,99.4,99.65,27460
2024-01-01 22:46:00,99.56,99.8,99.33,99.65,3270
2024-01-01 22:47:00,99.59,99.79,99.53,99.68,52576
2024-01-01 22:48:00,99.62,99.85,99.46,99.68,28044
2024-01-01 22:49:00,99.6,99.75,99.51,99.68,12480
2024-01-01 22:50:00,99.73,99.91,99.62,99.73,14502
2024-01-01 22:51:00,99.71,99.98,99.61,99.71,4919
2024-01-01 22:52:00,99.78,99.84,99.55,99.71,60332
2024-01-01 22:53:00,99.66,99.98,99.45,99.69,9903
2024-01-01 22:54:00,99.68,99.82,99.61,99.67,36326
2024-01-01 22:55:00,99.69,99.86,99.55,99.65,8417
2024-01-01 22:56:00,99.73,99.94,99.47,99.66,198471
2024-01-01 22:57:00,99.67,99.78,99.57,99.64,104784
2024-01-01 22:58:00,99.61,99.94,99.42,99.7,175210
2024-01-01 22:59:00,99.77,100.03,99.54,99.66,196915
2024-01-01 23:00:00,99.62,99.86,99.54,99.65,11678
2024-01-01 23:01:00,99.56,99.75,99.35,99.62,9098
2024-01-01 23:02:00,99.61,99.95,99.48,99.7,167064
2024-01-01 23:03:00,99.75,100.0,99.49,99.71,19128
2024-01-01 23:04:00,99.61,99.89,99.34,99.76,50676
2024-01-01 23:05:00,99.77,99.95,99.47,99.68,11840
2024-01-01 23:06:00,99.7,99.88,99.53,99.7,12037
2024-01-01 23:07:00,99.78,100.04,99.62,99.74,50511
2024-01-01 23:08:00,99.7,99.8,99.43,99.75,3072
2024-01-01 23:09:00,99.7,100.05,99.56,99.8,48202
2024-01-01 23:10:00,99.79,99.88,99.55,99.77,37215
2024-01-01 23:11:00,99.74,99.91,99.59,99.84,12962
2024-01-01 23:12:00,99.89,100.03,99.69,99.96,22565
2024-01-01 23:13:00,99.99,100.04,99.73,99.94,26393
2024-01-01 23:14:00,99.99,100.21,99.75,99.92,27918
2024-01-01 23:15:00,99.98,100.08,99.91,99.99,43920
2024-01-01 23:16:00,100.07,100.2,99.9,100.07,9749
2024-01-01 23:17:00,100.06,100.27,99.99,100.04,327003
2024-01-01 23:18:00,100.14,100.37,99.79,100.02,17933
2024-01-01 23:19:00,99.97,100.17,99.83,100.01,19327
2024-01-01 23:20:00,100.05,100.31,99.69,99.94,153997
2024-01-01 23:21:00,99.95,100.24,99.75,99.89,3536
2024-01-01 23:22:00,99.96,100.23,99.77,99.84,152398
2024-01-01 23:23:00,99.84,99.99,99.64,99.81,24184
2024-01-01 23:24:00,99.86,100.02,99.6,99.8,12962
2024-01-01 23:25:00,99.89,99.98,99.55,99.82,7189
2024-01-01 23:26:00,99.86,100.08,99.59,99.89,6191
2024-01-01 23:27:00,99.95,100.0,99.64,99.84,15649
2024-01-01 23:28:00,99.76,100.05,99.58,99.89,29085
2024-01-01 23:29:00,99.83,100.12,99.73,99.88,41047
2024-01-01 23:30:00,99.98,100.08,99.65,99.88,28739
2024-01-01 23:31:00,99.92,100.1,99.81,99.91,13224
2024-01-01 23:32:00,99.93,100.1,99.69,99.86,84079
2024-01-01 23:33:00,99.83,100.1,99.78,99.88,319273
2024-01-01 23:34:00,99.79,100.08,99.58,99.88,98186
2024-01-01 23:35:00,99.86,100.15,99.59,99.91,15378
2024-01-01 23:36:00,99.91,100.08,99.77,99.92,36391
2024-01-01 23:37:00,99.87,100.12,99.73,100.05,38799
2024-01-01 23:38:00,99.98,100.08,99.73,100.01,109499
2024-01-01 23:39:00,100.02,100.27,99.83,99.99,15706
2024-01-01 23:40:00,100.01,100.12,99.88,99.96,8392
2024-01-01 23:41:00,99.91,100.19,99.64,99.93,68449
2024-01-01 23:42:00,99.95,100.06,99.69,99.9,33069
2024-01-01 23:43:00,99.98,100.09,99.85,99.96,7268
2024-01-01 23:44:00,99.95,100.08,99.76,100.03,44603
2024-01-01 23:45:00,100.1,100.19,99.95,100.0,138448
2024-01-01 23:46:00,100.08,100.16,99.83,99.96,11006
2024-01-01 23:47:00,99.88,100.2,99.78,99.98,9036
2024-01-01 23:48:00,99.9,100.23,99.78,99.95,22698
2024-01-01 23:49:00,99.95,100.12,99.84,99.99,43490
2024-01-01 23:50:00,100.0,100.12,99.93,100.0,20436
2024-01-01 23:51:00,99.98,100.1,99.66,99.92,68488
2024-01-01 23:52:00,99.89,100.22,99.62,100.0,28586
2024-01-01 23:53:00,100.03,100.16,99.86,100.09,60575
2024-01-01 23:54:00,99.99,100.16,99.76,100.06,10712
2024-01-01 23:55:00,100.15,100.44,99.78,100.04,6452
2024-01-01 23:56:00,99.98,100.11,99.85,100.05,15677
2024-01-01 23:57:00,100.13,100.19,100.01,100.07,5730
2024-01-01 23:58:00,99.99,100.17,99.87,100.1,33167
2024-01-01 23:59:00,100.05,100.33,99.9,100.2,2931
2024-01-02 00:00:00,100.15,100.34,99.91,100.19,14006
2024-01-02 00:01:00,100.29,100.38,100.06,100.15,16548
2024-01-02 00:02:00,100.05,100.29,99.86,100.08,7733
2024-01-02 00:03:00,100.11,100.2,99.78,100.05,16214
2024-01-02 00:04:00,100.12,100.25,99.9,100.05,22120
2024-01-02 00:05:00,100.08,100.29,99.95,100.14,78372
2024-01-02 00:06:00,100.11,100.3,99.96,100.11,7779
2024-01-02 00:07:00,100.2,100.32,99.84,100.12,31487
2024-01-02 00:08:00,100.2,100.33,99.89,100.12,38397
2024-01-02 00:09:00,100.11,100.32,99.95,100.18,21565
2024-01-02 00:10:00,100.19,100.42,99.96,100.31,13385
2024-01-02 00:11:00,100.4,100.63,100.22,100.28,7051
2024-01-02 00:12:00,100.38,100.44,99.97,100.25,147055
2024-01-02 00:13:00,100.24,100.58,100.07,100.31,23686
2024-01-02 00:14:00,100.38,100.55,100.09,100.34,16065
2024-01-02 00:15:00,100.3,100.52,100.09,100.43,183790
2024-01-02 00:16:00,100.41,100.63,100.17,100.46,27509
2024-01-02 00:17:00,100.4,100.5,100.2,100.45,280266
2024-01-02 00:18:00,100.39,100.66,100.13,100.47,5343
2024-01-02 00:19:00,100.51,100.75,100.23,100.53,17376
2024-01-02 00:20:00,100.53,100.85,100.38,100.57,5596
2024-01-02 00:21:00,100.52,100.68,100.31,100.6,19494
2024-01-02 00:22:00,100.58,100.92,100.51,100.65,19401
2024-01-02 00:23:00,100.63,100.9,100.55,100.71,13932
2024-01-02 00:24:00,100.81,100.87,100.56,100.78,23246
2024-01-02 00:25:00,100.85,101.07,100.61,100.81,14628
2024-01-02 00:26:00,100.79,101.07,100.72,100.8,19724
2024-01-02 00:27:00,100.89,100.96,100.54,100.81,10344
2024-01-02 00:28:00,100.78,101.05,100.66,100.87,93229
2024-01-02 00:29:00,100.91,101.14,100.55,100.83,7268
2024-01-02 00:30:00,100.92,101.15,100.6,100.85,27237
2024-01-02 00:31:00,100.83,100.95,100.7,100.83,6683
2024-01-02 00:32:00,100.87,101.13,100.63,100.83,9557
2024-01-02 00:33:00,100.79,101.0,100.61,100.9,10633
2024-01-02 00:34:00,100.85,101.13,100.74,100.91,19306
2024-01-02 00:35:00,100.92,101.14,100.85,100.91,26250
2024-01-02 00:36:00,101.0,101.13,100.62,100.84,7282
2024-01-02 00:37:00,100.83,100.96,100.72,100.88,14566
2024-01-02 00:38:00,100.96,101.24,100.69,100.91,8175
2024-01-02 00:39:00,100.99,101.19,100.89,101.02,7821
2024-01-02 00:40:00,100.97,101.14,100.77,101.0,68429
2024-01-02 00:41:00,100.98,101.1,100.81,101.01,5475
2024-01-02 00:42:00,101.04,101.2,100.86,101.03,23734
2024-01-02 00:43:00,101.03,101.18,100.95,101.11,120339
2024-01-02 00:44:00,101.02,101.4,100.73,101.1,73582
2024-01-02 00:45:00,101.2,101.36,100.87,101.12,33703
2024-01-02 00:46:00,101.17,101.38,101.07,101.15,21671
2024-01-02 00:47:00,101.13,101.28,101.0,101.16,46011
2024-01-02 00:48:00,101.18,101.38,100.94,101.13,31869
2024-01-02 00:49:00,101.05,101.43,100.8,101.14,91365
2024-01-02 00:50:00,101.14,101.46,100.87,101.2,19269
2024-01-02 00:51:00,101.28,101.54,101.01,101.15,59940
2024-01-02 00:52:00,101.23,101.33,100.96,101.15,15903
2024-01-02 00:53:00,101.12,101.34,100.97,101.12,146311
2024-01-02 00:54:00,101.12,101.44,100.83,101.18,18735
2024-01-02 00:55:00,101.22,101.41,100.93,101.1,4363
2024-01-02 00:56:00,101.07,101.34,101.01,101.07,23806
2024-01-02 00:57:00,100.98,101.17,100.72,101.09,47315
2024-01-02 00:58:00,101.09,101.41,100.94,101.17,112272
2024-01-02 00:59:00,101.19,101.47,101.03,101.17,8134
2024-01-02 01:00:00,101.07,101.35,100.86,101.14,3849
2024-01-02 01:01:00,101.06,101.33,100.93,101.23,36196
2024-01-02 01:02:00,101.17,101.46,101.06,101.16,35093
2024-01-02 01:03:00,101.13,101.22,100.88,101.05,5371
2024-01-02 01:04:00,101.06,101.15,100.78,101.07,15841
2024-01-02 01:05:00,101.03,101.12,100.82,101.05,16568
2024-01-02 01:06:00,101.0,101.14,100.74,100.99,50167
2024-01-02 01:07:00,101.07,101.27,100.88,101.03,14563
2024-01-02 01:08:00,100.96,101.34,100.89,101.04,14249
2024-01-02 01:09:00,101.04,101.24,100.71,101.01,24701
2024-01-02 01:10:00,101.11,101.33,100.71,100.95,5551
2024-01-02 01:11:00,100.97,101.05,100.92,100.99,147381
2024-01-02 01:12:00,101.04,101.1,100.73,101.03,56053
2024-01-02 01:13:00,101.01,101.32,100.88,101.02,10918
2024-01-02 01:14:00,100.92,101.24,100.84,101.11,7203
2024-01-02 01:15:00,101.14,101.28,100.92,101.06,7784
2024-01-02 01:16:00,101.09,101.33,100.71,100.98,39606
2024-01-02 01:17:00,100.9,101.19,100.69,100.95,8019
2024-01-02 01:18:00,100.94,101.19,100.7,100.95,17165
2024-01-02 01:19:00,101.03,101.2,100.82,100.96,4060
2024-01-02 01:20:00,100.9,101.07,100.68,100.95,37845
2024-01-02 01:21:00,100.94,101.26,100.74,100.96,39290
2024-01-02 01:22:00,100.96,101.24,100.85,100.9,18314
2024-01-02 01:23:00,100.96,101.22,100.7,100.97,26730
2024-01-02 01:24:00,101.04,101.25,100.68,100.97,48812
2024-01-02 01:25:00,101.02,101.23,100.91,101.03,26021
2024-01-02 01:26:00,101.0,101.15,100.81,101.04,48091
2024-01-02 01:27:00,100.96,101.35,100.89,101.07,6850
2024-01-02 01:28:00,101.04,101.3,100.79,101.1,32166
2024-01-02 01:29:00,101.13,101.21,101.04,101.12,26727
2024-01-02 01:30:00,101.16,101.3,101.03,101.15,73275
2024-01-02 01:31:00,101.24,101.35,101.12,101.22,22705
2024-01-02 01:32:00,101.21,101.31,101.0,101.23,19983
2024-01-02 01:33:00,101.25,101.49,101.03,101.26,12617
2024-01-02 01:34:00,101.27,101.46,100.97,101.26,97853
2024-01-02 01:35:00,101.19,101.61,100.9,101.33,2087
2024-01-02 01:36:00,101.32,101.47,101.02,101.3,36723
2024-01-02 01:37:00,101.31,101.63,101.17,101.39,21582
2024-01-02 01:38:00,101.48,101.56,101.16,101.39,18331
2024-01-02 01:39:00,101.36,101.45,101.19,101.31,15846
2024-01-02 01:40:00,101.41,101.59,101.1,101.32,20829
2024-01-02 01:41:00,101.33,101.61,101.09,101.29,35544
2024-01-02 01:42:00,101.23,101.55,101.11,101.33,9946
2024-01-02 01:43:00,101.27,101.52,101.11,101.3,25210
2024-01-02 01:44:00,101.22,101.54,101.07,101.27,31280
2024-01-02 01:45:00,101.26,101.43,101.02,101.18,8486
2024-01-02 01:46:00,101.08,101.41,100.79,101.15,36456
2024-01-02 01:47:00,101.14,101.28,100.86,101.03,31537
2024-01-02 01:48:00,101.13,101.36,100.68,100.95,9907
2024-01-02 01:49:00,100.99,101.17,100.91,100.99,6713
2024-01-02 01:50:00,101.04,101.19,100.84,101.03,9777
2024-01-02 01:51:00,100.95,101.21,100.86,101.05,25219
2024-01-02 01:52:00,101.05,101.11,100.78,101.0,20415
2024-01-02 01:53:00,100.96,101.3,100.68,101.0,88780
2024-01-02 01:54:00,101.08,101.3,100.74,101.0,15258
2024-01-02 01:55:00,100.94,101.06,100.73,100.94,9053
2024-01-02 01:56:00,100.93,101.08,100.7,101.02,42489
2024-01-02 01:57:00,101.04,101.36,100.77,101.06,8266
2024-01-02 01:58:00,101.07,101.25,100.8,101.05,9988
2024-01-02 01:59:00,101.12,101.41,100.95,101.05,10119
2024-01-02 02:00:00,101.0,101.31,100.88,101.06,1099
2024-01-02 02:01:00,101.04,101.31,100.88,100.96,38826
2024-01-02 02:02:00,101.02,101.11,100.71,100.95,56386
2024-01-02 02:03:00,100.95,101.05,100.82,100.91,55087
2024-01-02 02:04:00,100.89,101.08,100.6,100.86,145136
2024-01-02 02:05:00,100.77,100.97,100.51,100.85,99412
2024-01-02 02:06:00,100.9,101.19,100.7,100.94,15772
2024-01-02 02:07:00,101.03,101.25,100.91,100.97,66785
2024-01-02 02:08:00,101.0,101.14,100.83,100.94,19977
2024-01-02 02:09:00,101.01,101.1,100.82,100.97,14386
2024-01-02 02:10:00,100.97,101.18,100.74,101.04,10346
2024-01-02 02:11:00,100.99,101.29,100.71,101.09,16854
2024-01-02 02:12:00,100.99,101.18,100.92,101.09,30606
2024-01-02 02:13:00,101.12,101.31,101.01,101.06,107059
2024-01-02 02:14:00,101.06,101.34,100.88,101.09,45644
2024-01-02 02:15:00,101.15,101.33,100.97,101.11,10185
2024-01-02 02:16:00,101.15,101.3,100.99,101.16,7753
2024-01-02 02:17:00,101.26,101.31,101.12,101.19,38892
2024-01-02 02:18:00,101.19,101.42,101.11,101.24,54305
2024-01-02 02:19:00,101.23,101.48,101.1,101.22,75167
2024-01-02 02:20:00,101.17,101.36,101.06,101.28,16835
2024-01-02 02:21:00,101.28,101.44,101.22,101.29,35224
2024-01-02 02:22:00,101.37,101.49,101.24,101.4,51835
2024-01-02 02:23:00,101.31,101.49,101.05,101.36,5704
2024-01-02 02:24:00,101.46,101.73,101.35,101.45,29078
2024-01-02 02:25:00,101.55,101.63,101.25,101.46,54412
2024-01-02 02:26:00,101.48,101.74,101.13,101.43,36694
2024-01-02 02:27:00,101.4,101.46,101.24,101.41,20319
2024-01-02 02:28:00,101.35,101.63,101.09,101.39,299522
2024-01-02 02:29:00,101.34,101.48,101.12,101.41,151830
2024-01-02 02:30:00,101.32,101.56,101.25,101.44,22234
2024-01-02 02:31:00,101.43,101.61,101.32,101.41,18219
2024-01-02 02:32:00,101.32,101.64,101.08,101.41,44368
2024-01-02 02:33:00,101.45,101.78,101.3,101.52,20795
2024-01-02 02:34:00,101.49,101.66,101.37,101.6,78554
2024-01-02 02:35:00,101.54,101.79,101.31,101.63,6202
2024-01-02 02:36:00,101.63,101.78,101.44,101.63,17314
2024-01-02 02:37:00,101.72,101.91,101.54,101.63,43706
2024-01-02 02:38:00,101.67,101.88,101.5,101.66,60098
2024-01-02 02:39:00,101.66,101.92,101.39,101.61,5009
2024-01-02 02:40:00,101.67,101.75,101.42,101.6,8483
2024-01-02 02:41:00,101.65,101.88,101.44,101.51,4120
2024-01-02 02:42:00,101.59,101.85,101.43,101.53,9198
2024-01-02 02:43:00,101.47,101.75,101.19,101.57,6141
2024-01-02 02:44:00,101.64,101.84,101.38,101.54,37764
2024-01-02 02:45:00,101.5,101.68,101.42,101.62,27694
2024-01-02 02:46:00,101.71,101.91,101.38,101.56,18885
2024-01-02 02:47:00,101.52,101.66,101.2,101.49,22608
2024-01-02 02:48:00,101.57,101.71,101.31,101.5,72710
2024-01-02 02:49:00,101.59,101.79,101.37,101.55,7767
2024-01-02 02:50:00,101.48,101.81,101.34,101.64,3196
2024-01-02 02:51:00,101.73,102.01,101.45,101.61,44824
2024-01-02 02:52:00,101.53,101.85,101.31,101.67,14898
2024-01-02 02:53:00,101.61,101.73,101.36,101.67,7955
2024-01-02 02:54:00,101.65,101.84,101.44,101.66,38330
2024-01-02 02:55:00,101.76,102.0,101.43,101.7,3078
2024-01-02 02:56:00,101.7,101.89,101.44,101.74,9343
2024-01-02 02:57:00,101.75,101.86,101.44,101.66,2020
2024-01-02 02:58:00,101.69,101.81,101.64,101.73,28540
2024-01-02 02:59:00,101.83,101.9,101.67,101.8,106264
2024-01-02 03:00:00,101.86,101.92,101.56,101.77,12416
2024-01-02 03:01:00,101.71,101.92,101.47,101.79,9981
2024-01-02 03:02:00,101.75,101.88,101.64,101.81,131209
2024-01-02 03:03:00,101.73,101.98,101.58,101.83,41251
2024-01-02 03:04:00,101.86,101.94,101.5,101.8,238098
2024-01-02 03:05:00,101.73,101.89,101.5,101.77,25869
2024-01-02 03:06:00,101.72,101.87,101.44,101.76,27629
2024-01-02 03:07:00,101.84,101.99,101.54,101.82,93417
2024-01-02 03:08:00,101.79,101.99,101.74,101.85,18984
2024-01-02 03:09:00,101.86,102.05,101.65,101.83,28203
2024-01-02 03:10:00,101.81,101.95,101.7,101.87,1956
2024-01-02 03:11:00,101.78,102.04,101.67,101.73,125204
2024-01-02 03:12:00,101.7,101.96,101.51,101.78,32561
2024-01-02 03:13:00,101.77,101.99,101.64,101.7,19783
2024-01-02 03:14:00,101.78,101.98,101.63,101.68,54575
2024-01-02 03:15:00,101.64,101.76,101.44,101.62,6758
2024-01-02 03:16:00,101.6,101.88,101.47,101.56,12690
2024-01-02 03:17:00,101.61,101.71,101.39,101.61,38304
2024-01-02 03:18:00,101.67,101.81,101.38,101.59,23017
2024-01-02 03:19:00,101.65,101.96,101.31,101.61,34428
2024-01-02 03:20:00,101.7,101.84,101.43,101.61,28262
2024-01-02 03:21:00,101.67,101.95,101.56,101.63,41379
2024-01-02 03:22:00,101.61,101.8,101.46,101.63,5879
2024-01-02 03:23:00,101.7,101.83,101.27,101.57,79074
2024-01-02 03:24:00,101.57,101.86,101.42,101.62,13576
2024-01-02 03:25:00,101.57,101.86,101.4,101.59,23335
2024-01-02 03:26:00,101.55,101.83,101.4,101.52,12079
2024-01-02 03:27:00,101.46,101.6,101.35,101.49,16524
2024-01-02 03:28:00,101.42,101.76,101.3,101.57,27697
2024-01-02 03:29:00,101.51,101.7,101.2,101.61,45943
2024-01-02 03:30:00,101.52,101.87,101.31,101.6,54243
2024-01-02 03:31:00,101.67,101.95,101.29,101.58,33945
2024-01-02 03:32:00,101.67,101.89,101.38,101.56,12139
2024-01-02 03:33:00,101.58,101.94,101.38,101.67,31870
2024-01-02 03:34:00,101.74,101.82,101.54,101.69,28009
2024-01-02 03:35:00,101.62,101.87,101.33,101.71,23366
2024-01-02 03:36:00,101.79,102.01,101.49,101.76,37579
2024-01-02 03:37:00,101.76,102.02,101.63,101.77,6150
2024-01-02 03:38:00,101.68,101.99,101.58,101.76,2901
2024-01-02 03:39:00,101.69,101.9,101.43,101.75,72402
2024-01-02 03:40:00,101.71,101.95,101.45,101.75,19314
2024-01-02 03:41:00,101.65,101.86,101.41,101.74,33387
2024-01-02 03:42:00,101.7,101.88,101.52,101.78,9250
2024-01-02 03:43:00,101.69,101.94,101.5,101.78,77825
2024-01-02 03:44:00,101.73,101.91,101.59,101.82,31259
2024-01-02 03:45:00,101.77,102.04,101.58,101.82,18406
2024-01-02 03:46:00,101.92,102.11,101.64,101.82,29313
2024-01-02 03:47:00,101.77,102.06,101.43,101.72,3859
2024-01-02 03:48:00,101.67,101.91,101.53,101.77,31988
2024-01-02 03:49:00,101.8,102.0,101.71,101.78,97423
2024-01-02 03:50:00,101.86,101.98,101.72,101.83,30190
2024-01-02 03:51:00,101.81,101.92,101.47,101.69,26532
2024-01-02 03:52:00,101.76,101.94,101.67,101.79,16042
2024-01-02 03:53:00,101.76,102.06,101.49,101.79,65040
2024-01-02 03:54:00,101.72,102.11,101.57,101.84,75433
2024-01-02 03:55:00,101.81,101.87,101.71,101.79,14300
2024-01-02 03:56:00,101.81,101.94,101.7,101.82,31528
2024-01-02 03:57:00,101.79,102.07,101.46,101.77,27783
2024-01-02 03:58:00,101.8,102.06,101.5,101.74,32917
2024-01-02 03:59:00,101.68,102.03,101.43,101.83,10170
2024-01-02 04:00:00,101.87,102.17,101.62,101.82,69063
2024-01-02 04:01:00,101.79,101.92,101.7,101.83,38762
2024-01-02 04:02:00,101.82,102.08,101.69,101.88,73306
2024-01-02 04:03:00,101.89,102.19,101.68,101.9,7220
2024-01-02 04:04:00,101.94,102.16,101.86,101.91,7657
2024-01-02 04:05:00,101.86,102.11,101.7,101.93,172714
2024-01-02 04:06:00,102.0,102.28,101.85,102.05,69364
2024-01-02 04:07:00,102.1,102.4,101.83,102.05,9748
2024-01-02 04:08:00,102.0,102.28,101.71,102.06,52478
2024-01-02 04:09:00,102.16,102.46,102.01,102.11,13824
2024-01-02 04:10:00,102.15,102.43,102.05,102.17,4029
2024-01-02 04:11:00,102.16,102.4,102.08,102.23,2696
2024-01-02 04:12:00,102.16,102.47,101.99,102.26,21547
2024-01-02 04:13:00,102.27,102.48,101.98,102.2,104904
2024-01-02 04:14:00,102.14,102.5,102.01,102.29,100849
2024-01-02 04:15:00,102.27,102.54,102.04,102.23,77663
2024-01-02 04:16:00,102.21,102.42,101.91,102.24,50514
2024-01-02 04:17:00,102.29,102.41,102.02,102.21,30253
2024-01-02 04:18:00,102.14,102.43,102.06,102.2,69700
2024-01-02 04:19:00,102.27,102.41,101.96,102.22,2948
2024-01-02 04:20:00,102.18,102.35,102.01,102.24,59265
2024-01-02 04:21:00,102.22,102.47,102.0,102.26,7179
2024-01-02 04:22:00,102.31,102.58,102.04,102.34,8842
2024-01-02 04:23:00,102.37,102.52,102.13,102.36,44172
2024-01-02 04:24:00,102.32,102.59,102.2,102.35,55755
2024-01-02 04:25:00,102.33,102.7,102.06,102.4,11971
2024-01-02 04:26:00,102.36,102.59,102.14,102.46,42032
2024-01-02 04:27:00,102.48,102.72,102.24,102.4,38674
2024-01-02 04:28:00,102.36,102.7,102.14,102.43,16144
2024-01-02 04:29:00,102.48,102.7,102.36,102.47,25689
2024-01-02 04:30:00,102.48,102.64,102.29,102.45,176466
2024-01-02 04:31:00,102.38,102.76,102.17,102.52,16621
2024-01-02 04:32:00,102.48,102.59,102.35,102.51,17204
2024-01-02 04:33:00,102.46,102.69,102.22,102.52,25591
2024-01-02 04:34:00,102.5,102.75,102.32,102.51,18343
2024-01-02 04:35:00,102.51,102.59,102.38,102.51,48557
2024-01-02 04:36:00,102.51,102.63,102.2,102.45,95725
2024-01-02 04:37:00,102.51,102.6,102.21,102.38,17211
2024-01-02 04:38:00,102.32,102.69,102.02,102.46,9350
2024-01-02 04:39:00,102.55,102.86,102.12,102.42,158721
2024-01-02 04:40:00,102.39,102.62,102.13,102.37,24830
2024-01-02 04:41:00,102.33,102.57,101.99,102.26,4005
2024-01-02 04:42:00,102.3,102.59,102.06,102.23,141814
2024-01-02 04:43:00,102.29,102.45,101.99,102.16,67926
2024-01-02 04:44:00,102.13,102.46,101.88,102.24,109244
2024-01-02 04:45:00,102.29,102.57,102.12,102.29,92433
2024-01-02 04:46:00,102.37,102.52,101.96,102.26,310204
2024-01-02 04:47:00,102.31,102.48,102.21,102.37,7809
2024-01-02 04:48:00,102.28,102.66,102.18,102.42,9940
2024-01-02 04:49:00,102.49,102.64,102.28,102.41,13463
2024-01-02 04:50:00,102.46,102.56,102.08,102.28,13084
2024-01-02 04:51:00,102.31,102.54,102.14,102.4,24908
2024-01-02 04:52:00,102.45,102.55,102.08,102.33,13495
2024-01-02 04:53:00,102.42,102.56,102.1,102.24,6703
2024-01-02 04:54:00,102.23,102.41,102.07,102.29,9187
2024-01-02 04:55:00,102.21,102.59,102.02,102.42,16419
2024-01-02 04:56:00,102.41,102.79,102.13,102.49,69168
2024-01-02 04:57:00,102.4,102.73,102.34,102.52,12390
2024-01-02 04:58:00,102.48,102.76,102.4,102.55,49511
2024-01-02 04:59:00,102.57,102.83,102.42,102.59,5876
2024-01-02 05:00:00,102.55,102.9,102.26,102.63,898
2024-01-02 05:01:00,102.67,102.83,102.48,102.65,19280
2024-01-02 05:02:00,102.71,102.91,102.55,102.65,11967
2024-01-02 05:03:00,102.63,102.94,102.47,102.65,9120
2024-01-02 05:04:00,102.73,102.82,102.36,102.61,8112
2024-01-02 05:05:00,102.52,102.7,102.44,102.6,10856
2024-01-02 05:06:00,102.66,102.86,102.28,102.51,8206
2024-01-02 05:07:00,102.58,102.77,102.28,102.5,8984
2024-01-02 05:08:00,102.47,102.55,102.28,102.45,5659
2024-01-02 05:09:00,102.41,102.55,102.1,102.4,2619
2024-01-02 05:10:00,102.36,102.47,102.23,102.41,2417
2024-01-02 05:11:00,102.47,102.77,102.17,102.48,258096
2024-01-02 05:12:00,102.54,102.81,102.45,102.52,20676
2024-01-02 05:13:00,102.49,102.68,102.29,102.44,101168
2024-01-02 05:14:00,102.46,102.72,102.33,102.39,18442
2024-01-02 05:15:00,102.32,102.54,102.14,102.44,19067
2024-01-02 05:16:00,102.43,102.53,102.16,102.39,29931
2024-01-02 05:17:00,102.49,102.75,102.15,102.38,41775
2024-01-02 05:18:00,102.31,102.57,102.03,102.41,6331
2024-01-02 05:19:00,102.5,102.59,102.24,102.36,15066
2024-01-02 05:20:00,102.42,102.6,102.3,102.36,29875
2024-01-02 05:21:00,102.46,102.54,102.14,102.29,3185
2024-01-02 05:22:00,102.23,102.56,101.95,102.26,80606
2024-01-02 05:23:00,102.21,102.45,102.12,102.28,63752
2024-01-02 05:24:00,102.18,102.3,102.03,102.2,2692
2024-01-02 05:25:00,102.24,102.35,102.15,102.22,9145
2024-01-02 05:26:00,102.25,102.47,102.02,102.22,24461
2024-01-02 05:27:00,102.15,102.37,101.9,102.25,51115
2024-01-02 05:28:00,102.31,102.56,102.08,102.26,101328
2024-01-02 05:29:00,102.22,102.41,101.93,102.33,11645
2024-01-02 05:30:00,102.25,102.56,102.14,102.34,228244
2024-01-02 05:31:00,102.32,102.53,102.16,102.31,20978
2024-01-02 05:32:00,102.23,102.53,102.06,102.32,17603
2024-01-02 05:33:00,102.27,102.52,102.03,102.35,38627
2024-01-02 05:34:00,102.32,102.56,102.25,102.35,30055
2024-01-02 05:35:00,102.42,102.49,102.22,102.35,28421
2024-01-02 05:36:00,102.41,102.57,102.2,102.32,162131
2024-01-02 05:37:00,102.31,102.52,102.18,102.28,28208
2024-01-02 05:38:00,102.33,102.56,101.96,102.21,8231
2024-01-02 05:39:00,102.23,102.38,102.01,102.3,9511
2024-01-02 05:40:00,102.27,102.57,102.14,102.24,96050
2024-01-02 05:41:00,102.28,102.57,102.0,102.2,43644
2024-01-02 05:42:00,102.24,102.44,102.1,102.16,4645
2024-01-02 05:43:00,102.19,102.45,102.02,102.21,4422
2024-01-02 05:44:00,102.23,102.47,101.94,102.2,22585
2024-01-02 05:45:00,102.23,102.44,102.11,102.26,40802
2024-01-02 05:46:00,102.24,102.32,102.13,102.22,11180
2024-01-02 05:47:00,102.3,102.57,102.16,102.24,4104
2024-01-02 05:48:00,102.17,102.35,102.03,102.2,7149
2024-01-02 05:49:00,102.27,102.58,102.1,102.31,114205
2024-01-02 05:50:00,102.27,102.58,102.01,102.25,36205
2024-01-02 05:51:00,102.17,102.53,102.09,102.26,59879
2024-01-02 05:52:00,102.28,102.41,102.2,102.29,70614
2024-01-02 05:53:00,102.27,102.48,102.03,102.31,11778
2024-01-02 05:54:00,102.38,102.47,102.22,102.31,15168
2024-01-02 05:55:00,102.29,102.51,102.18,102.3,18620
2024-01-02 05:56:00,102.33,102.51,102.24,102.3,33412
2024-01-02 05:57:00,102.26,102.52,102.07,102.29,65480
2024-01-02 05:58:00,102.23,102.56,102.11,102.34,142897
2024-01-02 05:59:00,102.32,102.58,102.06,102.46,49726
2024-01-02 06:00:00,102.48,102.71,102.23,102.43,50090
2024-01-02 06:01:00,102.46,102.67,102.28,102.36,151241
2024-01-02 06:02:00,102.37,102.64,102.1,102.35,17942
2024-01-02 06:03:00,102.45,102.69,102.17,102.48,72330
2024-01-02 06:04:00,102.52,102.62,102.22,102.44,39272
2024-01-02 06:05:00,102.53,102.83,102.4,102.53,40739
2024-01-02 06:06:00,102.45,102.67,102.21,102.61,17773
2024-01-02 06:07:00,102.52,102.64,102.25,102.59,5463
2024-01-02 06:08:00,102.55,102.68,102.33,102.61,31095
2024-01-02 06:09:00,102.54,102.85,102.44,102.7,31228
2024-01-02 06:10:00,102.7,102.99,102.44,102.68,12388
2024-01-02 06:11:00,102.68,102.82,102.54,102.67,19995
2024-01-02 06:12:00,102.68,102.92,102.37,102.64,9118
2024-01-02 06:13:00,102.69,102.92,102.37,102.59,9196
2024-01-02 06:14:00,102.68,102.79,102.28,102.55,13616
2024-01-02 06:15:00,102.63,102.87,102.31,102.49,5834
2024-01-02 06:16:00,102.41,102.67,102.22,102.49,12289
2024-01-02 06:17:00,102.46,102.72,102.21,102.45,44969
2024-01-02 06:18:00,102.4,102.74,102.22,102.46,94477
2024-01-02 06:19:00,102.4,102.61,102.11,102.38,175507
2024-01-02 06:20:00,102.39,102.51,102.23,102.4,14762
2024-01-02 06:21:00,102.41,102.65,102.13,102.44,73138
2024-01-02 06:22:00,102.39,102.44,102.24,102.34,30827
2024-01-02 06:23:00,102.39,102.5,102.23,102.36,17372
2024-01-02 06:24:00,102.41,102.55,102.21,102.42,32932
2024-01-02 06:25:00,102.33,102.64,102.11,102.36,66311
2024-01-02 06:26:00,102.34,102.56,102.07,102.45,13382
2024-01-02 06:27:00,102.53,102.74,102.36,102.47,13077
2024-01-02 06:28:00,102.47,102.62,102.18,102.43,14621
2024-01-02 06:29:00,102.4,102.67,102.2,102.43,11769
2024-01-02 06:30:00,102.38,102.55,102.12,102.46,73048
2024-01-02 06:31:00,102.41,102.59,102.16,102.46,10261
2024-01-02 06:32:00,102.38,102.71,102.26,102.49,12239
2024-01-02 06:33:00,102.56,102.66,102.36,102.44,30067
2024-01-02 06:34:00,102.36,102.57,102.27,102.45,27731
2024-01-02 06:35:00,102.41,102.62,102.18,102.38,14620
2024-01-02 06:36:00,102.29,102.58,102.07,102.37,118612
2024-01-02 06:37:00,102.43,102.69,102.04,102.33,11723
2024-01-02 06:38:00,102.23,102.4,102.03,102.29,18562
2024-01-02 06:39:00,102.25,102.42,102.17,102.35,3207
2024-01-02 06:40:00,102.37,102.63,102.19,102.41,16236
2024-01-02 06:41:00,102.39,102.69,102.23,102.44,5866
2024-01-02 06:42:00,102.4,102.48,102.11,102.38,8810
2024-01-02 06:43:00,102.34,102.44,102.24,102.37,3115
2024-01-02 06:44:00,102.43,102.55,102.12,102.43,9022
2024-01-02 06:45:00,102.53,102.69,102.26,102.44,20433
2024-01-02 06:46:00,102.41,102.81,102.19,102.56,17254
2024-01-02 06:47:00,102.46,102.84,102.29,102.58,14548
2024-01-02 06:48:00,102.48,102.89,102.23,102.59,15916
2024-01-02 06:49:00,102.64,102.79,102.42,102.57,13293
2024-01-02 06:50:00,102.58,102.87,102.35,102.58,21277
2024-01-02 06:51:00,102.64,102.85,102.32,102.57,19727
2024-01-02 06:52:00,102.61,102.81,102.51,102.61,28997
2024-01-02 06:53:00,102.69,102.82,102.46,102.66,18016
2024-01-02 06:54:00,102.73,102.79,102.45,102.61,14276
2024-01-02 06:55:00,102.67,102.92,102.45,102.55,47964
2024-01-02 06:56:00,102.54,102.61,102.19,102.45,40250
2024-01-02 06:57:00,102.41,102.69,102.32,102.48,21323
2024-01-02 06:58:00,102.48,102.74,102.2,102.42,72773
2024-01-02 06:59:00,102.42,102.56,102.16,102.31,23924
2024-01-02 07:00:00,102.33,102.43,102.07,102.33,18747
2024-01-02 07:01:00,102.27,102.64,102.07,102.46,20566
2024-01-02 07:02:00,102.49,102.77,102.4,102.46,25980
2024-01-02 07:03:00,102.45,102.57,102.36,102.5,8802
2024-01-02 07:04:00,102.53,102.59,102.29,102.51,3382
2024-01-02 07:05:00,102.45,102.71,102.35,102.5,29186
2024-01-02 07:06:00,102.49,102.64,102.4,102.55,50717
2024-01-02 07:07:00,102.49,102.83,102.26,102.53,8095
2024-01-02 07:08:00,102.61,102.81,102.41,102.55,64413
2024-01-02 07:09:00,102.54,102.73,102.47,102.56,4245
2024-01-02 07:10:00,102.51,102.84,102.26,102.53,12596
2024-01-02 07:11:00,102.44,102.79,102.23,102.58,121299
2024-01-02 07:12:00,102.62,102.8,102.45,102.57,31443
2024-01-02 07:13:00,102.51,102.64,102.32,102.53,16277
2024-01-02 07:14:00,102.63,102.7,102.49,102.56,28347
2024-01-02 07:15:00,102.57,102.76,102.23,102.51,72863
2024-01-02 07:16:00,102.47,102.8,102.42,102.52,5191
2024-01-02 07:17:00,102.55,102.63,102.31,102.51,82278
2024-01-02 07:18:00,102.47,102.84,102.17,102.57,13493
2024-01-02 07:19:00,102.64,102.91,102.37,102.59,44729
2024-01-02 07:20:00,102.56,102.7,102.49,102.59,11917
2024-01-02 07:21:00,102.69,102.76,102.43,102.64,118625
2024-01-02 07:22:00,102.66,102.77,102.42,102.71,21350
2024-01-02 07:23:00,102.78,103.01,102.66,102.74,5832
2024-01-02 07:24:00,102.65,103.02,102.46,102.74,35244
2024-01-02 07:25:00,102.7,102.99,102.39,102.67,80921
2024-01-02 07:26:00,102.72,102.82,102.47,102.61,72277
2024-01-02 07:27:00,102.65,102.73,102.35,102.6,24185
2024-01-02 07:28:00,102.54,102.75,102.25,102.57,49616
2024-01-02 07:29:00,102.54,102.66,102.31,102.56,14449
2024-01-02 07:30:00,102.51,102.87,102.29,102.56,39776
2024-01-02 07:31:00,102.58,102.66,102.38,102.59,31660
2024-01-02 07:32:00,102.56,102.68,102.5,102.58,1217
2024-01-02 07:33:00,102.54,102.75,102.43,102.61,8098
2024-01-02 07:34:00,102.55,102.87,102.4,102.61,27115
2024-01-02 07:35:00,102.59,102.83,102.46,102.51,25977
2024-01-02 07:36:00,102.45,102.52,102.39,102.46,21395
2024-01-02 07:37:00,102.56,102.67,102.31,102.46,24085
2024-01-02 07:38:00,102.38,102.6,102.08,102.39,73693
2024-01-02 07:39:00,102.48,102.62,102.36,102.42,31386
2024-01-02 07:40:00,102.41,102.6,102.13,102.5,2137
2024-01-02 07:41:00,102.48,102.8,102.22,102.57,154462
2024-01-02 07:42:00,102.51,102.64,102.42,102.55,3272
2024-01-02 07:43:00,102.58,102.71,102.31,102.63,57419
2024-01-02 07:44:00,102.67,102.77,102.42,102.64,4608
2024-01-02 07:45:00,102.63,102.82,102.43,102.62,91440
2024-01-02 07:46:00,102.53,102.69,102.32,102.59,16680
2024-01-02 07:47:00,102.68,102.74,102.27,102.57,32347
2024-01-02 07:48:00,102.67,102.73,102.49,102.55,3022
2024-01-02 07:49:00,102.54,102.7,102.28,102.56,45686
2024-01-02 07:50:00,102.59,102.7,102.4,102.57,33399
2024-01-02 07:51:00,102.56,102.63,102.49,102.57,40836
2024-01-02 07:52:00,102.53,102.8,102.43,102.59,56932
2024-01-02 07:53:00,102.51,102.88,102.25,102.65,26331
2024-01-02 07:54:00,102.65,102.97,102.56,102.7,17841
2024-01-02 07:55:00,102.77,102.94,102.33,102.63,9789
2024-01-02 07:56:00,102.53,102.78,102.42,102.5,14141
2024-01-02 07:57:00,102.51,102.72,102.23,102.54,73606
2024-01-02 07:58:00,102.62,102.79,102.21,102.47,9530
2024-01-02 07:59:00,102.42,102.64,102.34,102.46,3487
2024-01-02 08:00:00,102.4,102.49,102.33,102.4,8204
2024-01-02 08:01:00,102.46,102.56,102.03,102.31,40378
2024-01-02 08:02:00,102.26,102.56,102.02,102.34,16271
2024-01-02 08:03:00,102.28,102.59,102.13,102.38,40315
2024-01-02 08:04:00,102.35,102.46,102.06,102.35,2979
2024-01-02 08:05:00,102.33,102.51,102.04,102.21,1115
2024-01-02 08:06:00,102.29,102.6,102.04,102.19,28684
2024-01-02 08:07:00,102.21,102.48,101.94,102.21,60155
2024-01-02 08:08:00,102.19,102.3,102.06,102.13,3979
2024-01-02 08:09:00,102.14,102.44,101.98,102.14,37273
2024-01-02 08:10:00,102.23,102.29,101.96,102.14,72421
2024-01-02 08:11:00,102.06,102.38,101.81,102.17,21930
2024-01-02 08:12:00,102.11,102.47,101.83,102.18,54235
2024-01-02 08:13:00,102.27,102.56,102.07,102.13,26646
2024-01-02 08:14:00,102.22,102.45,102.08,102.19,16933
2024-01-02 08:15:00,102.12,102.28,101.87,102.18,50061
2024-01-02 08:16:00,102.11,102.34,101.82,102.18,149163
2024-01-02 08:17:00,102.16,102.22,101.87,102.13,12608
2024-01-02 08:18:00,102.04,102.19,101.94,102.11,20176
2024-01-02 08:19:00,102.14,102.31,101.91,102.06,8178
2024-01-02 08:20:00,101.98,102.23,101.69,102.05,25724
2024-01-02 08:21:00,101.96,102.36,101.84,102.14,18837
2024-01-02 08:22:00,102.14,102.23,101.91,102.07,70154
2024-01-02 08:23:00,102.16,102.33,101.78,101.99,91103
2024-01-02 08:24:00,101.97,102.18,101.73,102.06,48435
2024-01-02 08:25:00,102.03,102.13,101.84,102.05,62740
2024-01-02 08:26:00,102.15,102.36,101.91,102.02,10885
2024-01-02 08:27:00,102.03,102.33,101.82,102.07,8476
2024-01-02 08:28:00,102.05,102.26,101.86,102.04,34091
2024-01-02 08:29:00,102.02,102.42,101.79,102.13,22471
2024-01-02 08:30:00,102.07,102.32,101.96,102.17,162622
2024-01-02 08:31:00,102.17,102.24,102.05,102.14,3223
2024-01-02 08:32:00,102.13,102.56,101.98,102.25,40928
2024-01-02 08:33:00,102.21,102.5,102.11,102.22,40257
2024-01-02 08:34:00,102.15,102.42,101.86,102.26,10280
2024-01-02 08:35:00,102.22,102.35,102.02,102.28,8370
2024-01-02 08:36:00,102.28,102.63,101.98,102.34,15689
2024-01-02 08:37:00,102.25,102.69,101.98,102.42,4266
2024-01-02 08:38:00,102.35,102.64,102.24,102.42,94592
2024-01-02 08:39:00,102.52,102.75,102.08,102.39,327986
2024-01-02 08:40:00,102.39,102.6,102.28,102.41,15657
2024-01-02 08:41:00,102.32,102.57,102.09,102.37,11622
2024-01-02 08:42:00,102.41,102.58,102.18,102.48,5938
2024-01-02 08:43:00,102.39,102.69,102.18,102.48,7360
2024-01-02 08:44:00,102.53,102.66,102.38,102.47,12216
2024-01-02 08:45:00,102.52,102.73,102.27,102.48,73774
2024-01-02 08:46:00,102.51,102.64,102.28,102.41,536599
2024-01-02 08:47:00,102.45,102.59,102.18,102.36,10691
2024-01-02 08:48:00,102.27,102.72,102.03,102.42,8936
2024-01-02 08:49:00,102.46,102.73,102.2,102.38,6850
2024-01-02 08:50:00,102.31,102.52,102.21,102.33,34571
2024-01-02 08:51:00,102.3,102.59,102.14,102.36,31076
2024-01-02 08:52:00,102.45,102.69,102.26,102.42,24365
2024-01-02 08:53:00,102.42,102.54,102.32,102.46,14124
2024-01-02 08:54:00,102.55,102.81,102.39,102.51,85751
2024-01-02 08:55:00,102.42,102.59,102.13,102.47,47299
2024-01-02 08:56:00,102.46,102.68,102.32,102.4,45291
2024-01-02 08:57:00,102.31,102.56,102.19,102.47,31896
2024-01-02 08:58:00,102.5,102.7,102.21,102.46,18226
2024-01-02 08:59:00,102.37,102.56,102.1,102.44,10773
2024-01-02 09:00:00,102.38,102.59,102.27,102.51,37045
2024-01-02 09:01:00,102.46,102.84,102.38,102.54,33629
2024-01-02 09:02:00,102.59,102.87,102.33,102.56,38839
2024-01-02 09:03:00,102.49,102.74,102.32,102.67,4608
2024-01-02 09:04:00,102.75,102.93,102.35,102.64,30923
2024-01-02 09:05:00,102.57,102.85,102.4,102.69,16176
2024-01-02 09:06:00,102.59,102.77,102.38,102.69,9149
2024-01-02 09:07:00,102.67,102.81,102.6,102.71,45634
2024-01-02 09:08:00,102.8,103.11,102.66,102.78,26298
2024-01-02 09:09:00,102.7,102.9,102.47,102.81,231914
2024-01-02 09:10:00,102.73,103.1,102.66,102.84,35756
2024-01-02 09:11:00,102.89,102.97,102.81,102.89,16363
2024-01-02 09:12:00,102.85,102.94,102.63,102.87,19765
2024-01-02 09:13:00,102.92,103.12,102.61,102.83,6823
2024-01-02 09:14:00,102.77,102.96,102.51,102.78,75421
2024-01-02 09:15:00,102.77,102.96,102.39,102.68,30181
2024-01-02 09:16:00,102.63,102.96,102.37,102.78,30703
2024-01-02 09:17:00,102.77,102.93,102.56,102.73,7599
2024-01-02 09:18:00,102.78,103.05,102.63,102.71,48002
2024-01-02 09:19:00,102.77,102.96,102.46,102.7,8643
2024-01-02 09:20:00,102.7,102.96,102.5,102.72,12658
2024-01-02 09:21:00,102.8,102.97,102.64,102.76,24970
2024-01-02 09:22:00,102.71,103.09,102.56,102.8,12320
2024-01-02 09:23:00,102.75,103.03,102.69,102.77,9973
2024-01-02 09:24:00,102.79,102.91,102.62,102.76,20949
2024-01-02 09:25:00,102.79,103.01,102.64,102.78,60476
2024-01-02 09:26:00,102.68,102.83,102.59,102.76,53910
2024-01-02 09:27:00,102.79,102.97,102.69,102.85,44686
2024-01-02 09:28:00,102.82,102.98,102.57,102.87,35819
2024-01-02 09:29:00,102.92,103.08,102.75,102.91,13690
2024-01-02 09:30:00,102.97,103.27,102.78,102.94,67566
2024-01-02 09:31:00,102.96,103.3,102.83,103.0,3881
2024-01-02 09:32:00,102.9,103.17,102.75,103.01,33988
2024-01-02 09:33:00,103.04,103.23,102.75,102.95,51087
2024-01-02 09:34:00,103.0,103.11,102.71,102.97,20124
2024-01-02 09:35:00,102.92,103.11,102.86,102.93,10696
2024-01-02 09:36:00,102.93,103.13,102.65,102.91,21225
2024-01-02 09:37:00,103.0,103.12,102.88,102.94,10325
2024-01-02 09:38:00,102.9,103.26,102.59,103.0,36837
2024-01-02 09:39:00,102.94,103.07,102.65,103.0,56711
2024-01-02 09:40:00,102.94,103.16,102.65,103.02,34430
2024-01-02 09:41:00,103.03,103.32,102.75,103.11,32439
2024-01-02 09:42:00,103.2,103.45,103.06,103.12,47113
2024-01-02 09:43:00,103.14,103.32,102.95,103.25,52885
2024-01-02 09:44:00,103.21,103.37,103.04,103.28,10114
2024-01-02 09:45:00,103.31,103.61,103.06,103.19,4731
2024-01-02 09:46:00,103.22,103.41,103.07,103.23,29082
2024-01-02 09:47:00,103.25,103.46,103.15,103.25,55513
2024-01-02 09:48:00,103.18,103.43,102.91,103.32,4532
2024-01-02 09:49:00,103.34,103.61,103.09,103.35,23595
2024-01-02 09:50:00,103.34,103.59,103.17,103.34,68072
2024-01-02 09:51:00,103.24,103.52,103.09,103.28,19605
2024-01-02 09:52:00,103.29,103.37,103.12,103.27,100824
2024-01-02 09:53:00,103.37,103.46,103.07,103.23,83603
2024-01-02 09:54:00,103.19,103.32,102.99,103.2,18348
2024-01-02 09:55:00,103.29,103.44,102.99,103.23,15248
2024-01-02 09:56:00,103.14,103.5,102.85,103.31,15532
2024-01-02 09:57:00,103.36,103.44,103.1,103.33,25206
2024-01-02 09:58:00,103.25,103.5,102.96,103.27,6812
2024-01-02 09:59:00,103.22,103.44,103.09,103.29,5662
2024-01-02 10:00:00,103.31,103.45,103.19,103.36,2272
2024-01-02 10:01:00,103.37,103.56,103.06,103.32,21565
2024-01-02 10:02:00,103.38,103.51,103.22,103.32,169208
2024-01-02 10:03:00,103.34,103.46,103.24,103.32,3009
2024-01-02 10:04:00,103.34,103.63,103.0,103.28,18321
2024-01-02 10:05:00,103.36,103.49,103.2,103.31,17779
2024-01-02 10:06:00,103.3,103.59,103.25,103.3,18919
2024-01-02 10:07:00,103.25,103.53,102.96,103.33,77404
2024-01-02 10:08:00,103.26,103.46,103.2,103.28,9059
2024-01-02 10:09:00,103.26,103.37,102.97,103.26,3145
2024-01-02 10:10:00,103.3,103.36,103.14,103.3,12909
2024-01-02 10:11:00,103.2,103.53,102.93,103.28,11295
2024-01-02 10:12:00,103.2,103.54,103.09,103.37,2366
2024-01-02 10:13:00,103.28,103.55,103.16,103.34,28155
2024-01-02 10:14:00,103.36,103.48,103.1,103.36,6727
2024-01-02 10:15:00,103.3,103.5,103.25,103.4,20270
2024-01-02 10:16:00,103.34,103.47,103.15,103.33,15323
2024-01-02 10:17:00,103.35,103.58,102.99,103.24,7524
2024-01-02 10:18:00,103.29,103.52,102.95,103.16,53670
2024-01-02 10:19:00,103.13,103.45,103.01,103.23,16622
2024-01-02 10:20:00,103.24,103.39,102.99,103.2,23254
2024-01-02 10:21:00,103.12,103.4,102.99,103.33,39592
2024-01-02 10:22:00,103.42,103.58,103.11,103.3,29392
2024-01-02 10:23:00,103.27,103.49,103.03,103.31,25463
2024-01-02 10:24:00,103.41,103.59,103.1,103.39,9660
2024-01-02 10:25:00,103.49,103.64,103.3,103.49,7242
2024-01-02 10:26:00,103.55,103.65,103.42,103.6,25792
2024-01-02 10:27:00,103.5,103.94,103.36,103.66,8417
2024-01-02 10:28:00,103.67,103.83,103.48,103.72,48749
2024-01-02 10:29:00,103.63,103.82,103.44,103.75,19350
2024-01-02 10:30:00,103.83,103.96,103.64,103.79,42134
2024-01-02 10:31:00,103.85,104.11,103.54,103.76,8219
2024-01-02 10:32:00,103.86,104.02,103.51,103.72,7036
2024-01-02 10:33:00,103.74,103.99,103.47,103.72,118051
2024-01-02 10:34:00,103.72,103.82,103.58,103.71,18968
2024-01-02 10:35:00,103.71,103.85,103.58,103.68,54897
2024-01-02 10:36:00,103.66,103.78,103.56,103.72,5367
2024-01-02 10:37:00,103.71,104.03,103.52,103.77,16596
2024-01-02 10:38:00,103.8,103.94,103.56,103.77,81012
2024-01-02 10:39:00,103.86,104.11,103.71,103.85,4607
2024-01-02 10:40:00,103.87,104.04,103.72,103.79,214339
2024-01-02 10:41:00,103.87,104.07,103.64,103.78,26971
2024-01-02 10:42:00,103.86,104.02,103.58,103.74,9711
2024-01-02 10:43:00,103.75,103.96,103.45,103.65,31318
2024-01-02 10:44:00,103.62,103.8,103.56,103.64,66778
2024-01-02 10:45:00,103.67,103.89,103.36,103.64,9647
2024-01-02 10:46:00,103.63,103.97,103.32,103.72,11136
2024-01-02 10:47:00,103.63,103.84,103.52,103.75,28257
2024-01-02 10:48:00,103.72,103.91,103.58,103.7,34997
2024-01-02 10:49:00,103.8,103.86,103.64,103.79,18061
2024-01-02 10:50:00,103.7,103.98,103.58,103.85,32936
2024-01-02 10:51:00,103.9,104.2,103.77,103.88,51717
2024-01-02 10:52:00,103.96,104.04,103.79,103.87,26194
2024-01-02 10:53:00,103.9,104.17,103.59,103.82,11031
2024-01-02 10:54:00,103.84,103.92,103.7,103.8,21570
2024-01-02 10:55:00,103.85,104.11,103.72,103.86,127546
2024-01-02 10:56:00,103.85,104.27,103.65,103.96,30732
2024-01-02 10:57:00,103.87,104.14,103.6,104.04,76132
2024-01-02 10:58:00,104.13,104.27,103.89,104.01,13169
2024-01-02 10:59:00,104.0,104.14,103.7,103.96,28642
2024-01-02 11:00:00,103.99,104.09,103.81,103.96,48742
2024-01-02 11:01:00,103.97,104.03,103.6,103.87,98494
2024-01-02 11:02:00,103.78,104.03,103.66,103.89,75176
2024-01-02 11:03:00,103.98,104.18,103.64,103.88,7192
2024-01-02 11:04:00,103.94,104.2,103.71,103.86,69692
2024-01-02 11:05:00,103.78,104.05,103.6,103.77,118895
2024-01-02 11:06:00,103.87,103.95,103.53,103.8,12395
2024-01-02 11:07:00,103.85,104.04,103.56,103.77,9004
2024-01-02 11:08:00,103.77,104.06,103.51,103.71,21494
2024-01-02 11:09:00,103.73,103.79,103.29,103.56,26357
2024-01-02 11:10:00,103.48,103.69,103.3,103.56,15520
2024-01-02 11:11:00,103.57,103.76,103.44,103.65,6722
2024-01-02 11:12:00,103.56,103.97,103.4,103.74,96029
2024-01-02 11:13:00,103.75,103.96,103.45,103.72,9321
2024-01-02 11:14:00,103.73,103.87,103.48,103.68,13267
2024-01-02 11:15:00,103.76,104.02,103.47,103.71,24566
2024-01-02 11:16:00,103.75,103.95,103.51,103.66,5051
2024-01-02 11:17:00,103.6,103.83,103.44,103.67,4680
2024-01-02 11:18:00,103.75,103.89,103.48,103.71,14304
2024-01-02 11:19:00,103.73,103.86,103.42,103.78,50293
2024-01-02 11:20:00,103.8,104.05,103.64,103.77,26582
2024-01-02 11:21:00,103.7,103.82,103.47,103.76,2809
2024-01-02 11:22:00,103.83,104.08,103.41,103.71,88387
2024-01-02 11:23:00,103.8,103.92,103.6,103.67,48893
2024-01-02 11:24:00,103.73,104.02,103.54,103.66,26662
2024-01-02 11:25:00,103.75,103.99,103.61,103.68,25956
2024-01-02 11:26:00,103.64,103.97,103.55,103.73,43192
2024-01-02 11:27:00,103.8,104.03,103.49,103.68,225554
2024-01-02 11:28:00,103.68,104.06,103.62,103.76,53131
2024-01-02 11:29:00,103.69,103.88,103.62,103.75,29618
2024-01-02 11:30:00,103.78,104.06,103.54,103.75,6456
2024-01-02 11:31:00,103.78,103.98,103.62,103.71,25965
2024-01-02 11:32:00,103.66,103.84,103.43,103.58,47729
2024-01-02 11:33:00,103.48,103.76,103.23,103.63,19630
2024-01-02 11:34:00,103.57,103.73,103.35,103.67,13058
2024-01-02 11:35:00,103.65,103.92,103.36,103.65,38316
2024-01-02 11:36:00,103.58,103.9,103.46,103.65,8200
2024-01-02 11:37:00,103.59,103.89,103.5,103.68,52468
2024-01-02 11:38:00,103.66,103.74,103.38,103.6,14248
2024-01-02 11:39:00,103.7,103.97,103.5,103.57,2637
2024-01-02 11:40:00,103.63,103.71,103.42,103.61,13978
2024-01-02 11:41:00,103.58,103.69,103.34,103.55,20803
2024-01-02 11:42:00,103.64,103.75,103.48,103.56,38272
2024-01-02 11:43:00,103.59,103.79,103.22,103.49,34099
2024-01-02 11:44:00,103.49,103.75,103.22,103.52,6060
2024-01-02 11:45:00,103.51,103.64,103.23,103.52,24886
2024-01-02 11:46:00,103.5,103.65,103.16,103.43,12913
2024-01-02 11:47:00,103.38,103.67,103.26,103.49,15363
2024-01-02 11:48:00,103.47,103.59,103.26,103.46,8117
2024-01-02 11:49:00,103.46,103.53,103.12,103.41,20933
2024-01-02 11:50:00,103.42,103.55,103.28,103.42,505061
2024-01-02 11:51:00,103.48,103.6,103.43,103.48,140989
2024-01-02 11:52:00,103.45,103.68,103.23,103.43,8113
2024-01-02 11:53:00,103.48,103.74,103.37,103.43,23527
2024-01-02 11:54:00,103.45,103.75,103.31,103.46,16090
2024-01-02 11:55:00,103.55,103.84,103.41,103.49,25387
2024-01-02 11:56:00,103.47,103.75,103.27,103.5,55067
2024-01-02 11:57:00,103.58,103.73,103.41,103.48,19354
2024-01-02 11:58:00,103.55,103.76,103.38,103.44,10805
2024-01-02 11:59:00,103.47,103.65,103.24,103.44,70016
2024-01-02 12:00:00,103.48,103.72,103.08,103.39,6412
2024-01-02 12:01:00,103.3,103.42,103.1,103.24,26616
2024-01-02 12:02:00,103.33,103.47,103.02,103.26,4983
2024-01-02 12:03:00,103.18,103.6,102.88,103.31,7894
2024-01-02 12:04:00,103.32,103.62,102.91,103.18,46387
2024-01-02 12:05:00,103.15,103.46,102.98,103.13,11165
2024-01-02 12:06:00,103.12,103.46,102.87,103.16,3372
2024-01-02 12:07:00,103.19,103.37,103.12,103.27,10692
2024-01-02 12:08:00,103.36,103.46,103.02,103.27,9606
2024-01-02 12:09:00,103.26,103.48,103.12,103.23,6233
2024-01-02 12:10:00,103.33,103.58,103.14,103.22,38180
2024-01-02 12:11:00,103.24,103.56,102.99,103.3,4689
2024-01-02 12:12:00,103.23,103.57,103.14,103.26,12235
2024-01-02 12:13:00,103.2,103.51,103.06,103.22,25169
2024-01-02 12:14:00,103.27,103.42,103.02,103.2,15634
2024-01-02 12:15:00,103.1,103.36,102.8,103.15,14703
2024-01-02 12:16:00,103.14,103.36,102.85,103.15,10692
2024-01-02 12:17:00,103.08,103.35,102.93,103.24,6510
2024-01-02 12:18:00,103.22,103.44,103.09,103.25,11652
2024-01-02 12:19:00,103.31,103.61,103.0,103.24,42512
2024-01-02 12:20:00,103.23,103.41,102.98,103.23,14270
2024-01-02 12:21:00,103.16,103.33,103.09,103.15,26027
2024-01-02 12:22:00,103.09,103.38,102.88,103.19,67313
2024-01-02 12:23:00,103.16,103.49,103.1,103.19,40126
2024-01-02 12:24:00,103.1,103.36,103.02,103.18,6147
2024-01-02 12:25:00,103.19,103.43,102.99,103.34,34473
2024-01-02 12:26:00,103.36,103.48,103.11,103.36,62797
2024-01-02 12:27:00,103.27,103.5,103.16,103.32,12305
2024-01-02 12:28:00,103.3,103.48,103.24,103.3,4511
2024-01-02 12:29:00,103.28,103.63,103.22,103.36,14175
2024-01-02 12:30:00,103.32,103.42,103.11,103.36,26583
2024-01-02 12:31:00,103.37,103.68,103.01,103.29,39831
2024-01-02 12:32:00,103.26,103.45,103.15,103.34,13085
2024-01-02 12:33:00,103.32,103.53,103.04,103.3,2877
2024-01-02 12:34:00,103.36,103.54,103.2,103.4,6146
2024-01-02 12:35:00,103.33,103.53,103.24,103.45,31568
2024-01-02 12:36:00,103.48,103.68,103.35,103.43,161244
2024-01-02 12:37:00,103.43,103.6,103.32,103.5,21548
2024-01-02 12:38:00,103.46,103.67,103.39,103.5,81869
2024-01-02 12:39:00,103.55,103.73,103.25,103.54,7654
2024-01-02 12:40:00,103.55,103.63,103.34,103.57,11526
2024-01-02 12:41:00,103.56,103.83,103.39,103.53,2121
2024-01-02 12:42:00,103.56,103.65,103.43,103.49,31877
2024-01-02 12:43:00,103.55,103.77,103.35,103.55,9012
2024-01-02 12:44:00,103.64,103.75,103.26,103.53,40098
2024-01-02 12:45:00,103.55,103.8,103.38,103.51,13328
2024-01-02 12:46:00,103.58,103.83,103.34,103.46,166343
2024-01-02 12:47:00,103.35,103.71,103.27,103.48,132349
2024-01-02 12:48:00,103.49,103.82,103.37,103.59,2200
2024-01-02 12:49:00,103.53,103.73,103.43,103.53,39783
2024-01-02 12:50:00,103.45,103.77,103.38,103.53,10474
2024-01-02 12:51:00,103.54,103.7,103.44,103.61,42061
2024-01-02 12:52:00,103.66,103.72,103.36,103.6,5745
2024-01-02 12:53:00,103.58,103.93,103.33,103.62,93081
2024-01-02 12:54:00,103.66,103.93,103.52,103.57,61740
2024-01-02 12:55:00,103.57,103.67,103.37,103.59,5357
2024-01-02 12:56:00,103.58,103.89,103.36,103.58,18373
2024-01-02 12:57:00,103.54,103.78,103.45,103.63,25910
2024-01-02 12:58:00,103.61,103.79,103.46,103.69,45221
2024-01-02 12:59:00,103.66,104.07,103.6,103.83,21764
2024-01-02 13:00:00,103.86,104.13,103.56,103.86,48357
2024-01-02 13:01:00,103.78,104.16,103.49,103.88,20521
2024-01-02 13:02:00,103.79,103.94,103.49,103.89,40610
2024-01-02 13:03:00,103.92,104.07,103.59,103.87,5609
2024-01-02 13:04:00,103.88,103.99,103.71,103.89,21461
2024-01-02 13:05:00,103.87,103.93,103.81,103.87,69572
2024-01-02 13:06:00,103.8,104.18,103.54,103.88,90317
2024-01-02 13:07:00,103.86,104.14,103.67,103.95,26187
2024-01-02 13:08:00,104.01,104.25,103.75,103.9,19947
2024-01-02 13:09:00,103.98,104.23,103.78,103.95,86511
2024-01-02 13:10:00,104.0,104.24,103.69,104.02,19911
2024-01-02 13:11:00,103.93,104.19,103.77,104.02,69184
2024-01-02 13:12:00,104.05,104.34,103.62,103.91,19798
2024-01-02 13:13:00,103.85,104.18,103.66,103.87,22925
2024-01-02 13:14:00,103.84,104.08,103.72,103.94,7297
2024-01-02 13:15:00,103.88,104.0,103.64,103.94,6315
2024-01-02 13:16:00,104.0,104.11,103.68,103.89,58578
2024-01-02 13:17:00,103.92,104.21,103.56,103.86,123354
2024-01-02 13:18:00,103.89,103.96,103.75,103.91,24482
2024-01-02 13:19:00,103.94,104.21,103.74,103.93,18653
2024-01-02 13:20:00,103.88,104.18,103.61,103.92,61245
2024-01-02 13:21:00,103.91,104.08,103.76,103.9,30864
2024-01-02 13:22:00,103.93,104.1,103.66,103.88,2001
2024-01-02 13:23:00,103.91,104.06,103.58,103.84,59496
2024-01-02 13:24:00,103.9,104.21,103.77,103.92,5785
2024-01-02 13:25:00,103.87,104.21,103.66,103.9,21769
2024-01-02 13:26:00,103.96,104.25,103.88,103.97,14164
2024-01-02 13:27:00,103.95,104.16,103.82,104.04,11606
2024-01-02 13:28:00,104.08,104.23,103.98,104.1,23084
2024-01-02 13:29:00,104.09,104.37,103.91,104.07,53832
2024-01-02 13:30:00,104.17,104.47,103.89,104.1,22727
2024-01-02 13:31:00,104.03,104.18,103.83,104.09,90209
2024-01-02 13:32:00,104.13,104.44,103.85,104.05,102129
2024-01-02 13:33:00,104.06,104.12,103.77,104.06,101201
2024-01-02 13:34:00,104.0,104.12,103.76,104.0,20830
2024-01-02 13:35:00,103.91,104.25,103.78,104.06,13653
2024-01-02 13:36:00,104.13,104.25,103.75,104.04,21296
2024-01-02 13:37:00,103.97,104.34,103.78,104.05,67868
2024-01-02 13:38:00,103.99,104.18,103.91,104.07,63918
2024-01-02 13:39:00,104.16,104.26,103.86,104.05,1643
2024-01-02 13:40:00,104.1,104.23,104.02,104.08,29907
2024-01-02 13:41:00,104.03,104.23,103.78,104.06,2063
2024-01-02 13:42:00,104.08,104.39,103.87,104.1,21610
2024-01-02 13:43:00,104.11,104.35,103.89,104.03,12977
2024-01-02 13:44:00,104.1,104.29,103.8,104.04,9538
2024-01-02 13:45:00,104.09,104.38,103.92,104.14,51495
2024-01-02 13:46:00,104.21,104.4,103.8,104.09,11530
2024-01-02 13:47:00,104.03,104.27,103.81,104.05,21818
2024-01-02 13:48:00,104.08,104.34,104.0,104.08,8670
2024-01-02 13:49:00,103.98,104.28,103.68,104.09,23711
2024-01-02 13:50:00,104.0,104.25,103.87,104.11,57510
2024-01-02 13:51:00,104.15,104.36,104.02,104.13,9155
2024-01-02 13:52:00,104.03,104.36,103.94,104.17,41770
2024-01-02 13:53:00,104.18,104.43,103.97,104.22,23306
2024-01-02 13:54:00,104.29,104.46,104.09,104.25,23093
2024-01-02 13:55:00,104.22,104.35,104.08,104.23,15515
2024-01-02 13:56:00,104.14,104.45,104.02,104.27,47734
2024-01-02 13:57:00,104.31,104.62,104.08,104.37,43084
2024-01-02 13:58:00,104.46,104.58,104.28,104.36,19275
2024-01-02 13:59:00,104.41,104.46,104.1,104.31,26975
2024-01-02 14:00:00,104.33,104.47,104.27,104.37,46303
2024-01-02 14:01:00,104.31,104.51,104.01,104.36,37855
2024-01-02 14:02:00,104.26,104.49,103.97,104.25,16209
2024-01-02 14:03:00,104.29,104.38,104.22,104.29,70665
2024-01-02 14:04:00,104.24,104.32,103.93,104.26,52267
2024-01-02 14:05:00,104.34,104.47,104.09,104.26,181904
2024-01-02 14:06:00,104.25,104.43,104.01,104.28,4584
2024-01-02 14:07:00,104.28,104.42,104.09,104.29,44444
2024-01-02 14:08:00,104.34,104.65,104.15,104.32,69709
2024-01-02 14:09:00,104.38,104.58,104.12,104.3,60184
2024-01-02 14:10:00,104.33,104.59,104.21,104.33,17107
2024-01-02 14:11:00,104.42,104.52,104.06,104.31,5635
2024-01-02 14:12:00,104.41,104.57,104.06,104.35,102708
2024-01-02 14:13:00,104.45,104.67,104.18,104.38,13605
2024-01-02 14:14:00,104.45,104.52,104.09,104.34,16392
2024-01-02 14:15:00,104.38,104.62,104.16,104.39,173954
2024-01-02 14:16:00,104.43,104.55,104.06,104.36,6166
2024-01-02 14:17:00,104.28,104.54,104.19,104.41,49955
2024-01-02 14:18:00,104.36,104.74,104.11,104.43,10365
2024-01-02 14:19:00,104.32,104.68,104.03,104.52,10140
2024-01-02 14:20:00,104.45,104.59,104.37,104.51,26046
2024-01-02 14:21:00,104.5,104.73,104.39,104.49,43320
2024-01-02 14:22:00,104.42,104.78,104.15,104.49,56965
2024-01-02 14:23:00,104.57,104.71,104.19,104.47,64956
2024-01-02 14:24:00,104.54,104.6,104.32,104.52,10866
2024-01-02 14:25:00,104.43,104.73,104.15,104.43,7019
2024-01-02 14:26:00,104.38,104.52,104.28,104.38,15636
2024-01-02 14:27:00,104.44,104.55,104.13,104.32,31178
2024-01-02 14:28:00,104.38,104.59,104.31,104.37,17932
2024-01-02 14:29:00,104.46,104.62,104.19,104.46,583
2024-01-02 14:30:00,104.56,104.73,104.36,104.45,3543
2024-01-02 14:31:00,104.55,104.86,104.32,104.45,17318
2024-01-02 14:32:00,104.43,104.71,104.32,104.45,51802
2024-01-02 14:33:00,104.4,104.67,104.22,104.51,8913
2024-01-02 14:34:00,104.56,104.75,104.27,104.46,45847
2024-01-02 14:35:00,104.42,104.59,104.23,104.47,4933
2024-01-02 14:36:00,104.54,104.72,104.42,104.53,28440
2024-01-02 14:37:00,104.53,104.86,104.25,104.55,28648
2024-01-02 14:38:00,104.61,104.9,104.33,104.56,35197
2024-01-02 14:39:00,104.51,104.71,104.31,104.61,8036
2024-01-02 14:40:00,104.62,104.88,104.41,104.47,4686
2024-01-02 14:41:00,104.49,104.69,104.33,104.51,45526
2024-01-02 14:42:00,104.6,104.71,104.32,104.47,4787
2024-01-02 14:43:00,104.42,104.73,104.14,104.38,10189
2024-01-02 14:44:00,104.47,104.6,104.19,104.4,88581
2024-01-02 14:45:00,104.47,104.59,104.26,104.48,26105
2024-01-02 14:46:00,104.52,104.81,104.27,104.47,31848
2024-01-02 14:47:00,104.53,104.77,104.35,104.52,41139
2024-01-02 14:48:00,104.54,104.79,104.31,104.6,39700
2024-01-02 14:49:00,104.55,104.94,104.33,104.67,21562
2024-01-02 14:50:00,104.61,105.07,104.34,104.76,8942
2024-01-02 14:51:00,104.83,105.09,104.52,104.8,322564
2024-01-02 14:52:00,104.84,104.97,104.64,104.8,16438
2024-01-02 14:53:00,104.74,104.94,104.54,104.72,30670
2024-01-02 14:54:00,104.74,105.02,104.64,104.7,34205
2024-01-02 14:55:00,104.69,104.8,104.38,104.66,12926
2024-01-02 14:56:00,104.59,104.84,104.48,104.77,14390
2024-01-02 14:57:00,104.78,104.92,104.52,104.76,97560
2024-01-02 14:58:00,104.72,104.97,104.42,104.77,10519
2024-01-02 14:59:00,104.69,104.91,104.41,104.8,33270
2024-01-02 15:00:00,104.79,104.93,104.68,104.8,53952
2024-01-02 15:01:00,104.82,105.07,104.75,104.89,17780
2024-01-02 15:02:00,104.8,105.01,104.65,104.86,20052
2024-01-02 15:03:00,104.84,104.96,104.56,104.87,57348
2024-01-02 15:04:00,104.82,104.98,104.51,104.83,19199
2024-01-02 15:05:00,104.73,105.05,104.63,104.76,2759
2024-01-02 15:06:00,104.68,104.91,104.47,104.73,99099
2024-01-02 15:07:00,104.65,104.99,104.37,104.73,8304
2024-01-02 15:08:00,104.66,104.92,104.6,104.7,27322
2024-01-02 15:09:00,104.77,104.95,104.38,104.67,5897
2024-01-02 15:10:00,104.65,104.89,104.31,104.59,13215
2024-01-02 15:11:00,104.52,104.82,104.46,104.59,14235
2024-01-02 15:12:00,104.51,104.82,104.21,104.51,26217
2024-01-02 15:13:00,104.47,104.64,104.39,104.55,9162
2024-01-02 15:14:00,104.61,104.81,104.3,104.55,159984
2024-01-02 15:15:00,104.53,104.68,104.39,104.48,22573
2024-01-02 15:16:00,104.41,104.65,104.27,104.46,53158
2024-01-02 15:17:00,104.44,104.59,104.2,104.42,21832
2024-01-02 15:18:00,104.43,104.72,104.24,104.44,59710
2024-01-02 15:19:00,104.34,104.74,104.12,104.51,2695
2024-01-02 15:20:00,104.54,104.73,104.28,104.41,10886
2024-01-02 15:21:00,104.39,104.57,104.26,104.42,13071
2024-01-02 15:22:00,104.32,104.7,104.05,104.41,12966
2024-01-02 15:23:00,104.45,104.65,104.15,104.44,37000
2024-01-02 15:24:00,104.49,104.77,104.16,104.46,39622
2024-01-02 15:25:00,104.48,104.59,104.18,104.42,20454
2024-01-02 15:26:00,104.38,104.61,104.14,104.4,20966
2024-01-02 15:27:00,104.41,104.53,104.13,104.36,252839
2024-01-02 15:28:00,104.33,104.57,104.07,104.41,30472
2024-01-02 15:29:00,104.46,104.72,104.31,104.42,2379
2024-01-02 15:30:00,104.43,104.62,104.19,104.52,47577
2024-01-02 15:31:00,104.43,104.71,104.23,104.51,38540
2024-01-02 15:32:00,104.54,104.79,104.2,104.47,70216
2024-01-02 15:33:00,104.51,104.63,104.2,104.4,40070
2024-01-02 15:34:00,104.37,104.64,104.02,104.3,8912
2024-01-02 15:35:00,104.38,104.51,104.14,104.22,53637
2024-01-02 15:36:00,104.29,104.4,103.93,104.23,24326
2024-01-02 15:37:00,104.17,104.43,104.0,104.26,62702
2024-01-02 15:38:00,104.34,104.4,104.11,104.18,103559
2024-01-02 15:39:00,104.16,104.45,103.96,104.22,19499
2024-01-02 15:40:00,104.27,104.47,104.12,104.2,52880
2024-01-02 15:41:00,104.26,104.41,103.94,104.21,61923
2024-01-02 15:42:00,104.21,104.39,103.93,104.29,25816
2024-01-02 15:43:00,104.27,104.42,104.17,104.34,156074
2024-01-02 15:44:00,104.42,104.6,104.02,104.32,62664
2024-01-02 15:45:00,104.27,104.41,104.04,104.28,12266
2024-01-02 15:46:00,104.23,104.43,104.07,104.16,28569
2024-01-02 15:47:00,104.14,104.25,103.83,104.13,52060
2024-01-02 15:48:00,104.2,104.3,103.88,104.12,150255
2024-01-02 15:49:00,104.21,104.51,103.98,104.06,40980
2024-01-02 15:50:00,104.01,104.21,103.9,104.06,29420
2024-01-02 15:51:00,104.13,104.24,103.98,104.06,77949
2024-01-02 15:52:00,104.01,104.27,103.77,104.05,17686
2024-01-02 15:53:00,104.15,104.38,103.72,104.02,8184
2024-01-02 15:54:00,104.04,104.13,103.89,104.03,44522
2024-01-02 15:55:00,103.92,104.19,103.81,104.05,15090
2024-01-02 15:56:00,103.95,104.08,103.77,103.99,332957
2024-01-02 15:57:00,103.92,104.33,103.62,104.06,28366
2024-01-02 15:58:00,104.0,104.15,103.73,104.06,44795
2024-01-02 15:59:00,104.12,104.38,103.91,104.06,11750
2024-01-02 16:00:00,104.0,104.18,103.69,104.1,78010
2024-01-02 16:01:00,104.2,104.42,103.8,104.11,21440
2024-01-02 16:02:00,104.14,104.34,103.98,104.16,19447
2024-01-02 16:03:00,104.2,104.32,103.87,104.17,19919
2024-01-02 16:04:00,104.12,104.26,104.06,104.14,6054
2024-01-02 16:05:00,104.22,104.41,104.01,104.16,17145
2024-01-02 16:06:00,104.2,104.32,103.88,104.1,38031
2024-01-02 16:07:00,104.18,104.32,103.95,104.11,4696
2024-01-02 16:08:00,104.2,104.26,103.9,104.11,61185
2024-01-02 16:09:00,104.03,104.18,103.92,104.09,16842
2024-01-02 16:10:00,104.01,104.33,103.88,104.09,28133
2024-01-02 16:11:00,104.15,104.25,103.79,103.99,2358
2024-01-02 16:12:00,104.07,104.17,103.84,103.96,27583
2024-01-02 16:13:00,103.98,104.19,103.72,103.97,7760
2024-01-02 16:14:00,103.94,104.22,103.76,103.97,15499
2024-01-02 16:15:00,104.01,104.18,103.66,103.92,4594
2024-01-02 16:16:00,103.88,104.09,103.79,103.99,9119
2024-01-02 16:17:00,103.93,104.17,103.77,103.94,18703
2024-01-02 16:18:00,103.94,104.23,103.82,103.99,16785
2024-01-02 16:19:00,103.93,104.15,103.65,104.01,53344
2024-01-02 16:20:00,104.01,104.17,103.78,103.98,3401
2024-01-02 16:21:00,104.08,104.16,103.97,104.07,20923
2024-01-02 16:22:00,104.14,104.21,103.85,104.01,19948
2024-01-02 16:23:00,104.1,104.41,103.78,104.06,13935
2024-01-02 16:24:00,104.12,104.34,103.84,104.11,8837
2024-01-02 16:25:00,104.08,104.29,103.93,104.08,66315
2024-01-02 16:26:00,104.14,104.25,103.92,104.15,170708
2024-01-02 16:27:00,104.24,104.34,103.98,104.14,3967
2024-01-02 16:28:00,104.23,104.5,104.07,104.15,8741
2024-01-02 16:29:00,104.19,104.27,104.05,104.16,8067
2024-01-02 16:30:00,104.1,104.35,103.99,104.16,16621
2024-01-02 16:31:00,104.06,104.38,103.93,104.2,77330
2024-01-02 16:32:00,104.13,104.43,104.0,104.24,37334
2024-01-02 16:33:00,104.34,104.65,103.97,104.15,18885
2024-01-02 16:34:00,104.14,104.46,103.91,104.22,22389
2024-01-02 16:35:00,104.29,104.47,104.02,104.13,16010
2024-01-02 16:36:00,104.12,104.37,103.89,104.19,46103
2024-01-02 16:37:00,104.22,104.42,104.15,104.24,52069
2024-01-02 16:38:00,104.14,104.24,104.01,104.19,39787
2024-01-02 16:39:00,104.13,104.26,103.85,104.17,2449
2024-01-02 16:40:00,104.15,104.25,103.95,104.11,22317
2024-01-02 16:41:00,104.14,104.37,103.83,104.1,18278
2024-01-02 16:42:00,104.03,104.26,103.93,104.08,59355
2024-01-02 16:43:00,104.14,104.26,103.96,104.12,27976
2024-01-02 16:44:00,104.09,104.34,103.95,104.19,38435
2024-01-02 16:45:00,104.26,104.35,103.97,104.26,13422
2024-01-02 16:46:00,104.18,104.29,104.01,104.23,56353
2024-01-02 16:47:00,104.27,104.58,104.0,104.22,75645
2024-01-02 16:48:00,104.18,104.32,104.04,104.13,4328
2024-01-02 16:49:00,104.2,104.5,104.04,104.09,6025
2024-01-02 16:50:00,104.07,104.37,103.79,104.14,47214
2024-01-02 16:51:00,104.18,104.29,103.94,104.23,18538
2024-01-02 16:52:00,104.32,104.63,103.94,104.16,61618
2024-01-02 16:53:00,104.06,104.29,103.78,104.13,28052
2024-01-02 16:54:00,104.03,104.33,103.78,104.13,44040
2024-01-02 16:55:00,104.19,104.39,104.08,104.14,10433
2024-01-02 16:56:00,104.18,104.28,104.03,104.1,30939
2024-01-02 16:57:00,104.06,104.2,104.0,104.12,31027
2024-01-02 16:58:00,104.12,104.29,104.0,104.1,11060
2024-01-02 16:59:00,104.0,104.37,103.76,104.1,59975
2024-01-02 17:00:00,104.04,104.33,103.86,104.13,3309
2024-01-02 17:01:00,104.11,104.25,103.94,104.13,27111
2024-01-02 17:02:00,104.2,104.42,103.85,104.11,6038
2024-01-02 17:03:00,104.1,104.17,103.86,104.1,7924
2024-01-02 17:04:00,104.12,104.36,103.9,104.1,59040
2024-01-02 17:05:00,104.17,104.28,103.88,104.08,7332
2024-01-02 17:06:00,104.04,104.25,103.86,104.06,7029
2024-01-02 17:07:00,104.1,104.32,104.02,104.15,39352
2024-01-02 17:08:00,104.22,104.32,104.1,104.17,7253
2024-01-02 17:09:00,104.11,104.27,103.99,104.16,60974
2024-01-02 17:10:00,104.13,104.31,104.02,104.2,41965
2024-01-02 17:11:00,104.3,104.54,103.91,104.18,10120
2024-01-02 17:12:00,104.28,104.42,104.11,104.24,58710
2024-01-02 17:13:00,104.18,104.53,103.97,104.26,3169
2024-01-02 17:14:00,104.17,104.38,103.93,104.25,35330
2024-01-02 17:15:00,104.21,104.42,104.0,104.28,6334
2024-01-02 17:16:00,104.26,104.57,104.06,104.19,13052
2024-01-02 17:17:00,104.18,104.48,104.0,104.14,13922
2024-01-02 17:18:00,104.16,104.35,103.9,104.07,79332
2024-01-02 17:19:00,104.16,104.41,104.01,104.08,13342
2024-01-02 17:20:00,104.05,104.39,103.8,104.17,20361
2024-01-02 17:21:00,104.24,104.46,104.16,104.29,14211
2024-01-02 17:22:00,104.2,104.44,103.97,104.32,8244
2024-01-02 17:23:00,104.23,104.63,104.06,104.35,7861
2024-01-02 17:24:00,104.35,104.55,104.14,104.25,29993
2024-01-02 17:25:00,104.16,104.38,104.02,104.22,21452
2024-01-02 17:26:00,104.2,104.43,103.88,104.18,47217
2024-01-02 17:27:00,104.27,104.53,104.05,104.15,17290
2024-01-02 17:28:00,104.1,104.35,104.03,104.14,17860
2024-01-02 17:29:00,104.19,104.3,104.02,104.12,47370
2024-01-02 17:30:00,104.08,104.22,103.79,104.02,15182
2024-01-02 17:31:00,103.92,104.24,103.63,104.05,5220
2024-01-02 17:32:00,104.07,104.17,103.85,104.0,51407
2024-01-02 17:33:00,104.07,104.21,103.9,104.01,11190
2024-01-02 17:34:00,103.99,104.43,103.84,104.12,23550
2024-01-02 17:35:00,104.14,104.44,103.92,104.07,11772
2024-01-02 17:36:00,104.15,104.26,103.86,103.94,8328
2024-01-02 17:37:00,104.0,104.27,103.86,103.92,3298
2024-01-02 17:38:00,103.86,104.28,103.7,103.98,30920
2024-01-02 17:39:00,104.03,104.2,103.82,104.08,739
2024-01-02 17:40:00,104.08,104.17,103.95,104.02,80687
2024-01-02 17:41:00,104.07,104.34,103.88,104.05,61822
2024-01-02 17:42:00,104.04,104.23,103.92,104.02,8870
2024-01-02 17:43:00,103.94,104.08,103.8,104.02,107823
2024-01-02 17:44:00,104.03,104.34,103.78,104.15,172957
2024-01-02 17:45:00,104.15,104.33,103.82,104.07,16758
2024-01-02 17:46:00,104.08,104.17,104.01,104.09,33222
2024-01-02 17:47:00,104.17,104.26,103.86,104.11,25242
2024-01-02 17:48:00,104.19,104.44,104.08,104.17,100069
2024-01-02 17:49:00,104.16,104.23,103.93,104.17,5471
2024-01-02 17:50:00,104.16,104.47,103.92,104.19,17546
2024-01-02 17:51:00,104.19,104.3,103.97,104.17,55237
2024-01-02 17:52:00,104.17,104.43,104.06,104.18,49688
2024-01-02 17:53:00,104.28,104.47,104.03,104.17,21103
2024-01-02 17:54:00,104.2,104.31,103.89,104.2,88637
2024-01-02 17:55:00,104.15,104.47,103.98,104.18,27819
2024-01-02 17:56:00,104.19,104.29,103.94,104.2,24678
2024-01-02 17:57:00,104.23,104.34,104.1,104.2,44224
2024-01-02 17:58:00,104.23,104.41,104.04,104.26,20725
2024-01-02 17:59:00,104.27,104.35,104.05,104.25,23161
2024-01-02 18:00:00,104.19,104.24,103.88,104.16,10023
2024-01-02 18:01:00,104.06,104.52,103.82,104.23,413909
2024-01-02 18:02:00,104.19,104.37,104.06,104.18,13719
2024-01-02 18:03:00,104.16,104.41,103.85,104.15,45672
2024-01-02 18:04:00,104.05,104.21,103.88,104.11,148556
2024-01-02 18:05:00,104.18,104.32,104.03,104.19,5751
2024-01-02 18:06:00,104.15,104.31,103.77,104.07,40585
2024-01-02 18:07:00,104.16,104.36,103.98,104.24,22542
2024-01-02 18:08:00,104.17,104.59,103.99,104.29,132552
2024-01-02 18:09:00,104.2,104.58,104.13,104.3,8873
2024-01-02 18:10:00,104.3,104.6,104.2,104.3,10381
2024-01-02 18:11:00,104.24,104.62,104.14,104.32,20954
2024-01-02 18:12:00,104.41,104.58,104.21,104.34,13446
2024-01-02 18:13:00,104.24,104.54,104.12,104.38,13914
2024-01-02 18:14:00,104.36,104.71,104.23,104.41,167448
2024-01-02 18:15:00,104.5,104.72,104.32,104.41,25010
2024-01-02 18:16:00,104.39,104.67,104.19,104.4,10049
2024-01-02 18:17:00,104.32,104.7,104.15,104.39,14912
2024-01-02 18:18:00,104.35,104.49,104.21,104.38,33020
2024-01-02 18:19:00,104.38,104.69,104.16,104.44,30864
2024-01-02 18:20:00,104.38,104.73,104.31,104.47,12366
2024-01-02 18:21:00,104.47,104.67,104.02,104.32,4324
2024-01-02 18:22:00,104.39,104.47,104.28,104.35,20940
2024-01-02 18:23:00,104.43,104.67,104.23,104.36,20381
2024-01-02 18:24:00,104.27,104.59,104.08,104.36,11543
2024-01-02 18:25:00,104.29,104.65,104.01,104.34,79203
2024-01-02 18:26:00,104.3,104.63,104.18,104.4,39127
2024-01-02 18:27:00,104.42,104.57,104.14,104.45,25205
2024-01-02 18:28:00,104.42,104.63,104.15,104.41,15356
2024-01-02 18:29:00,104.48,104.65,104.35,104.43,124620
2024-01-02 18:30:00,104.48,104.62,104.29,104.38,6943
2024-01-02 18:31:00,104.3,104.57,104.06,104.31,13405
2024-01-02 18:32:00,104.34,104.41,104.06,104.28,14011
2024-01-02 18:33:00,104.2,104.6,103.96,104.32,29701
2024-01-02 18:34:00,104.27,104.56,104.14,104.37,42654
2024-01-02 18:35:00,104.3,104.68,104.14,104.4,5787
2024-01-02 18:36:00,104.33,104.71,104.07,104.44,11107
2024-01-02 18:37:00,104.46,104.73,104.15,104.46,34463
2024-01-02 18:38:00,104.48,104.72,104.37,104.43,11325
2024-01-02 18:39:00,104.36,104.56,104.3,104.45,14738
2024-01-02 18:40:00,104.55,104.66,104.43,104.49,26177
2024-01-02 18:41:00,104.48,104.72,104.42,104.53,8267
2024-01-02 18:42:00,104.45,104.77,104.16,104.6,29074
2024-01-02 18:43:00,104.52,104.88,104.22,104.63,40642
2024-01-02 18:44:00,104.65,104.76,104.46,104.65,22888
2024-01-02 18:45:00,104.75,104.89,104.53,104.71,91618
2024-01-02 18:46:00,104.72,104.92,104.64,104.71,45497
2024-01-02 18:47:00,104.8,104.91,104.42,104.66,21143
2024-01-02 18:48:00,104.65,104.91,104.45,104.65,15971
2024-01-02 18:49:00,104.64,104.76,104.45,104.61,127353
2024-01-02 18:50:00,104.61,104.69,104.27,104.58,11367
2024-01-02 18:51:00,104.62,104.9,104.5,104.57,16778
2024-01-02 18:52:00,104.54,104.64,104.32,104.53,14620
2024-01-02 18:53:00,104.6,104.72,104.21,104.51,32787
2024-01-02 18:54:00,104.41,104.66,104.29,104.41,210061
2024-01-02 18:55:00,104.4,104.48,104.14,104.42,28188
2024-01-02 18:56:00,104.43,104.59,104.2,104.42,15961
2024-01-02 18:57:00,104.45,104.57,104.29,104.38,26600
2024-01-02 18:58:00,104.33,104.64,104.16,104.42,5926
2024-01-02 18:59:00,104.4,104.58,104.31,104.46,18255
2024-01-02 19:00:00,104.46,104.66,104.14,104.38,121065
2024-01-02 19:01:00,104.42,104.55,104.1,104.34,42701
2024-01-02 19:02:00,104.4,104.5,104.16,104.3,75430
2024-01-02 19:03:00,104.35,104.6,104.03,104.25,60678
2024-01-02 19:04:00,104.22,104.42,104.13,104.29,10842
2024-01-02 19:05:00,104.4,104.46,104.01,104.28,149042
2024-01-02 19:06:00,104.36,104.43,104.19,104.27,3729
2024-01-02 19:07:00,104.22,104.33,104.0,104.17,30714
2024-01-02 19:08:00,104.1,104.46,103.99,104.2,2808
2024-01-02 19:09:00,104.16,104.35,104.06,104.13,3970
2024-01-02 19:10:00,104.12,104.31,104.03,104.14,56137
2024-01-02 19:11:00,104.21,104.32,104.0,104.15,11033
2024-01-02 19:12:00,104.21,104.47,103.96,104.22,76487
2024-01-02 19:13:00,104.3,104.46,104.07,104.16,2503
2024-01-02 19:14:00,104.11,104.23,103.81,104.0,20160
2024-01-02 19:15:00,104.02,104.3,103.7,104.01,6529
2024-01-02 19:16:00,103.96,104.32,103.82,104.1,15858
2024-01-02 19:17:00,104.02,104.4,103.88,104.17,103605
2024-01-02 19:18:00,104.2,104.42,104.06,104.18,132164
2024-01-02 19:19:00,104.1,104.27,104.03,104.15,36788
2024-01-02 19:20:00,104.19,104.35,103.97,104.19,4471
2024-01-02 19:21:00,104.22,104.48,103.88,104.14,6590
2024-01-02 19:22:00,104.21,104.52,104.09,104.17,25849
2024-01-02 19:23:00,104.09,104.37,103.9,104.19,9838
2024-01-02 19:24:00,104.25,104.51,104.13,104.25,42530
2024-01-02 19:25:00,104.35,104.46,104.22,104.39,117703
2024-01-02 19:26:00,104.47,104.78,104.13,104.41,8244
2024-01-02 19:27:00,104.47,104.62,104.11,104.39,8999
2024-01-02 19:28:00,104.42,104.48,104.25,104.39,6765
2024-01-02 19:29:00,104.37,104.61,104.18,104.29,17081
2024-01-02 19:30:00,104.34,104.44,103.98,104.26,23207
2024-01-02 19:31:00,104.3,104.52,103.93,104.24,22506
2024-01-02 19:32:00,104.26,104.35,104.06,104.21,54051
2024-01-02 19:33:00,104.27,104.4,103.93,104.22,32629
2024-01-02 19:34:00,104.21,104.32,104.03,104.17,20770
2024-01-02 19:35:00,104.09,104.32,103.84,104.23,22946
2024-01-02 19:36:00,104.24,104.36,104.16,104.23,23992
2024-01-02 19:37:00,104.18,104.4,104.03,104.23,20789
2024-01-02 19:38:00,104.21,104.31,104.12,104.21,11191
2024-01-02 19:39:00,104.11,104.51,104.04,104.22,6613
2024-01-02 19:40:00,104.2,104.34,104.08,104.27,25394
2024-01-02 19:41:00,104.33,104.63,104.15,104.22,13369
2024-01-02 19:42:00,104.23,104.49,103.9,104.19,37238
2024-01-02 19:43:00,104.08,104.32,103.96,104.17,23670
2024-01-02 19:44:00,104.16,104.39,103.86,104.1,22357
2024-01-02 19:45:00,104.06,104.31,103.79,104.06,58951
2024-01-02 19:46:00,104.05,104.17,103.8,104.03,5406
2024-01-02 19:47:00,104.01,104.17,103.83,104.08,129217
2024-01-02 19:48:00,104.17,104.38,104.0,104.09,2477
2024-01-02 19:49:00,104.0,104.17,103.89,104.1,93976
2024-01-02 19:50:00,104.14,104.31,103.86,104.15,26925
2024-01-02 19:51:00,104.22,104.41,103.89,104.14,13042
2024-01-02 19:52:00,104.23,104.33,104.08,104.16,5056
2024-01-02 19:53:00,104.09,104.27,103.96,104.15,12094
2024-01-02 19:54:00,104.16,104.36,103.88,104.17,18700
2024-01-02 19:55:00,104.07,104.3,103.89,104.14,26766
2024-01-02 19:56:00,104.14,104.19,103.95,104.01,93488
2024-01-02 19:57:00,103.93,104.08,103.7,104.0,23704
2024-01-02 19:58:00,104.07,104.26,103.97,104.08,30322
2024-01-02 19:59:00,104.0,104.33,103.8,104.13,31260
2024-01-02 20:00:00,104.13,104.25,103.91,104.18,15874
2024-01-02 20:01:00,104.18,104.49,104.05,104.24,18174
2024-01-02 20:02:00,104.34,104.57,104.14,104.24,19792
2024-01-02 20:03:00,104.28,104.53,103.97,104.26,41210
2024-01-02 20:04:00,104.21,104.39,104.1,104.22,8840
2024-01-02 20:05:00,104.17,104.36,104.05,104.21,13272
2024-01-02 20:06:00,104.13,104.29,103.91,104.24,31455
2024-01-02 20:07:00,104.29,104.36,104.18,104.3,7506
2024-01-02 20:08:00,104.34,104.58,104.07,104.29,24677
2024-01-02 20:09:00,104.32,104.39,104.05,104.27,12763
2024-01-02 20:10:00,104.17,104.57,104.1,104.27,36507
2024-01-02 20:11:00,104.33,104.49,104.06,104.3,87013
2024-01-02 20:12:00,104.33,104.56,104.12,104.23,12776
2024-01-02 20:13:00,104.32,104.42,103.85,104.11,46990
2024-01-02 20:14:00,104.13,104.43,103.83,104.08,26919
2024-01-02 20:15:00,104.04,104.34,103.81,104.01,15005
2024-01-02 20:16:00,103.99,104.28,103.76,103.99,22173
2024-01-02 20:17:00,103.92,104.27,103.83,103.98,80656
2024-01-02 20:18:00,104.03,104.29,103.85,103.96,18549
2024-01-02 20:19:00,104.0,104.09,103.81,104.03,81561
2024-01-02 20:20:00,103.97,104.18,103.91,104.05,19536
2024-01-02 20:21:00,103.98,104.37,103.75,104.07,5364
2024-01-02 20:22:00,103.98,104.38,103.67,104.1,19020
2024-01-02 20:23:00,104.18,104.34,103.92,104.04,4962
2024-01-02 20:24:00,103.98,104.19,103.8,104.09,16031
2024-01-02 20:25:00,104.06,104.3,103.89,104.09,15427
2024-01-02 20:26:00,104.04,104.28,103.95,104.12,135517
2024-01-02 20:27:00,104.11,104.27,103.99,104.07,110124
2024-01-02 20:28:00,104.11,104.39,103.92,103.99,23990
2024-01-02 20:29:00,104.06,104.22,103.95,104.03,73965
2024-01-02 20:30:00,103.96,104.3,103.83,104.05,14798
2024-01-02 20:31:00,104.09,104.17,103.81,104.0,5285
2024-01-02 20:32:00,103.97,104.26,103.67,103.96,37340
2024-01-02 20:33:00,104.06,104.17,103.78,104.02,31614
2024-01-02 20:34:00,103.97,104.03,103.87,103.95,8625
2024-01-02 20:35:00,103.85,104.22,103.74,104.04,9015
2024-01-02 20:36:00,104.04,104.3,103.7,103.99,56362
2024-01-02 20:37:00,103.92,104.08,103.81,104.03,4090
2024-01-02 20:38:00,103.93,104.17,103.73,104.01,38491
2024-01-02 20:39:00,104.05,104.34,103.76,104.04,16083
2024-01-02 20:40:00,104.09,104.31,103.89,104.01,38544
2024-01-02 20:41:00,104.0,104.26,103.9,104.0,59178
2024-01-02 20:42:00,104.04,104.34,103.95,104.01,9188
2024-01-02 20:43:00,104.01,104.21,103.88,103.95,7043
2024-01-02 20:44:00,103.98,104.15,103.76,103.99,95443
2024-01-02 20:45:00,104.01,104.24,103.71,103.96,20802
2024-01-02 20:46:00,104.0,104.21,103.84,103.95,30569
2024-01-02 20:47:00,103.89,104.18,103.63,103.9,54763
2024-01-02 20:48:00,103.85,103.95,103.5,103.77,8422
2024-01-02 20:49:00,103.76,104.06,103.54,103.76,54282
2024-01-02 20:50:00,103.75,104.01,103.54,103.88,41779
2024-01-02 20:51:00,103.94,104.08,103.7,103.92,95800
2024-01-02 20:52:00,103.9,104.12,103.6,103.92,94144
2024-01-02 20:53:00,103.85,104.12,103.75,103.91,23469
2024-01-02 20:54:00,103.86,104.15,103.73,103.91,46772
2024-01-02 20:55:00,103.85,104.06,103.7,103.94,23029
2024-01-02 20:56:00,103.99,104.04,103.57,103.88,25469
2024-01-02 20:57:00,103.87,104.13,103.62,103.94,7123
2024-01-02 20:58:00,103.98,104.1,103.73,103.97,17597
2024-01-02 20:59:00,103.96,104.21,103.79,104.01,3660
2024-01-02 21:00:00,104.09,104.4,103.85,104.03,19197
2024-01-02 21:01:00,104.13,104.36,103.98,104.03,82457
2024-01-02 21:02:00,104.07,104.2,103.79,104.07,47950
2024-01-02 21:03:00,104.14,104.39,103.91,104.1,24642
2024-01-02 21:04:00,104.1,104.39,103.9,104.08,17996
2024-01-02 21:05:00,104.17,104.37,103.9,104.05,12831
2024-01-02 21:06:00,104.12,104.33,103.92,104.06,8791
2024-01-02 21:07:00,104.16,104.31,103.83,104.14,49944
2024-01-02 21:08:00,104.16,104.24,103.99,104.07,4745
2024-01-02 21:09:00,104.13,104.19,103.86,104.0,4637
2024-01-02 21:10:00,104.01,104.16,103.93,104.01,54412
2024-01-02 21:11:00,103.96,104.2,103.75,104.01,27115
2024-01-02 21:12:00,103.98,104.26,103.67,104.02,23036
2024-01-02 21:13:00,104.1,104.31,103.95,104.03,27093
2024-01-02 21:14:00,103.94,104.09,103.68,104.02,164404
2024-01-02 21:15:00,104.04,104.32,103.94,104.1,23296
2024-01-02 21:16:00,104.07,104.19,103.77,104.01,29533
2024-01-02 21:17:00,103.99,104.19,103.77,103.97,172483
2024-01-02 21:18:00,104.05,104.16,103.75,103.96,20669
2024-01-02 21:19:00,104.04,104.29,103.6,103.88,123787
2024-01-02 21:20:00,103.9,104.14,103.67,103.87,2678
2024-01-02 21:21:00,103.82,104.18,103.64,103.96,6892
2024-01-02 21:22:00,103.95,104.07,103.67,103.96,11294
2024-01-02 21:23:00,103.94,104.16,103.73,103.97,39497
2024-01-02 21:24:00,103.94,104.25,103.6,103.9,129831
2024-01-02 21:25:00,103.82,104.08,103.76,103.87,12199
2024-01-02 21:26:00,103.88,104.03,103.56,103.85,58586
2024-01-02 21:27:00,103.81,103.96,103.5,103.84,206328
2024-01-02 21:28:00,103.87,103.98,103.67,103.9,105320
2024-01-02 21:29:00,103.86,104.12,103.75,103.93,14707
2024-01-02 21:30:00,103.92,104.21,103.66,103.87,52499
2024-01-02 21:31:00,103.78,104.0,103.63,103.89,30927
2024-01-02 21:32:00,103.99,104.23,103.78,103.91,11390
2024-01-02 21:33:00,103.91,104.25,103.82,103.97,33768
2024-01-02 21:34:00,103.87,104.17,103.78,104.05,13714
2024-01-02 21:35:00,104.06,104.14,103.87,104.0,24943
2024-01-02 21:36:00,104.08,104.39,103.88,103.96,5550
2024-01-02 21:37:00,104.01,104.12,103.77,103.89,3778
2024-01-02 21:38:00,103.93,104.15,103.64,103.88,16538
2024-01-02 21:39:00,103.81,104.15,103.75,103.9,30276
2024-01-02 21:40:00,103.94,104.18,103.72,103.96,7130
2024-01-02 21:41:00,104.01,104.2,103.8,103.95,37283
2024-01-02 21:42:00,103.97,104.23,103.79,103.94,22988
2024-01-02 21:43:00,104.02,104.13,103.81,103.94,42203
2024-01-02 21:44:00,103.9,104.07,103.79,103.9,56706
2024-01-02 21:45:00,103.85,104.22,103.57,104.01,84421
2024-01-02 21:46:00,104.09,104.29,103.76,103.93,40266
2024-01-02 21:47:00,103.95,104.21,103.69,103.93,16395
2024-01-02 21:48:00,103.83,104.19,103.62,104.04,26605
2024-01-02 21:49:00,104.01,104.28,103.89,104.04,226201
2024-01-02 21:50:00,104.11,104.26,103.95,104.03,59010
2024-01-02 21:51:00,103.93,104.32,103.86,104.01,23659
2024-01-02 21:52:00,103.91,104.1,103.73,104.0,18948
2024-01-02 21:53:00,103.96,104.35,103.81,104.07,12109
2024-01-02 21:54:00,104.16,104.41,103.73,103.96,6719
2024-01-02 21:55:00,104.04,104.26,103.77,104.04,121553
2024-01-02 21:56:00,104.04,104.1,103.67,103.96,35543
2024-01-02 21:57:00,103.98,104.24,103.65,103.95,6192
2024-01-02 21:58:00,103.92,104.19,103.64,103.93,19431
2024-01-02 21:59:00,103.88,104.06,103.74,103.96,78471
2024-01-02 22:00:00,104.02,104.16,103.8,103.88,14087
2024-01-02 22:01:00,103.79,104.14,103.71,103.9,9754
2024-01-02 22:02:00,103.9,104.07,103.64,104.01,31469
2024-01-02 22:03:00,104.03,104.32,103.68,103.93,42537
2024-01-02 22:04:00,103.85,104.21,103.65,103.94,14105
2024-01-02 22:05:00,103.95,104.23,103.73,103.91,12093
2024-01-02 22:06:00,103.93,104.24,103.85,103.93,34912
2024-01-02 22:07:00,103.98,104.24,103.71,103.93,7152
2024-01-02 22:08:00,103.88,104.1,103.64,103.9,12858
2024-01-02 22:09:00,103.86,104.2,103.58,103.92,19528
2024-01-02 22:10:00,103.94,104.12,103.84,104.02,46121
2024-01-02 22:11:00,104.12,104.18,103.92,104.01,14361
2024-01-02 22:12:00,103.95,104.17,103.71,104.05,38688
2024-01-02 22:13:00,104.15,104.32,103.73,103.98,70688
2024-01-02 22:14:00,104.02,104.2,103.73,103.93,13273
2024-01-02 22:15:00,104.0,104.08,103.7,103.95,552897
2024-01-02 22:16:00,103.87,104.28,103.74,104.03,91087
2024-01-02 22:17:00,103.99,104.19,103.88,104.05,28924
2024-01-02 22:18:00,103.96,104.3,103.71,104.03,18365
2024-01-02 22:19:00,104.01,104.24,103.89,104.03,12640
2024-01-02 22:20:00,104.13,104.23,103.9,103.97,115991
2024-01-02 22:21:00,103.89,104.06,103.79,104.0,27187
2024-01-02 22:22:00,104.01,104.12,103.82,104.05,5224
2024-01-02 22:23:00,103.94,104.17,103.78,104.02,3975
2024-01-02 22:24:00,104.07,104.27,103.77,104.0,24647
2024-01-02 22:25:00,103.93,104.23,103.81,104.01,25196
2024-01-02 22:26:00,103.93,104.25,103.64,103.99,8804
2024-01-02 22:27:00,103.95,104.12,103.9,103.99,4844
2024-01-02 22:28:00,104.04,104.38,103.75,104.09,3093
2024-01-02 22:29:00,104.01,104.15,103.96,104.08,10307
2024-01-02 22:30:00,104.03,104.33,103.89,104.06,15325
2024-01-02 22:31:00,103.96,104.32,103.85,104.03,43992
2024-01-02 22:32:00,104.13,104.4,104.0,104.07,19334
2024-01-02 22:33:00,104.09,104.21,103.75,104.06,63830
2024-01-02 22:34:00,104.1,104.22,103.94,104.02,40338
2024-01-02 22:35:00,104.06,104.37,103.97,104.09,36799
2024-01-02 22:36:00,104.02,104.24,103.88,104.17,58644
2024-01-02 22:37:00,104.19,104.4,103.9,104.14,5504
2024-01-02 22:38:00,104.06,104.34,103.85,104.04,12884
2024-01-02 22:39:00,104.02,104.25,103.87,104.09,243145
2024-01-02 22:40:00,104.11,104.38,103.82,104.06,3274
2024-01-02 22:41:00,104.07,104.38,103.77,104.1,16353
2024-01-02 22:42:00,104.02,104.15,103.8,103.99,35459
2024-01-02 22:43:00,103.9,104.26,103.8,104.04,3371
2024-01-02 22:44:00,104.1,104.17,103.7,103.98,10376
2024-01-02 22:45:00,104.02,104.22,103.82,104.02,162104
2024-01-02 22:46:00,103.93,104.21,103.68,104.02,26119
2024-01-02 22:47:00,103.94,104.06,103.73,103.97,12401
2024-01-02 22:48:00,104.05,104.22,103.66,103.95,27186
2024-01-02 22:49:00,104.0,104.19,103.68,103.98,12377
2024-01-02 22:50:00,104.08,104.23,103.68,103.99,122090
2024-01-02 22:51:00,103.94,104.3,103.73,104.02,8176
2024-01-02 22:52:00,104.01,104.26,103.87,104.12,13058
2024-01-02 22:53:00,104.07,104.32,103.84,104.04,4953
2024-01-02 22:54:00,104.06,104.28,103.85,104.12,16392
2024-01-02 22:55:00,104.04,104.37,103.98,104.13,18498
2024-01-02 22:56:00,104.05,104.16,103.97,104.08,72812
2024-01-02 22:57:00,103.99,104.12,103.83,104.01,7968
2024-01-02 22:58:00,104.05,104.31,103.86,104.0,35725
2024-01-02 22:59:00,104.0,104.11,103.82,104.05,24022
2024-01-02 23:00:00,104.08,104.39,103.9,104.04,3319
2024-01-02 23:01:00,104.12,104.43,104.04,104.12,10664
2024-01-02 23:02:00,104.17,104.27,103.81,104.05,10249
2024-01-02 23:03:00,104.04,104.23,103.79,104.05,118543
2024-01-02 23:04:00,104.15,104.42,103.86,103.98,38014
2024-01-02 23:05:00,103.97,104.23,103.76,104.0,25455
2024-01-02 23:06:00,103.92,104.32,103.76,104.05,300
2024-01-02 23:07:00,104.15,104.21,103.82,104.02,3267
2024-01-02 23:08:00,103.93,104.23,103.83,103.89,45605
2024-01-02 23:09:00,103.9,104.01,103.77,103.9,48148
2024-01-02 23:10:00,103.86,104.17,103.72,103.92,10485
2024-01-02 23:11:00,103.92,104.06,103.7,103.94,22644
2024-01-02 23:12:00,103.96,104.07,103.86,104.01,21094
2024-01-02 23:13:00,103.95,104.11,103.81,103.95,26093
2024-01-02 23:14:00,103.96,104.13,103.88,103.99,15183
2024-01-02 23:15:00,104.04,104.19,103.78,104.05,49779
2024-01-02 23:16:00,104.0,104.16,103.75,103.96,66576
2024-01-02 23:17:00,103.93,104.07,103.86,103.97,8437
2024-01-02 23:18:00,103.92,104.23,103.79,103.95,6671
2024-01-02 23:19:00,104.01,104.16,103.66,103.94,9935
2024-01-02 23:20:00,103.99,104.23,103.71,103.96,23126
2024-01-02 23:21:00,104.04,104.27,103.86,103.94,31433
2024-01-02 23:22:00,103.87,104.2,103.58,103.9,48457
2024-01-02 23:23:00,103.81,104.02,103.55,103.9,58187
2024-01-02 23:24:00,103.82,104.0,103.59,103.85,31648
2024-01-02 23:25:00,103.78,103.88,103.58,103.79,27711
2024-01-02 23:26:00,103.8,103.91,103.61,103.82,114564
2024-01-02 23:27:00,103.92,104.04,103.6,103.76,22136
2024-01-02 23:28:00,103.74,104.02,103.46,103.8,39737
2024-01-02 23:29:00,103.89,103.99,103.54,103.82,30340
2024-01-02 23:30:00,103.73,103.89,103.46,103.73,18523
2024-01-02 23:31:00,103.82,104.01,103.42,103.7,18646
2024-01-02 23:32:00,103.63,103.98,103.45,103.76,82615
2024-01-02 23:33:00,103.85,103.98,103.41,103.71,20126
2024-01-02 23:34:00,103.62,103.95,103.47,103.69,15480
2024-01-02 23:35:00,103.78,103.87,103.46,103.71,10540
2024-01-02 23:36:00,103.65,104.06,103.52,103.75,33608
2024-01-02 23:37:00,103.71,104.03,103.63,103.74,13198
2024-01-02 23:38:00,103.74,104.03,103.46,103.71,30693
2024-01-02 23:39:00,103.68,103.92,103.55,103.78,26310
2024-01-02 23:40:00,103.81,104.09,103.61,103.87,14365
2024-01-02 23:41:00,103.97,104.26,103.67,103.92,5455
2024-01-02 23:42:00,103.94,104.14,103.63,103.93,7869
2024-01-02 23:43:00,103.97,104.18,103.61,103.88,9210
2024-01-02 23:44:00,103.8,104.11,103.51,103.84,8070
2024-01-02 23:45:00,103.87,103.94,103.66,103.87,34726
2024-01-02 23:46:00,103.86,104.06,103.68,103.89,185196
2024-01-02 23:47:00,103.97,104.14,103.69,103.96,13213
2024-01-02 23:48:00,103.94,104.13,103.77,104.0,14998
2024-01-02 23:49:00,104.03,104.14,103.8,103.92,12276
2024-01-02 23:50:00,103.86,104.2,103.78,103.97,51931
2024-01-02 23:51:00,103.92,104.02,103.73,103.92,33737
2024-01-02 23:52:00,103.89,103.96,103.81,103.9,21663
2024-01-02 23:53:00,103.86,104.19,103.59,103.91,6547
2024-01-02 23:54:00,103.86,104.16,103.72,104.02,8368
2024-01-02 23:55:00,103.92,104.48,103.87,104.18,26246
2024-01-02 23:56:00,104.25,104.45,104.0,104.21,27537
2024-01-02 23:57:00,104.12,104.46,103.82,104.2,21674
2024-01-02 23:58:00,104.28,104.43,104.06,104.23,42827
2024-01-02 23:59:00,104.15,104.5,103.85,104.28,6486
2024-01-03 00:00:00,104.18,104.54,103.96,104.26,29839
2024-01-03 00:01:00,104.27,104.63,104.2,104.35,28225
2024-01-03 00:02:00,104.35,104.52,104.3,104.36,8451
2024-01-03 00:03:00,104.36,104.49,104.15,104.39,12029
2024-01-03 00:04:00,104.41,104.71,104.19,104.43,44052
2024-01-03 00:05:00,104.38,104.67,104.3,104.45,7054
2024-01-03 00:06:00,104.48,104.72,104.31,104.49,258789
2024-01-03 00:07:00,104.49,104.71,104.32,104.46,38398
2024-01-03 00:08:00,104.42,104.63,104.26,104.43,20799
2024-01-03 00:09:00,104.5,104.7,104.28,104.37,17117
2024-01-03 00:10:00,104.42,104.58,104.25,104.4,48445
2024-01-03 00:11:00,104.37,104.68,104.14,104.44,14598
2024-01-03 00:12:00,104.51,104.8,104.24,104.46,15209
2024-01-03 00:13:00,104.55,104.68,104.29,104.55,94144
2024-01-03 00:14:00,104.55,104.74,104.44,104.55,13745
2024-01-03 00:15:00,104.49,104.83,104.4,104.58,25237
2024-01-03 00:16:00,104.67,104.77,104.27,104.52,10298
2024-01-03 00:17:00,104.46,104.76,104.2,104.5,28539
2024-01-03 00:18:00,104.41,104.67,104.13,104.54,39364
2024-01-03 00:19:00,104.5,104.83,104.23,104.59,118526
2024-01-03 00:20:00,104.63,104.87,104.37,104.57,8626
2024-01-03 00:21:00,104.66,104.74,104.33,104.57,5177
2024-01-03 00:22:00,104.59,104.83,104.35,104.49,16868
2024-01-03 00:23:00,104.58,104.83,104.27,104.47,11883
2024-01-03 00:24:00,104.38,104.71,104.23,104.51,21688
2024-01-03 00:25:00,104.42,104.63,104.31,104.54,37122
2024-01-03 00:26:00,104.57,104.82,104.44,104.57,212144
2024-01-03 00:27:00,104.67,104.72,104.26,104.57,14023
2024-01-03 00:28:00,104.57,104.68,104.35,104.57,2415
2024-01-03 00:29:00,104.48,104.83,104.27,104.54,17361
2024-01-03 00:30:00,104.48,104.84,104.17,104.58,31273
2024-01-03 00:31:00,104.52,104.88,104.32,104.6,8352
2024-01-03 00:32:00,104.56,104.77,104.39,104.62,27824
2024-01-03 00:33:00,104.53,104.87,104.25,104.6,25272
2024-01-03 00:34:00,104.68,104.95,104.28,104.48,28562
2024-01-03 00:35:00,104.49,104.72,104.35,104.54,48597
2024-01-03 00:36:00,104.58,104.63,104.26,104.52,20278
2024-01-03 00:37:00,104.43,104.6,104.29,104.47,38083
2024-01-03 00:38:00,104.38,104.78,104.31,104.51,3644
2024-01-03 00:39:00,104.53,104.82,104.43,104.49,8413
2024-01-03 00:40:00,104.57,104.87,104.37,104.54,15653
2024-01-03 00:41:00,104.55,104.65,104.32,104.57,8061
2024-01-03 00:42:00,104.65,104.94,104.44,104.61,22172
2024-01-03 00:43:00,104.68,104.91,104.23,104.54,15619
2024-01-03 00:44:00,104.45,104.72,104.18,104.6,13972
2024-01-03 00:45:00,104.54,104.75,104.38,104.62,53306
2024-01-03 00:46:00,104.65,104.77,104.43,104.6,23952
2024-01-03 00:47:00,104.58,104.66,104.45,104.6,7452
2024-01-03 00:48:00,104.56,104.73,104.29,104.51,12048
2024-01-03 00:49:00,104.49,104.75,104.29,104.53,46780
2024-01-03 00:50:00,104.52,104.65,104.18,104.48,26895
2024-01-03 00:51:00,104.56,104.72,104.3,104.41,72834
2024-01-03 00:52:00,104.33,104.53,104.08,104.33,51357
2024-01-03 00:53:00,104.28,104.44,104.16,104.39,14927
2024-01-03 00:54:00,104.39,104.66,104.17,104.35,92550
2024-01-03 00:55:00,104.4,104.59,104.1,104.43,100490
2024-01-03 00:56:00,104.46,104.54,104.19,104.41,3694
2024-01-03 00:57:00,104.5,104.64,104.25,104.32,22737
2024-01-03 00:58:00,104.38,104.49,104.04,104.26,12710
2024-01-03 00:59:00,104.27,104.38,104.06,104.32,16975
2024-01-03 01:00:00,104.26,104.62,104.0,104.31,9738
2024-01-03 01:01:00,104.3,104.45,104.2,104.29,8591
2024-01-03 01:02:00,104.33,104.5,104.14,104.29,54239
2024-01-03 01:03:00,104.37,104.67,104.01,104.32,6849
2024-01-03 01:04:00,104.42,104.58,104.29,104.38,24181
2024-01-03 01:05:00,104.4,104.74,104.14,104.45,5715
2024-01-03 01:06:00,104.46,104.65,104.29,104.44,78386
2024-01-03 01:07:00,104.34,104.54,104.05,104.37,22698
2024-01-03 01:08:00,104.28,104.45,104.01,104.35,46411
2024-01-03 01:09:00,104.27,104.42,103.98,104.36,26771
2024-01-03 01:10:00,104.27,104.49,104.15,104.31,17098
2024-01-03 01:11:00,104.29,104.34,104.06,104.26,23585
2024-01-03 01:12:00,104.22,104.39,104.01,104.28,99442
2024-01-03 01:13:00,104.3,104.43,104.2,104.27,8978
2024-01-03 01:14:00,104.28,104.47,104.08,104.28,1720
2024-01-03 01:15:00,104.3,104.47,104.06,104.24,10027
2024-01-03 01:16:00,104.23,104.44,104.03,104.22,6574
2024-01-03 01:17:00,104.18,104.26,104.07,104.18,57989
2024-01-03 01:18:00,104.27,104.36,103.99,104.22,18476
2024-01-03 01:19:00,104.14,104.47,103.97,104.28,50385
2024-01-03 01:20:00,104.37,104.63,104.04,104.18,22740
2024-01-03 01:21:00,104.14,104.34,104.06,104.13,22218
2024-01-03 01:22:00,104.13,104.38,103.82,104.05,25950
2024-01-03 01:23:00,103.97,104.28,103.69,104.02,96763
2024-01-03 01:24:00,103.93,104.26,103.66,104.02,26543
2024-01-03 01:25:00,104.0,104.14,103.8,103.94,66780
2024-01-03 01:26:00,103.99,104.29,103.6,103.89,62640
2024-01-03 01:27:00,103.84,104.04,103.69,103.84,18708
2024-01-03 01:28:00,103.85,104.13,103.71,103.85,20456
2024-01-03 01:29:00,103.8,103.95,103.59,103.85,15096
2024-01-03 01:30:00,103.83,103.89,103.67,103.82,79473
2024-01-03 01:31:00,103.9,104.16,103.7,103.83,8595
2024-01-03 01:32:00,103.9,104.19,103.5,103.8,10689
2024-01-03 01:33:00,103.8,104.06,103.48,103.78,16709
2024-01-03 01:34:00,103.73,104.06,103.53,103.87,6987
2024-01-03 01:35:00,103.81,104.21,103.63,103.94,12194
2024-01-03 01:36:00,104.03,104.19,103.66,103.87,68601
2024-01-03 01:37:00,103.81,104.14,103.56,103.92,42251
2024-01-03 01:38:00,103.98,104.21,103.71,103.96,14461
2024-01-03 01:39:00,103.93,104.16,103.72,103.9,49159
2024-01-03 01:40:00,104.0,104.09,103.68,103.94,176646
2024-01-03 01:41:00,103.91,104.08,103.6,104.02,30125
2024-01-03 01:42:00,103.99,104.26,103.74,103.96,91158
2024-01-03 01:43:00,103.99,104.29,103.7,103.91,51616
2024-01-03 01:44:00,104.01,104.08,103.77,103.97,16408
2024-01-03 01:45:00,104.07,104.19,103.83,103.98,26830
2024-01-03 01:46:00,104.02,104.2,103.76,104.01,37282
2024-01-03 01:47:00,104.06,104.25,103.85,104.03,10457
2024-01-03 01:48:00,104.04,104.18,103.85,104.05,1620
2024-01-03 01:49:00,104.1,104.22,103.86,103.98,9565
2024-01-03 01:50:00,104.05,104.3,103.89,104.03,2544
2024-01-03 01:51:00,104.03,104.16,103.89,104.09,10389
2024-01-03 01:52:00,104.12,104.34,103.82,104.08,3994
2024-01-03 01:53:00,104.09,104.39,103.83,104.08,53109
2024-01-03 01:54:00,104.09,104.26,103.87,104.0,6750
2024-01-03 01:55:00,104.08,104.17,103.81,104.03,37953
2024-01-03 01:56:00,104.0,104.24,103.77,104.06,47410
2024-01-03 01:57:00,104.0,104.17,103.86,104.05,44422
2024-01-03 01:58:00,104.05,104.24,103.79,104.11,3400
2024-01-03 01:59:00,104.05,104.19,103.84,104.1,67686
2024-01-03 02:00:00,104.1,104.19,103.9,104.12,33534
2024-01-03 02:01:00,104.21,104.28,103.97,104.07,49230
2024-01-03 02:02:00,104.1,104.18,103.93,104.07,137293
2024-01-03 02:03:00,104.14,104.29,103.79,104.06,48743
2024-01-03 02:04:00,103.99,104.18,103.92,104.07,6750
2024-01-03 02:05:00,104.16,104.37,103.82,104.05,42331
2024-01-03 02:06:00,104.08,104.2,103.84,104.05,4897
2024-01-03 02:07:00,103.95,104.34,103.81,104.09,20682
2024-01-03 02:08:00,104.12,104.31,103.98,104.07,13316
2024-01-03 02:09:00,104.16,104.22,103.68,103.98,22251
2024-01-03 02:10:00,103.9,104.2,103.77,104.07,4868
2024-01-03 02:11:00,104.09,104.45,103.85,104.15,5462
2024-01-03 02:12:00,104.23,104.44,103.85,104.08,14053
2024-01-03 02:13:00,103.98,104.35,103.73,104.12,17632
2024-01-03 02:14:00,104.14,104.21,103.93,104.09,14388
2024-01-03 02:15:00,104.08,104.23,104.01,104.1,93943
2024-01-03 02:16:00,104.07,104.28,103.86,104.12,33645
2024-01-03 02:17:00,104.14,104.24,103.97,104.11,32734
2024-01-03 02:18:00,104.01,104.28,103.81,104.07,15028
2024-01-03 02:19:00,104.12,104.4,103.77,104.03,5476
2024-01-03 02:20:00,103.93,104.28,103.72,103.98,21935
2024-01-03 02:21:00,103.94,104.17,103.66,103.94,134224
2024-01-03 02:22:00,103.94,104.21,103.7,103.93,27567
2024-01-03 02:23:00,103.91,104.09,103.77,103.9,67049
2024-01-03 02:24:00,103.86,104.21,103.6,103.93,76068
2024-01-03 02:25:00,104.0,104.28,103.91,104.01,38543
2024-01-03 02:26:00,104.1,104.23,103.82,103.98,27454
2024-01-03 02:27:00,104.06,104.33,103.71,103.99,8203
2024-01-03 02:28:00,104.0,104.14,103.77,104.02,17882
2024-01-03 02:29:00,104.1,104.17,103.88,104.04,15353
2024-01-03 02:30:00,104.13,104.31,103.8,104.05,30637
2024-01-03 02:31:00,104.03,104.37,103.89,104.09,5355
2024-01-03 02:32:00,104.04,104.3,103.82,104.11,12870
2024-01-03 02:33:00,104.03,104.18,103.72,104.05,32991
2024-01-03 02:34:00,104.04,104.37,103.91,104.09,10914
2024-01-03 02:35:00,104.18,104.37,104.03,104.14,8816
2024-01-03 02:36:00,104.15,104.34,103.87,104.1,9982
2024-01-03 02:37:00,104.13,104.21,103.82,104.1,16774
2024-01-03 02:38:00,104.02,104.34,103.71,104.14,2037
2024-01-03 02:39:00,104.06,104.18,103.79,104.12,10444
2024-01-03 02:40:00,104.12,104.44,104.03,104.18,57111
2024-01-03 02:41:00,104.27,104.44,103.99,104.3,30451
2024-01-03 02:42:00,104.27,104.46,104.11,104.26,33524
2024-01-03 02:43:00,104.34,104.63,104.11,104.19,3541
2024-01-03 02:44:00,104.11,104.38,103.89,104.21,14556
2024-01-03 02:45:00,104.23,104.46,104.11,104.24,19616
2024-01-03 02:46:00,104.27,104.46,104.0,104.23,35044
2024-01-03 02:47:00,104.31,104.51,104.08,104.31,66893
2024-01-03 02:48:00,104.2,104.36,103.94,104.24,57223
2024-01-03 02:49:00,104.17,104.44,103.86,104.27,12266
2024-01-03 02:50:00,104.22,104.3,104.06,104.24,12550
2024-01-03 02:51:00,104.34,104.44,104.14,104.33,90401
2024-01-03 02:52:00,104.26,104.55,104.02,104.44,15366
2024-01-03 02:53:00,104.34,104.68,104.23,104.4,7460
2024-01-03 02:54:00,104.4,104.5,104.09,104.37,17905
2024-01-03 02:55:00,104.37,104.56,104.21,104.41,84911
2024-01-03 02:56:00,104.48,104.59,104.23,104.39,8911
2024-01-03 02:57:00,104.49,104.6,104.16,104.39,14344
2024-01-03 02:58:00,104.4,104.58,104.13,104.39,9288
2024-01-03 02:59:00,104.48,104.62,104.11,104.29,57319
2024-01-03 03:00:00,104.34,104.46,103.99,104.29,29373
2024-01-03 03:01:00,104.24,104.44,104.14,104.25,55596
2024-01-03 03:02:00,104.34,104.47,104.16,104.23,105347
2024-01-03 03:03:00,104.26,104.36,104.07,104.3,4855
2024-01-03 03:04:00,104.29,104.43,103.94,104.24,10309
2024-01-03 03:05:00,104.28,104.38,104.02,104.28,14278
2024-01-03 03:06:00,104.26,104.4,104.15,104.27,23596
2024-01-03 03:07:00,104.19,104.56,103.92,104.25,36530
2024-01-03 03:08:00,104.3,104.51,104.06,104.29,13474
2024-01-03 03:09:00,104.36,104.67,104.1,104.31,11026
2024-01-03 03:10:00,104.36,104.44,104.27,104.34,57334
2024-01-03 03:11:00,104.28,104.62,104.06,104.39,38028
2024-01-03 03:12:00,104.49,104.73,104.29,104.37,30208
2024-01-03 03:13:00,104.27,104.64,104.08,104.34,2576
2024-01-03 03:14:00,104.31,104.53,104.22,104.29,73620
2024-01-03 03:15:00,104.24,104.54,104.04,104.24,26475
2024-01-03 03:16:00,104.15,104.6,103.85,104.4,18732
2024-01-03 03:17:00,104.38,104.76,104.27,104.46,9707
2024-01-03 03:18:00,104.49,104.78,104.15,104.39,11696
2024-01-03 03:19:00,104.47,104.53,104.21,104.32,9037
2024-01-03 03:20:00,104.42,104.58,104.14,104.35,2988
2024-01-03 03:21:00,104.41,104.65,104.27,104.38,9725
2024-01-03 03:22:00,104.37,104.67,104.1,104.4,4451
2024-01-03 03:23:00,104.45,104.67,104.1,104.39,20734
2024-01-03 03:24:00,104.46,104.73,104.27,104.38,6969
2024-01-03 03:25:00,104.38,104.66,104.08,104.4,45703
2024-01-03 03:26:00,104.46,104.55,104.1,104.41,4170
2024-01-03 03:27:00,104.4,104.46,104.1,104.29,72747
2024-01-03 03:28:00,104.27,104.53,104.01,104.28,50848
2024-01-03 03:29:00,104.28,104.53,104.04,104.23,7583
2024-01-03 03:30:00,104.27,104.49,104.01,104.24,20044
2024-01-03 03:31:00,104.29,104.58,104.08,104.4,9373
2024-01-03 03:32:00,104.37,104.69,104.23,104.42,39285
2024-01-03 03:33:00,104.43,104.62,104.35,104.4,133233
2024-01-03 03:34:00,104.49,104.72,104.35,104.45,71758
2024-01-03 03:35:00,104.55,104.73,104.37,104.47,11073
2024-01-03 03:36:00,104.42,104.55,104.24,104.5,24701
2024-01-03 03:37:00,104.43,104.69,104.27,104.53,100938
2024-01-03 03:38:00,104.57,104.74,104.27,104.64,37207
2024-01-03 03:39:00,104.62,104.67,104.29,104.58,60482
2024-01-03 03:40:00,104.48,104.85,104.38,104.6,42244
2024-01-03 03:41:00,104.57,104.74,104.24,104.55,23771
2024-01-03 03:42:00,104.62,104.84,104.5,104.58,20548
2024-01-03 03:43:00,104.64,104.82,104.36,104.53,6562
2024-01-03 03:44:00,104.53,104.79,104.22,104.51,10241
2024-01-03 03:45:00,104.51,104.58,104.36,104.5,8939
2024-01-03 03:46:00,104.51,104.68,104.2,104.55,15500
2024-01-03 03:47:00,104.49,104.79,104.21,104.6,24332
2024-01-03 03:48:00,104.6,104.76,104.29,104.53,19772
2024-01-03 03:49:00,104.43,104.66,104.14,104.53,27333
2024-01-03 03:50:00,104.53,104.7,104.23,104.5,42797
2024-01-03 03:51:00,104.46,104.58,104.2,104.43,14536
2024-01-03 03:52:00,104.47,104.63,104.36,104.42,46073
2024-01-03 03:53:00,104.45,104.61,104.21,104.4,68745
2024-01-03 03:54:00,104.38,104.62,104.28,104.53,33361
2024-01-03 03:55:00,104.43,104.73,104.29,104.55,12777
2024-01-03 03:56:00,104.5,104.67,104.31,104.48,56765
2024-01-03 03:57:00,104.51,104.6,104.35,104.45,35690
2024-01-03 03:58:00,104.36,104.78,104.27,104.5,40897
2024-01-03 03:59:00,104.42,104.84,104.26,104.61,102249
2024-01-03 04:00:00,104.64,104.95,104.46,104.53,44776
2024-01-03 04:01:00,104.58,104.85,104.25,104.43,106326
2024-01-03 04:02:00,104.4,104.58,104.27,104.53,18986
2024-01-03 04:03:00,104.53,104.71,104.39,104.55,14307
2024-01-03 04:04:00,104.64,104.79,104.21,104.51,69489
2024-01-03 04:05:00,104.6,104.74,104.37,104.53,8219
2024-01-03 04:06:00,104.49,104.74,104.14,104.4,145569
2024-01-03 04:07:00,104.46,104.53,104.16,104.4,80975
2024-01-03 04:08:00,104.42,104.59,104.33,104.41,24043
2024-01-03 04:09:00,104.51,104.63,104.4,104.46,73223
2024-01-03 04:10:00,104.46,104.6,104.29,104.41,42716
2024-01-03 04:11:00,104.47,104.62,104.21,104.41,6063
2024-01-03 04:12:00,104.47,104.71,104.15,104.36,9737
2024-01-03 04:13:00,104.36,104.61,104.09,104.38,29311
2024-01-03 04:14:00,104.44,104.72,104.05,104.33,25836
2024-01-03 04:15:00,104.28,104.4,104.16,104.31,81481
2024-01-03 04:16:00,104.23,104.44,104.09,104.26,29793
2024-01-03 04:17:00,104.24,104.38,104.11,104.29,6193
2024-01-03 04:18:00,104.38,104.69,104.19,104.34,12767
2024-01-03 04:19:00,104.34,104.5,104.27,104.32,46307
2024-01-03 04:20:00,104.35,104.59,104.17,104.33,3559
2024-01-03 04:21:00,104.35,104.43,103.95,104.25,5370
2024-01-03 04:22:00,104.17,104.49,103.93,104.23,15174
2024-01-03 04:23:00,104.21,104.53,104.05,104.23,55643
2024-01-03 04:24:00,104.28,104.61,104.17,104.37,17734
2024-01-03 04:25:00,104.47,104.7,104.26,104.31,34924
2024-01-03 04:26:00,104.24,104.47,104.08,104.39,22132
2024-01-03 04:27:00,104.37,104.49,104.2,104.44,19132
2024-01-03 04:28:00,104.35,104.64,104.14,104.45,11455
2024-01-03 04:29:00,104.4,104.62,104.3,104.55,51012
2024-01-03 04:30:00,104.52,104.78,104.3,104.57,6283
2024-01-03 04:31:00,104.57,104.64,104.38,104.59,17436
2024-01-03 04:32:00,104.53,104.84,104.46,104.58,69295
2024-01-03 04:33:00,104.53,104.81,104.39,104.65,10257
2024-01-03 04:34:00,104.71,105.0,104.6,104.7,4645
2024-01-03 04:35:00,104.8,104.94,104.38,104.67,2652
2024-01-03 04:36:00,104.63,104.77,104.41,104.6,42884
2024-01-03 04:37:00,104.64,104.7,104.28,104.59,45872
2024-01-03 04:38:00,104.54,104.82,104.32,104.55,15611
2024-01-03 04:39:00,104.64,104.71,104.47,104.55,6179
2024-01-03 04:40:00,104.58,104.81,104.46,104.61,19032
2024-01-03 04:41:00,104.67,104.89,104.38,104.59,71545
2024-01-03 04:42:00,104.49,104.86,104.37,104.59,6190
2024-01-03 04:43:00,104.61,104.81,104.33,104.59,63460
2024-01-03 04:44:00,104.59,104.81,104.32,104.63,4043
2024-01-03 04:45:00,104.59,104.68,104.27,104.52,7065
2024-01-03 04:46:00,104.47,104.78,104.33,104.48,24569
2024-01-03 04:47:00,104.5,104.65,104.42,104.49,56820
2024-01-03 04:48:00,104.54,104.78,104.34,104.56,95955
2024-01-03 04:49:00,104.46,104.59,104.21,104.53,59382
2024-01-03 04:50:00,104.55,104.81,104.14,104.43,104012
2024-01-03 04:51:00,104.36,104.66,104.19,104.47,26424
2024-01-03 04:52:00,104.39,104.71,104.23,104.43,11830
2024-01-03 04:53:00,104.46,104.68,104.16,104.37,71975
2024-01-03 04:54:00,104.33,104.49,104.26,104.34,86120
2024-01-03 04:55:00,104.33,104.39,104.16,104.33,55872
2024-01-03 04:56:00,104.3,104.48,104.03,104.3,40642
2024-01-03 04:57:00,104.33,104.49,104.06,104.18,88607
2024-01-03 04:58:00,104.18,104.4,104.06,104.23,31007
2024-01-03 04:59:00,104.33,104.4,104.21,104.3,21578
2024-01-03 05:00:00,104.26,104.46,104.21,104.33,45502
2024-01-03 05:01:00,104.38,104.49,104.01,104.27,35510
2024-01-03 05:02:00,104.22,104.37,104.14,104.26,53385
2024-01-03 05:03:00,104.26,104.56,104.04,104.26,19303
2024-01-03 05:04:00,104.27,104.36,104.2,104.29,54679
2024-01-03 05:05:00,104.25,104.54,104.06,104.33,51928
2024-01-03 05:06:00,104.32,104.39,104.18,104.29,27264
2024-01-03 05:07:00,104.24,104.59,104.04,104.29,10401
2024-01-03 05:08:00,104.19,104.48,104.07,104.31,76162
2024-01-03 05:09:00,104.26,104.48,104.1,104.39,6570
2024-01-03 05:10:00,104.43,104.73,104.36,104.43,8453
2024-01-03 05:11:00,104.48,104.8,104.36,104.47,26056
2024-01-03 05:12:00,104.42,104.63,104.36,104.47,1793
2024-01-03 05:13:00,104.45,104.75,104.28,104.55,103048
2024-01-03 05:14:00,104.45,104.79,104.26,104.57,22352
2024-01-03 05:15:00,104.51,104.68,104.27,104.52,102691
2024-01-03 05:16:00,104.58,104.66,104.39,104.6,133790
2024-01-03 05:17:00,104.62,104.72,104.45,104.63,18866
2024-01-03 05:18:00,104.57,104.87,104.48,104.61,84859
2024-01-03 05:19:00,104.56,104.88,104.27,104.58,7630
2024-01-03 05:20:00,104.65,104.81,104.55,104.6,33972
2024-01-03 05:21:00,104.54,104.88,104.26,104.62,13720
2024-01-03 05:22:00,104.59,104.73,104.3,104.64,44200
2024-01-03 05:23:00,104.67,104.96,104.48,104.65,53240
2024-01-03 05:24:00,104.66,105.0,104.5,104.74,18771
2024-01-03 05:25:00,104.73,105.0,104.6,104.8,37980
2024-01-03 05:26:00,104.88,104.97,104.56,104.81,56653
2024-01-03 05:27:00,104.75,104.91,104.54,104.86,26577
2024-01-03 05:28:00,104.91,105.19,104.69,104.8,279020
2024-01-03 05:29:00,104.73,104.96,104.52,104.82,19203
2024-01-03 05:30:00,104.85,105.03,104.57,104.92,115364
2024-01-03 05:31:00,105.0,105.14,104.7,104.91,69243
2024-01-03 05:32:00,104.9,105.01,104.8,104.86,3429
2024-01-03 05:33:00,104.91,105.01,104.76,104.83,98024
2024-01-03 05:34:00,104.89,105.07,104.56,104.77,64469
2024-01-03 05:35:00,104.69,104.79,104.62,104.73,24689
2024-01-03 05:36:00,104.77,104.95,104.45,104.71,31852
2024-01-03 05:37:00,104.8,105.01,104.56,104.64,36054
2024-01-03 05:38:00,104.65,104.94,104.34,104.64,87143
2024-01-03 05:39:00,104.57,104.82,104.36,104.68,14572
2024-01-03 05:40:00,104.61,104.82,104.31,104.64,107581
2024-01-03 05:41:00,104.59,104.9,104.28,104.72,7449
2024-01-03 05:42:00,104.63,104.85,104.49,104.74,3789
2024-01-03 05:43:00,104.75,105.05,104.49,104.8,39874
2024-01-03 05:44:00,104.71,105.01,104.43,104.76,77576
2024-01-03 05:45:00,104.7,105.04,104.49,104.81,18405
2024-01-03 05:46:00,104.79,104.97,104.58,104.75,2288
2024-01-03 05:47:00,104.74,104.96,104.53,104.8,4959
2024-01-03 05:48:00,104.81,104.97,104.71,104.81,34073
2024-01-03 05:49:00,104.85,104.93,104.54,104.83,21806
2024-01-03 05:50:00,104.74,104.83,104.66,104.77,79561
2024-01-03 05:51:00,104.69,104.9,104.56,104.73,23692
2024-01-03 05:52:00,104.63,104.92,104.55,104.76,10502
2024-01-03 05:53:00,104.74,104.83,104.45,104.71,30003
2024-01-03 05:54:00,104.61,104.98,104.53,104.73,60816
2024-01-03 05:55:00,104.78,105.01,104.45,104.66,85070
2024-01-03 05:56:00,104.6,104.94,104.43,104.7,19712
2024-01-03 05:57:00,104.8,104.92,104.41,104.64,23562
2024-01-03 05:58:00,104.64,104.82,104.53,104.67,48015
2024-01-03 05:59:00,104.66,104.86,104.41,104.7,10419
2024-01-03 06:00:00,104.76,104.94,104.53,104.67,46017
2024-01-03 06:01:00,104.71,104.98,104.41,104.7,17465
2024-01-03 06:02:00,104.72,104.88,104.56,104.71,20423
2024-01-03 06:03:00,104.8,105.01,104.61,104.68,22085
2024-01-03 06:04:00,104.67,104.9,104.37,104.63,25074
2024-01-03 06:05:00,104.69,104.85,104.43,104.53,149310
2024-01-03 06:06:00,104.5,104.6,104.28,104.54,13780
2024-01-03 06:07:00,104.62,104.74,104.29,104.46,14508
2024-01-03 06:08:00,104.41,104.62,104.31,104.47,93595
2024-01-03 06:09:00,104.42,104.64,104.25,104.45,34361
2024-01-03 06:10:00,104.49,104.71,104.37,104.49,47455
2024-01-03 06:11:00,104.43,104.58,104.16,104.47,7861
2024-01-03 06:12:00,104.42,104.69,104.16,104.46,28181
2024-01-03 06:13:00,104.42,104.58,104.3,104.49,49532
2024-01-03 06:14:00,104.53,104.73,104.24,104.51,11221
2024-01-03 06:15:00,104.59,104.88,104.26,104.53,41294
2024-01-03 06:16:00,104.57,104.63,104.29,104.55,17954
2024-01-03 06:17:00,104.62,104.91,104.41,104.47,11551
2024-01-03 06:18:00,104.48,104.67,104.29,104.51,60669
2024-01-03 06:19:00,104.42,104.66,104.24,104.54,68728
2024-01-03 06:20:00,104.46,104.77,104.18,104.49,25052
2024-01-03 06:21:00,104.5,104.8,104.3,104.48,34568
2024-01-03 06:22:00,104.44,104.64,104.22,104.48,82833
2024-01-03 06:23:00,104.42,104.63,104.35,104.47,14831
2024-01-03 06:24:00,104.46,104.73,104.34,104.49,31212
2024-01-03 06:25:00,104.52,104.63,104.46,104.56,14967
2024-01-03 06:26:00,104.54,104.91,104.42,104.62,7954
2024-01-03 06:27:00,104.68,104.85,104.25,104.55,14844
2024-01-03 06:28:00,104.6,104.77,104.51,104.58,7151
2024-01-03 06:29:00,104.63,104.85,104.56,104.65,33710
2024-01-03 06:30:00,104.75,104.83,104.4,104.67,10176
2024-01-03 06:31:00,104.63,104.86,104.4,104.73,5447
2024-01-03 06:32:00,104.76,105.02,104.65,104.83,46291
2024-01-03 06:33:00,104.91,105.1,104.82,104.89,43376
2024-01-03 06:34:00,104.9,105.05,104.71,104.9,15831
2024-01-03 06:35:00,104.96,105.07,104.73,104.96,44498
2024-01-03 06:36:00,104.94,105.03,104.76,104.96,9836
2024-01-03 06:37:00,104.98,105.22,104.8,104.96,15179
2024-01-03 06:38:00,104.87,105.23,104.65,104.95,33101
2024-01-03 06:39:00,105.05,105.35,104.9,105.03,61932
2024-01-03 06:40:00,105.09,105.39,104.77,104.99,15026
2024-01-03 06:41:00,105.06,105.31,104.77,105.07,12137
2024-01-03 06:42:00,105.11,105.3,104.81,105.09,58835
2024-01-03 06:43:00,105.03,105.22,104.81,105.02,40647
2024-01-03 06:44:00,104.92,105.21,104.83,105.04,25558
2024-01-03 06:45:00,105.11,105.31,104.62,104.93,71762
2024-01-03 06:46:00,104.91,105.22,104.66,104.96,154354
2024-01-03 06:47:00,104.91,105.23,104.77,105.01,31758
2024-01-03 06:48:00,105.02,105.12,104.86,104.98,12211
2024-01-03 06:49:00,104.96,105.04,104.73,104.98,36217
2024-01-03 06:50:00,105.01,105.35,104.89,105.09,9701
2024-01-03 06:51:00,105.08,105.16,104.92,105.06,76279
2024-01-03 06:52:00,105.1,105.23,104.83,105.0,10919
2024-01-03 06:53:00,105.08,105.2,104.94,105.08,18157
2024-01-03 06:54:00,105.02,105.48,104.88,105.18,9531
2024-01-03 06:55:00,105.15,105.44,104.93,105.18,26427
2024-01-03 06:56:00,105.17,105.38,104.9,105.24,27376
2024-01-03 06:57:00,105.33,105.54,105.25,105.31,46288
2024-01-03 06:58:00,105.28,105.35,105.02,105.27,24825
2024-01-03 06:59:00,105.24,105.41,105.08,105.24,23069
2024-01-03 07:00:00,105.28,105.4,105.18,105.31,12408
2024-01-03 07:01:00,105.29,105.66,105.02,105.4,16541
2024-01-03 07:02:00,105.49,105.69,105.3,105.43,5470
2024-01-03 07:03:00,105.51,105.81,105.16,105.38,88760
2024-01-03 07:04:00,105.38,105.75,105.33,105.48,20044
2024-01-03 07:05:00,105.52,105.69,105.17,105.46,113629
2024-01-03 07:06:00,105.36,105.58,105.12,105.44,19515
2024-01-03 07:07:00,105.48,105.71,105.36,105.46,3287
2024-01-03 07:08:00,105.5,105.8,105.42,105.54,14039
2024-01-03 07:09:00,105.51,105.83,105.2,105.58,21969
2024-01-03 07:10:00,105.53,105.91,105.26,105.61,23513
2024-01-03 07:11:00,105.69,105.89,105.4,105.63,43340
2024-01-03 07:12:00,105.62,105.88,105.56,105.63,26209
2024-01-03 07:13:00,105.67,105.75,105.45,105.66,15724
2024-01-03 07:14:00,105.56,105.62,105.24,105.53,8822
2024-01-03 07:15:00,105.51,105.7,105.39,105.51,14671
2024-01-03 07:16:00,105.58,105.74,105.25,105.53,40316
2024-01-03 07:17:00,105.5,105.8,105.38,105.47,51969
2024-01-03 07:18:00,105.49,105.74,105.28,105.49,11227
2024-01-03 07:19:00,105.42,105.68,105.17,105.47,60294
2024-01-03 07:20:00,105.46,105.68,105.26,105.57,38912
2024-01-03 07:21:00,105.66,105.79,105.57,105.65,9071
2024-01-03 07:22:00,105.66,105.75,105.54,105.63,28189
2024-01-03 07:23:00,105.71,105.93,105.54,105.62,31881
2024-01-03 07:24:00,105.7,105.91,105.41,105.61,7597
2024-01-03 07:25:00,105.71,106.0,105.37,105.59,5661
2024-01-03 07:26:00,105.67,105.99,105.54,105.6,35377
2024-01-03 07:27:00,105.5,105.8,105.44,105.56,13984
2024-01-03 07:28:00,105.65,105.9,105.35,105.5,99917
2024-01-03 07:29:00,105.42,105.75,105.29,105.53,123138
2024-01-03 07:30:00,105.44,105.66,105.19,105.57,35312
2024-01-03 07:31:00,105.47,105.82,105.37,105.52,57053
2024-01-03 07:32:00,105.49,105.87,105.4,105.57,7912
2024-01-03 07:33:00,105.6,105.84,105.23,105.54,5814
2024-01-03 07:34:00,105.52,105.64,105.35,105.55,19121
2024-01-03 07:35:00,105.45,105.74,105.3,105.6,6084
2024-01-03 07:36:00,105.59,105.84,105.36,105.59,29960
2024-01-03 07:37:00,105.58,105.93,105.48,105.62,10060
2024-01-03 07:38:00,105.67,105.87,105.42,105.59,26647
2024-01-03 07:39:00,105.54,105.88,105.49,105.58,18525
2024-01-03 07:40:00,105.52,105.88,105.34,105.57,41662
2024-01-03 07:41:00,105.52,105.75,105.37,105.53,30526
2024-01-03 07:42:00,105.49,105.8,105.29,105.52,14706
2024-01-03 07:43:00,105.54,105.77,105.21,105.44,5606
2024-01-03 07:44:00,105.43,105.58,105.34,105.41,25913
2024-01-03 07:45:00,105.38,105.66,105.25,105.4,3856
2024-01-03 07:46:00,105.37,105.66,105.16,105.38,76581
2024-01-03 07:47:00,105.36,105.52,105.15,105.37,37381
2024-01-03 07:48:00,105.47,105.69,105.13,105.37,51163
2024-01-03 07:49:00,105.31,105.66,105.22,105.39,8354
2024-01-03 07:50:00,105.46,105.76,105.28,105.44,31447
2024-01-03 07:51:00,105.48,105.76,105.29,105.41,11309
2024-01-03 07:52:00,105.3,105.4,105.1,105.34,25567
2024-01-03 07:53:00,105.45,105.58,104.98,105.29,8115
2024-01-03 07:54:00,105.34,105.42,105.2,105.26,20263
2024-01-03 07:55:00,105.3,105.36,105.13,105.24,5549
2024-01-03 07:56:00,105.22,105.43,105.02,105.2,18769
2024-01-03 07:57:00,105.21,105.36,105.06,105.13,4254
2024-01-03 07:58:00,105.08,105.22,104.98,105.11,126388
2024-01-03 07:59:00,105.01,105.37,104.76,105.12,25858
2024-01-03 08:00:00,105.19,105.45,104.84,105.15,22151
2024-01-03 08:01:00,105.23,105.52,104.94,105.12,43306
2024-01-03 08:02:00,105.05,105.26,104.76,105.1,6007
2024-01-03 08:03:00,105.16,105.37,104.92,105.05,10089
2024-01-03 08:04:00,105.1,105.3,104.74,105.05,37461
2024-01-03 08:05:00,104.98,105.28,104.86,105.0,25885
2024-01-03 08:06:00,104.99,105.34,104.68,105.04,10725
2024-01-03 08:07:00,105.02,105.13,104.65,104.94,42110
2024-01-03 08:08:00,105.0,105.28,104.86,104.92,29813
2024-01-03 08:09:00,104.99,105.22,104.81,104.94,36517
2024-01-03 08:10:00,104.85,105.18,104.56,104.95,32524
2024-01-03 08:11:00,104.96,105.27,104.8,105.09,11143
2024-01-03 08:12:00,105.14,105.44,104.8,105.11,20417
2024-01-03 08:13:00,105.17,105.24,104.76,105.05,3439
2024-01-03 08:14:00,104.98,105.12,104.84,105.05,13215
2024-01-03 08:15:00,105.06,105.31,104.7,104.96,17234
2024-01-03 08:16:00,105.03,105.27,104.89,104.95,41223
2024-01-03 08:17:00,104.91,105.0,104.61,104.91,36759
2024-01-03 08:18:00,104.89,105.03,104.82,104.96,10382
2024-01-03 08:19:00,105.02,105.29,104.71,104.93,10155
2024-01-03 08:20:00,104.84,105.07,104.75,104.92,81387
2024-01-03 08:21:00,105.0,105.28,104.58,104.89,16417
2024-01-03 08:22:00,104.85,105.05,104.65,104.98,24692
2024-01-03 08:23:00,104.88,105.08,104.6,104.96,48302
2024-01-03 08:24:00,104.91,105.2,104.67,105.06,20343
2024-01-03 08:25:00,104.97,105.3,104.78,105.1,18926
2024-01-03 08:26:00,105.02,105.41,104.84,105.13,16069
2024-01-03 08:27:00,105.17,105.44,105.0,105.15,13239
2024-01-03 08:28:00,105.09,105.27,104.91,105.17,25410
2024-01-03 08:29:00,105.26,105.44,104.89,105.07,3560
2024-01-03 08:30:00,105.07,105.33,104.85,105.05,15350
2024-01-03 08:31:00,105.04,105.38,104.86,105.1,37807
2024-01-03 08:32:00,105.08,105.2,105.0,105.09,33646
2024-01-03 08:33:00,105.13,105.41,104.95,105.02,90315
2024-01-03 08:34:00,105.01,105.1,104.94,105.02,50889
2024-01-03 08:35:00,104.94,105.27,104.75,105.11,33132
2024-01-03 08:36:00,105.19,105.24,104.98,105.17,22666
2024-01-03 08:37:00,105.16,105.32,104.9,105.17,13953
2024-01-03 08:38:00,105.08,105.49,104.85,105.22,36434
2024-01-03 08:39:00,105.22,105.4,105.09,105.2,30439
2024-01-03 08:40:00,105.23,105.51,104.97,105.11,15149
2024-01-03 08:41:00,105.06,105.21,104.77,105.06,9254
2024-01-03 08:42:00,105.12,105.45,104.84,105.14,20887
2024-01-03 08:43:00,105.18,105.49,104.85,105.13,69982
2024-01-03 08:44:00,105.16,105.4,104.99,105.12,24592
2024-01-03 08:45:00,105.1,105.4,104.82,105.1,22660
2024-01-03 08:46:00,105.2,105.32,105.02,105.2,33629
2024-01-03 08:47:00,105.15,105.36,104.85,105.29,35643
2024-01-03 08:48:00,105.3,105.61,105.18,105.4,28251
2024-01-03 08:49:00,105.36,105.52,105.05,105.39,21118
2024-01-03 08:50:00,105.45,105.66,105.25,105.41,13250
2024-01-03 08:51:00,105.31,105.51,105.24,105.33,60165
2024-01-03 08:52:00,105.23,105.48,105.03,105.41,14372
2024-01-03 08:53:00,105.47,105.66,105.2,105.35,106120
2024-01-03 08:54:00,105.33,105.56,105.26,105.36,25702
2024-01-03 08:55:00,105.32,105.63,105.17,105.3,23218
2024-01-03 08:56:00,105.32,105.39,105.17,105.27,47097
2024-01-03 08:57:00,105.31,105.39,105.13,105.22,11462
2024-01-03 08:58:00,105.16,105.36,104.92,105.19,39099
2024-01-03 08:59:00,105.13,105.29,104.96,105.16,24717
2024-01-03 09:00:00,105.26,105.56,105.01,105.14,33219
2024-01-03 09:01:00,105.15,105.44,105.06,105.18,11118
2024-01-03 09:02:00,105.16,105.26,104.95,105.12,11015
2024-01-03 09:03:00,105.18,105.3,104.84,105.13,3524
2024-01-03 09:04:00,105.14,105.26,104.93,105.2,13943
2024-01-03 09:05:00,105.14,105.38,105.07,105.17,13230
2024-01-03 09:06:00,105.11,105.38,104.93,105.13,11300
2024-01-03 09:07:00,105.11,105.36,104.84,105.12,19624
2024-01-03 09:08:00,105.2,105.33,105.0,105.18,23488
2024-01-03 09:09:00,105.09,105.31,104.98,105.19,36306
2024-01-03 09:10:00,105.13,105.22,104.83,105.16,38785
2024-01-03 09:11:00,105.25,105.42,105.13,105.19,42212
2024-01-03 09:12:00,105.11,105.19,104.98,105.13,44015
2024-01-03 09:13:00,105.16,105.22,105.01,105.17,29007
2024-01-03 09:14:00,105.11,105.26,105.04,105.19,23277
2024-01-03 09:15:00,105.21,105.44,104.88,105.17,55776
2024-01-03 09:16:00,105.15,105.31,104.86,105.13,44059
2024-01-03 09:17:00,105.05,105.14,104.79,105.08,5004
2024-01-03 09:18:00,105.1,105.18,104.83,105.11,18531
2024-01-03 09:19:00,105.15,105.46,104.89,105.18,3628
2024-01-03 09:20:00,105.21,105.48,104.94,105.14,3558
2024-01-03 09:21:00,105.17,105.29,104.94,105.17,13241
2024-01-03 09:22:00,105.17,105.33,105.0,105.06,19380
2024-01-03 09:23:00,105.06,105.24,104.8,105.03,14412
2024-01-03 09:24:00,105.05,105.11,104.81,105.02,3729
2024-01-03 09:25:00,105.06,105.29,104.88,104.98,47815
2024-01-03 09:26:00,105.01,105.17,104.62,104.93,10862
2024-01-03 09:27:00,104.95,105.23,104.73,104.89,35931
2024-01-03 09:28:00,104.82,105.05,104.73,104.91,11165
2024-01-03 09:29:00,104.85,104.96,104.72,104.9,13391
2024-01-03 09:30:00,104.85,105.15,104.48,104.78,33985
2024-01-03 09:31:00,104.87,105.13,104.52,104.67,15535
2024-01-03 09:32:00,104.72,104.81,104.43,104.64,26121
2024-01-03 09:33:00,104.65,104.88,104.48,104.66,29065
2024-01-03 09:34:00,104.61,104.84,104.27,104.52,5286
2024-01-03 09:35:00,104.44,104.75,104.25,104.49,35517
2024-01-03 09:36:00,104.57,104.83,104.4,104.46,8624
2024-01-03 09:37:00,104.55,104.78,104.42,104.54,7251
2024-01-03 09:38:00,104.45,104.64,104.38,104.52,10650
2024-01-03 09:39:00,104.58,104.68,104.22,104.54,49736
2024-01-03 09:40:00,104.53,104.7,104.23,104.54,4445
2024-01-03 09:41:00,104.51,104.6,104.33,104.43,42234
2024-01-03 09:42:00,104.48,104.68,104.33,104.47,30932
2024-01-03 09:43:00,104.5,104.72,104.32,104.48,23726
2024-01-03 09:44:00,104.54,104.81,104.35,104.51,28188
2024-01-03 09:45:00,104.42,104.92,104.29,104.72,16479
2024-01-03 09:46:00,104.68,104.91,104.38,104.61,43577
2024-01-03 09:47:00,104.57,104.85,104.44,104.7,14377
2024-01-03 09:48:00,104.66,104.89,104.36,104.68,4337
2024-01-03 09:49:00,104.68,104.78,104.42,104.7,20389
2024-01-03 09:50:00,104.65,104.89,104.46,104.69,49087
2024-01-03 09:51:00,104.68,104.99,104.46,104.67,36027
2024-01-03 09:52:00,104.64,104.91,104.46,104.64,135185
2024-01-03 09:53:00,104.69,104.81,104.43,104.66,17099
2024-01-03 09:54:00,104.68,104.98,104.31,104.58,18755
2024-01-03 09:55:00,104.61,104.72,104.48,104.62,17442
2024-01-03 09:56:00,104.56,104.79,104.36,104.6,10134
2024-01-03 09:57:00,104.56,104.66,104.43,104.54,13723
2024-01-03 09:58:00,104.44,104.77,104.2,104.52,7794
2024-01-03 09:59:00,104.43,104.85,104.14,104.58,2221
2024-01-03 10:00:00,104.53,104.69,104.25,104.55,12329
2024-01-03 10:01:00,104.46,104.8,104.16,104.57,22549
2024-01-03 10:02:00,104.59,104.72,104.41,104.53,41386
2024-01-03 10:03:00,104.64,104.87,104.28,104.57,12386
2024-01-03 10:04:00,104.49,104.88,104.25,104.61,12530
2024-01-03 10:05:00,104.68,104.86,104.44,104.71,61735
2024-01-03 10:06:00,104.63,104.96,104.38,104.7,5818
2024-01-03 10:07:00,104.73,104.96,104.67,104.73,18708
2024-01-03 10:08:00,104.76,104.99,104.56,104.74,57368
2024-01-03 10:09:00,104.82,105.13,104.59,104.8,10846
2024-01-03 10:10:00,104.72,104.98,104.41,104.77,4752
2024-01-03 10:11:00,104.73,104.88,104.6,104.81,121400
2024-01-03 10:12:00,104.72,105.02,104.59,104.8,48986
2024-01-03 10:13:00,104.78,104.94,104.49,104.79,50532
2024-01-03 10:14:00,104.88,105.08,104.72,104.8,20144
2024-01-03 10:15:00,104.86,104.99,104.74,104.81,41798
2024-01-03 10:16:00,104.86,105.06,104.71,104.8,1825
2024-01-03 10:17:00,104.81,105.09,104.61,104.82,14224
2024-01-03 10:18:00,104.9,104.97,104.76,104.9,56815
2024-01-03 10:19:00,104.89,105.16,104.75,104.95,5453
2024-01-03 10:20:00,104.88,105.18,104.59,105.0,15780
2024-01-03 10:21:00,105.07,105.21,104.83,104.97,30323
2024-01-03 10:22:00,104.93,105.19,104.79,104.92,10053
2024-01-03 10:23:00,104.83,105.05,104.73,104.98,22189
2024-01-03 10:24:00,104.9,105.32,104.6,105.02,32392
2024-01-03 10:25:00,105.04,105.21,104.85,105.1,29791
2024-01-03 10:26:00,105.12,105.21,104.84,105.07,14753
2024-01-03 10:27:00,105.02,105.16,104.95,105.05,9613
2024-01-03 10:28:00,105.1,105.37,104.83,104.97,32733
2024-01-03 10:29:00,105.03,105.11,104.68,104.95,30919
2024-01-03 10:30:00,105.04,105.29,104.77,105.0,29437
2024-01-03 10:31:00,105.02,105.31,104.79,104.98,24698
2024-01-03 10:32:00,105.03,105.12,104.94,105.01,30950
2024-01-03 10:33:00,105.06,105.2,104.92,105.0,52942
2024-01-03 10:34:00,104.95,105.21,104.89,105.02,30030
2024-01-03 10:35:00,104.98,105.15,104.86,104.96,24287
2024-01-03 10:36:00,104.95,105.11,104.72,104.96,13005
2024-01-03 10:37:00,104.86,105.0,104.66,104.8,88069
2024-01-03 10:38:00,104.76,105.11,104.52,104.79,7165
2024-01-03 10:39:00,104.79,104.98,104.5,104.71,17983
2024-01-03 10:40:00,104.63,104.99,104.57,104.77,13239
2024-01-03 10:41:00,104.69,104.89,104.47,104.81,3543
2024-01-03 10:42:00,104.8,104.98,104.74,104.84,31376
2024-01-03 10:43:00,104.89,105.05,104.8,104.92,17975
2024-01-03 10:44:00,104.99,105.28,104.76,104.87,22739
2024-01-03 10:45:00,104.88,105.05,104.66,104.96,18419
2024-01-03 10:46:00,104.95,105.2,104.75,105.01,46783
2024-01-03 10:47:00,104.98,105.16,104.81,105.0,53181
2024-01-03 10:48:00,104.93,105.31,104.82,105.05,7322
2024-01-03 10:49:00,104.98,105.15,104.68,105.0,128712
2024-01-03 10:50:00,105.06,105.16,104.82,104.95,17323
2024-01-03 10:51:00,104.95,105.05,104.86,104.92,39639
2024-01-03 10:52:00,104.98,105.11,104.83,104.89,26378
2024-01-03 10:53:00,104.94,105.03,104.69,104.84,24482
2024-01-03 10:54:00,104.77,104.96,104.52,104.9,38439
2024-01-03 10:55:00,104.9,105.17,104.73,104.89,82315
2024-01-03 10:56:00,104.88,105.22,104.65,104.91,47908
2024-01-03 10:57:00,104.89,105.14,104.77,104.88,17268
2024-01-03 10:58:00,104.89,105.16,104.48,104.78,20246
2024-01-03 10:59:00,104.88,105.0,104.56,104.8,12537
2024-01-03 11:00:00,104.86,105.11,104.56,104.7,45034
2024-01-03 11:01:00,104.78,104.96,104.61,104.69,39731
2024-01-03 11:02:00,104.59,104.72,104.53,104.62,15644
2024-01-03 11:03:00,104.55,104.92,104.33,104.72,82992
2024-01-03 11:04:00,104.64,105.06,104.44,104.77,64460
2024-01-03 11:05:00,104.72,104.9,104.65,104.78,136421
2024-01-03 11:06:00,104.77,105.13,104.59,104.84,9998
2024-01-03 11:07:00,104.87,105.12,104.74,104.8,19926
2024-01-03 11:08:00,104.8,105.01,104.66,104.83,18096
2024-01-03 11:09:00,104.91,104.97,104.58,104.84,297661
2024-01-03 11:10:00,104.93,105.12,104.71,104.85,22244
2024-01-03 11:11:00,104.78,105.18,104.61,104.92,78055
2024-01-03 11:12:00,104.99,105.05,104.66,104.96,61992
2024-01-03 11:13:00,104.95,105.09,104.68,104.97,20252
2024-01-03 11:14:00,104.96,105.23,104.79,104.89,23283
2024-01-03 11:15:00,104.95,105.12,104.77,104.84,37152
2024-01-03 11:16:00,104.75,104.97,104.51,104.83,77485
2024-01-03 11:17:00,104.91,105.02,104.75,104.83,18545
2024-01-03 11:18:00,104.87,105.06,104.58,104.78,13245
2024-01-03 11:19:00,104.85,105.13,104.6,104.9,55953
2024-01-03 11:20:00,105.01,105.24,104.71,104.98,6996
2024-01-03 11:21:00,104.98,105.12,104.78,105.01,28360
2024-01-03 11:22:00,104.93,105.16,104.62,105.02,63587
2024-01-03 11:23:00,104.95,105.17,104.64,105.01,33868
2024-01-03 11:24:00,104.97,105.22,104.71,104.96,12494
2024-01-03 11:25:00,104.87,105.14,104.7,104.96,8093
2024-01-03 11:26:00,105.03,105.22,104.84,104.97,72191
2024-01-03 11:27:00,104.93,105.22,104.65,104.91,18477
2024-01-03 11:28:00,105.01,105.27,104.76,104.93,8942
2024-01-03 11:29:00,104.97,105.04,104.69,104.92,68793
2024-01-03 11:30:00,104.85,105.0,104.54,104.82,49069
2024-01-03 11:31:00,104.81,105.07,104.68,104.77,7694
2024-01-03 11:32:00,104.77,104.98,104.52,104.75,272203
2024-01-03 11:33:00,104.75,105.05,104.56,104.85,12829
2024-01-03 11:34:00,104.86,104.99,104.74,104.88,48245
2024-01-03 11:35:00,104.78,105.06,104.72,104.81,160585
2024-01-03 11:36:00,104.85,105.1,104.64,104.83,53541
2024-01-03 11:37:00,104.83,105.13,104.44,104.75,28543
2024-01-03 11:38:00,104.81,105.04,104.65,104.81,5259
2024-01-03 11:39:00,104.88,105.05,104.68,104.78,169571
2024-01-03 11:40:00,104.73,104.86,104.52,104.78,52320
2024-01-03 11:41:00,104.69,105.11,104.56,104.85,5351
2024-01-03 11:42:00,104.89,105.05,104.58,104.78,103220
2024-01-03 11:43:00,104.88,105.17,104.62,104.71,23415
2024-01-03 11:44:00,104.7,104.81,104.39,104.68,16686
2024-01-03 11:45:00,104.63,104.8,104.4,104.73,12430
2024-01-03 11:46:00,104.66,104.88,104.5,104.65,26138
2024-01-03 11:47:00,104.61,104.78,104.23,104.51,49412
2024-01-03 11:48:00,104.47,104.58,104.36,104.48,13430
2024-01-03 11:49:00,104.47,104.7,104.31,104.51,25023
2024-01-03 11:50:00,104.54,104.78,104.25,104.57,647331
2024-01-03 11:51:00,104.53,104.84,104.41,104.55,35443
2024-01-03 11:52:00,104.45,104.66,104.36,104.53,57867
2024-01-03 11:53:00,104.5,104.88,104.34,104.59,8448
2024-01-03 11:54:00,104.66,104.83,104.23,104.49,5668
2024-01-03 11:55:00,104.49,104.68,104.39,104.47,95275
2024-01-03 11:56:00,104.57,104.73,104.26,104.48,71615
2024-01-03 11:57:00,104.48,104.74,104.26,104.5,122254
2024-01-03 11:58:00,104.46,104.56,104.32,104.48,20341
2024-01-03 11:59:00,104.41,104.72,104.13,104.48,77212
2024-01-03 12:00:00,104.52,104.58,104.29,104.35,1712
2024-01-03 12:01:00,104.36,104.58,104.12,104.31,37843
2024-01-03 12:02:00,104.34,104.43,104.14,104.34,61884
2024-01-03 12:03:00,104.39,104.7,104.07,104.29,11066
2024-01-03 12:04:00,104.33,104.5,104.02,104.29,63312
2024-01-03 12:05:00,104.19,104.42,104.03,104.31,18401
2024-01-03 12:06:00,104.38,104.57,104.11,104.29,20339
2024-01-03 12:07:00,104.3,104.6,104.17,104.3,17007
2024-01-03 12:08:00,104.28,104.35,103.96,104.25,107078
2024-01-03 12:09:00,104.26,104.37,104.09,104.24,13983
2024-01-03 12:10:00,104.27,104.47,103.96,104.27,12373
2024-01-03 12:11:00,104.2,104.47,104.03,104.28,9346
2024-01-03 12:12:00,104.27,104.47,103.95,104.25,15236
2024-01-03 12:13:00,104.22,104.53,104.12,104.26,26769
2024-01-03 12:14:00,104.23,104.56,103.96,104.3,41713
2024-01-03 12:15:00,104.22,104.45,103.97,104.19,10370
2024-01-03 12:16:00,104.12,104.42,103.9,104.25,31981
2024-01-03 12:17:00,104.18,104.48,104.1,104.24,40618
2024-01-03 12:18:00,104.21,104.38,104.11,104.26,8666
2024-01-03 12:19:00,104.34,104.61,104.09,104.32,23461
2024-01-03 12:20:00,104.26,104.43,103.98,104.25,20234
2024-01-03 12:21:00,104.23,104.47,103.92,104.21,23714
2024-01-03 12:22:00,104.17,104.27,103.99,104.2,12965
2024-01-03 12:23:00,104.26,104.49,104.05,104.16,19235
2024-01-03 12:24:00,104.06,104.39,103.9,104.25,22721
2024-01-03 12:25:00,104.18,104.46,104.0,104.2,142066
2024-01-03 12:26:00,104.14,104.35,103.98,104.17,23034
2024-01-03 12:27:00,104.28,104.39,103.89,104.18,83986
2024-01-03 12:28:00,104.2,104.33,103.92,104.12,90591
2024-01-03 12:29:00,104.05,104.19,103.88,104.1,5890
2024-01-03 12:30:00,104.05,104.41,103.74,104.12,16462
2024-01-03 12:31:00,104.05,104.25,103.96,104.1,90778
2024-01-03 12:32:00,104.02,104.23,103.89,104.1,26399
2024-01-03 12:33:00,104.16,104.38,103.89,104.07,19606
2024-01-03 12:34:00,104.07,104.32,103.76,103.99,46631
2024-01-03 12:35:00,104.02,104.13,103.75,104.01,64056
2024-01-03 12:36:00,103.97,104.37,103.76,104.1,21388
2024-01-03 12:37:00,104.11,104.4,103.84,104.1,16676
2024-01-03 12:38:00,104.05,104.32,103.76,104.11,2072
2024-01-03 12:39:00,104.07,104.35,103.88,104.15,23087
2024-01-03 12:40:00,104.18,104.32,103.8,104.08,15045
2024-01-03 12:41:00,104.01,104.25,103.83,104.17,8050
2024-01-03 12:42:00,104.19,104.39,103.98,104.18,17937
2024-01-03 12:43:00,104.25,104.49,104.07,104.26,14509
2024-01-03 12:44:00,104.19,104.35,103.91,104.23,26086
2024-01-03 12:45:00,104.31,104.54,104.03,104.32,16663
2024-01-03 12:46:00,104.23,104.49,104.02,104.36,34440
2024-01-03 12:47:00,104.33,104.63,104.18,104.39,26210
2024-01-03 12:48:00,104.41,104.68,104.35,104.4,78711
2024-01-03 12:49:00,104.42,104.62,104.18,104.39,12909
2024-01-03 12:50:00,104.31,104.64,104.09,104.45,130594
2024-01-03 12:51:00,104.51,104.61,104.23,104.46,64038
2024-01-03 12:52:00,104.56,104.7,104.19,104.36,97415
2024-01-03 12:53:00,104.29,104.44,104.11,104.3,28360
2024-01-03 12:54:00,104.38,104.6,104.02,104.29,16625
2024-01-03 12:55:00,104.3,104.48,104.16,104.31,12862
2024-01-03 12:56:00,104.4,104.58,104.07,104.3,127056
2024-01-03 12:57:00,104.23,104.51,104.07,104.37,65950
2024-01-03 12:58:00,104.43,104.63,104.14,104.26,8037
2024-01-03 12:59:00,104.17,104.38,104.08,104.27,58548
2024-01-03 13:00:00,104.35,104.5,104.11,104.18,9649
2024-01-03 13:01:00,104.21,104.42,104.12,104.22,30463
2024-01-03 13:02:00,104.19,104.36,104.07,104.21,50308
2024-01-03 13:03:00,104.15,104.45,103.87,104.23,94653
2024-01-03 13:04:00,104.3,104.52,104.0,104.19,27932
2024-01-03 13:05:00,104.21,104.48,104.15,104.26,19264
2024-01-03 13:06:00,104.23,104.39,104.15,104.31,23020
2024-01-03 13:07:00,104.3,104.42,104.18,104.34,64013
2024-01-03 13:08:00,104.41,104.6,104.25,104.33,48454
2024-01-03 13:09:00,104.3,104.66,104.02,104.36,21669
2024-01-03 13:10:00,104.28,104.63,104.21,104.33,3417
2024-01-03 13:11:00,104.41,104.69,104.11,104.37,1930
2024-01-03 13:12:00,104.35,104.75,104.16,104.46,27593
2024-01-03 13:13:00,104.43,104.77,104.36,104.51,6759
2024-01-03 13:14:00,104.45,104.55,104.37,104.48,12979
2024-01-03 13:15:00,104.56,104.85,104.43,104.49,17554
2024-01-03 13:16:00,104.43,104.51,104.13,104.43,175691
2024-01-03 13:17:00,104.45,104.54,104.18,104.46,24893
2024-01-03 13:18:00,104.54,104.79,104.42,104.48,45250
2024-01-03 13:19:00,104.38,104.44,104.19,104.38,36481
2024-01-03 13:20:00,104.45,104.76,104.04,104.32,1954
2024-01-03 13:21:00,104.3,104.44,104.15,104.31,14772
2024-01-03 13:22:00,104.34,104.49,104.05,104.29,6502
2024-01-03 13:23:00,104.26,104.41,104.14,104.23,123896
2024-01-03 13:24:00,104.27,104.52,104.08,104.25,3571
2024-01-03 13:25:00,104.2,104.33,103.94,104.26,14460
2024-01-03 13:26:00,104.16,104.46,103.98,104.25,16971
2024-01-03 13:27:00,104.34,104.57,104.03,104.21,8218
2024-01-03 13:28:00,104.11,104.49,103.83,104.27,24377
2024-01-03 13:29:00,104.33,104.57,104.11,104.35,21114
2024-01-03 13:30:00,104.28,104.54,104.09,104.33,25927
2024-01-03 13:31:00,104.31,104.4,104.16,104.3,36406
2024-01-03 13:32:00,104.36,104.6,104.16,104.32,27912
2024-01-03 13:33:00,104.26,104.46,104.01,104.3,32224
2024-01-03 13:34:00,104.38,104.43,104.07,104.3,66984
2024-01-03 13:35:00,104.29,104.51,104.14,104.33,4231
2024-01-03 13:36:00,104.31,104.45,104.14,104.23,44354
2024-01-03 13:37:00,104.27,104.44,104.11,104.3,7741
2024-01-03 13:38:00,104.27,104.47,104.04,104.31,11586
2024-01-03 13:39:00,104.28,104.46,104.02,104.29,24861
2024-01-03 13:40:00,104.33,104.55,104.18,104.28,33233
2024-01-03 13:41:00,104.24,104.4,104.17,104.28,37386
2024-01-03 13:42:00,104.22,104.52,103.91,104.19,8560
2024-01-03 13:43:00,104.25,104.34,104.05,104.27,112554
2024-01-03 13:44:00,104.33,104.63,104.02,104.27,14503
2024-01-03 13:45:00,104.27,104.47,104.15,104.29,10727
2024-01-03 13:46:00,104.3,104.47,104.05,104.34,6173
2024-01-03 13:47:00,104.38,104.64,104.1,104.29,5594
2024-01-03 13:48:00,104.29,104.4,103.99,104.31,5432
2024-01-03 13:49:00,104.3,104.57,104.21,104.3,30162
2024-01-03 13:50:00,104.4,104.47,104.15,104.34,40302
2024-01-03 13:51:00,104.27,104.4,104.11,104.23,9281
2024-01-03 13:52:00,104.25,104.33,103.93,104.23,7031
2024-01-03 13:53:00,104.31,104.58,104.11,104.2,17824
2024-01-03 13:54:00,104.23,104.52,103.99,104.22,24277
2024-01-03 13:55:00,104.3,104.43,103.96,104.24,28651
2024-01-03 13:56:00,104.21,104.42,103.93,104.21,8397
2024-01-03 13:57:00,104.16,104.34,103.98,104.17,18635
2024-01-03 13:58:00,104.24,104.37,104.01,104.16,105575
2024-01-03 13:59:00,104.14,104.34,103.82,104.12,6669
2024-01-03 14:00:00,104.16,104.37,104.07,104.16,21394
2024-01-03 14:01:00,104.09,104.19,103.81,104.14,36314
2024-01-03 14:02:00,104.19,104.34,103.86,103.99,8367
2024-01-03 14:03:00,104.0,104.26,103.67,103.97,40591
2024-01-03 14:04:00,103.92,104.17,103.82,103.92,5771
2024-01-03 14:05:00,103.91,104.07,103.58,103.83,41544
2024-01-03 14:06:00,103.87,104.16,103.46,103.77,23002
2024-01-03 14:07:00,103.67,103.96,103.4,103.77,5327
2024-01-03 14:08:00,103.8,103.91,103.68,103.84,43812
2024-01-03 14:09:00,103.85,104.01,103.55,103.86,8992
2024-01-03 14:10:00,103.8,103.88,103.67,103.83,18895
2024-01-03 14:11:00,103.88,104.17,103.72,103.85,41364
2024-01-03 14:12:00,103.81,103.94,103.57,103.83,8396
2024-01-03 14:13:00,103.78,104.04,103.61,103.79,12987
2024-01-03 14:14:00,103.78,104.08,103.63,103.73,67924
2024-01-03 14:15:00,103.77,104.06,103.39,103.64,2779
2024-01-03 14:16:00,103.73,103.88,103.36,103.62,91005
2024-01-03 14:17:00,103.55,103.71,103.46,103.63,5093
2024-01-03 14:18:00,103.61,103.92,103.53,103.62,10946
2024-01-03 14:19:00,103.53,103.65,103.38,103.6,29214
2024-01-03 14:20:00,103.65,103.73,103.28,103.55,40261
2024-01-03 14:21:00,103.54,103.87,103.36,103.58,29672
2024-01-03 14:22:00,103.63,103.79,103.32,103.52,23092
2024-01-03 14:23:00,103.48,103.67,103.35,103.56,14242
2024-01-03 14:24:00,103.63,103.7,103.34,103.5,104955
2024-01-03 14:25:00,103.51,103.72,103.17,103.46,47712
2024-01-03 14:26:00,103.56,103.8,103.15,103.39,71368
2024-01-03 14:27:00,103.3,103.49,103.02,103.36,14452
2024-01-03 14:28:00,103.37,103.71,103.07,103.41,2146
2024-01-03 14:29:00,103.47,103.53,103.23,103.44,61085
2024-01-03 14:30:00,103.46,103.71,103.33,103.49,31458
2024-01-03 14:31:00,103.39,103.83,103.27,103.52,26446
2024-01-03 14:32:00,103.62,103.72,103.28,103.46,12489
2024-01-03 14:33:00,103.42,103.58,103.13,103.44,15551
2024-01-03 14:34:00,103.39,103.57,103.23,103.4,12099
2024-01-03 14:35:00,103.4,103.69,103.33,103.47,23044
2024-01-03 14:36:00,103.48,103.73,103.16,103.41,7074
2024-01-03 14:37:00,103.47,103.64,103.16,103.46,47221
2024-01-03 14:38:00,103.43,103.7,103.2,103.5,168826
2024-01-03 14:39:00,103.49,103.89,103.27,103.6,12116
2024-01-03 14:40:00,103.6,103.77,103.52,103.58,4479
2024-01-03 14:41:00,103.55,103.85,103.25,103.61,19890
2024-01-03 14:42:00,103.7,103.9,103.56,103.73,30188
2024-01-03 14:43:00,103.8,103.99,103.46,103.7,34656
2024-01-03 14:44:00,103.69,103.74,103.34,103.62,109372
2024-01-03 14:45:00,103.52,103.8,103.32,103.52,49801
2024-01-03 14:46:00,103.61,103.69,103.33,103.56,3599
2024-01-03 14:47:00,103.48,103.57,103.28,103.46,6399
2024-01-03 14:48:00,103.41,103.52,103.2,103.44,33045
2024-01-03 14:49:00,103.37,103.6,103.1,103.47,13986
2024-01-03 14:50:00,103.4,103.73,103.09,103.47,100220
2024-01-03 14:51:00,103.54,103.66,103.43,103.5,8628
2024-01-03 14:52:00,103.51,103.68,103.43,103.51,57567
2024-01-03 14:53:00,103.6,103.7,103.37,103.57,11506
2024-01-03 14:54:00,103.52,103.73,103.46,103.53,28629
2024-01-03 14:55:00,103.52,103.69,103.3,103.49,9624
2024-01-03 14:56:00,103.59,103.71,103.17,103.45,38517
2024-01-03 14:57:00,103.52,103.61,103.38,103.49,64389
2024-01-03 14:58:00,103.54,103.63,103.46,103.54,28367
2024-01-03 14:59:00,103.48,103.84,103.35,103.56,148617
2024-01-03 15:00:00,103.62,103.86,103.46,103.62,10716
2024-01-03 15:01:00,103.59,103.81,103.27,103.56,24293
2024-01-03 15:02:00,103.57,103.92,103.5,103.65,51320
2024-01-03 15:03:00,103.67,104.0,103.5,103.73,8520
2024-01-03 15:04:00,103.75,103.91,103.52,103.77,23442
2024-01-03 15:05:00,103.81,104.16,103.74,103.86,42789
2024-01-03 15:06:00,103.89,104.14,103.67,103.77,55781
2024-01-03 15:07:00,103.68,103.9,103.41,103.75,68998
2024-01-03 15:08:00,103.74,103.93,103.64,103.71,9236
2024-01-03 15:09:00,103.74,103.93,103.49,103.75,29385
2024-01-03 15:10:00,103.7,103.89,103.6,103.69,5914
2024-01-03 15:11:00,103.65,103.9,103.36,103.73,10674
2024-01-03 15:12:00,103.65,104.02,103.41,103.8,18506
2024-01-03 15:13:00,103.78,104.09,103.71,103.84,69149
2024-01-03 15:14:00,103.94,104.14,103.7,103.85,37343
2024-01-03 15:15:00,103.81,103.9,103.7,103.8,22927
2024-01-03 15:16:00,103.81,104.06,103.66,103.76,34498
2024-01-03 15:17:00,103.81,103.95,103.68,103.82,37093
2024-01-03 15:18:00,103.72,103.93,103.55,103.86,31857
2024-01-03 15:19:00,103.95,104.2,103.8,103.86,12393
2024-01-03 15:20:00,103.84,103.92,103.6,103.84,8461
2024-01-03 15:21:00,103.92,104.12,103.5,103.73,17618
2024-01-03 15:22:00,103.64,103.79,103.38,103.68,9958
2024-01-03 15:23:00,103.6,103.95,103.39,103.78,40997
2024-01-03 15:24:00,103.74,103.82,103.61,103.71,101615
2024-01-03 15:25:00,103.68,103.97,103.57,103.72,38701
2024-01-03 15:26:00,103.79,103.87,103.57,103.77,3604
2024-01-03 15:27:00,103.67,103.9,103.46,103.71,11693
2024-01-03 15:28:00,103.74,103.95,103.54,103.72,22429
2024-01-03 15:29:00,103.64,103.95,103.35,103.77,5245
2024-01-03 15:30:00,103.83,104.02,103.55,103.77,22724
2024-01-03 15:31:00,103.82,104.04,103.55,103.92,35218
2024-01-03 15:32:00,103.92,103.97,103.63,103.83,90116
2024-01-03 15:33:00,103.77,104.04,103.56,103.88,135768
2024-01-03 15:34:00,103.91,104.06,103.64,103.87,6690
2024-01-03 15:35:00,103.8,103.97,103.65,103.91,19602
2024-01-03 15:36:00,103.85,104.21,103.73,103.94,19851
2024-01-03 15:37:00,103.96,104.03,103.72,103.9,10796
2024-01-03 15:38:00,104.0,104.31,103.84,103.91,24310
2024-01-03 15:39:00,103.99,104.06,103.61,103.81,20331
2024-01-03 15:40:00,103.83,103.96,103.68,103.85,40692
2024-01-03 15:41:00,103.85,104.13,103.75,103.86,85529
2024-01-03 15:42:00,103.97,104.2,103.71,103.89,25143
2024-01-03 15:43:00,103.9,104.24,103.6,103.95,13493
2024-01-03 15:44:00,103.93,104.15,103.73,103.97,7898
2024-01-03 15:45:00,104.05,104.3,103.84,103.98,169814
2024-01-03 15:46:00,103.92,104.04,103.62,103.93,54550
2024-01-03 15:47:00,103.85,104.06,103.79,103.89,32850
2024-01-03 15:48:00,103.92,104.23,103.71,103.96,18657
2024-01-03 15:49:00,103.87,104.13,103.81,104.03,110401
2024-01-03 15:50:00,104.0,104.15,103.71,104.02,18776
2024-01-03 15:51:00,104.0,104.32,103.87,104.02,3975
2024-01-03 15:52:00,104.03,104.3,103.81,103.97,28710
2024-01-03 15:53:00,104.08,104.3,103.9,104.03,6452
2024-01-03 15:54:00,103.98,104.26,103.85,104.07,28818
2024-01-03 15:55:00,104.04,104.24,103.95,104.17,84468
2024-01-03 15:56:00,104.09,104.25,103.79,104.12,4136
2024-01-03 15:57:00,104.15,104.45,103.84,104.1,8958
2024-01-03 15:58:00,104.15,104.26,103.95,104.12,52298
2024-01-03 15:59:00,104.11,104.32,103.96,104.15,13366
2024-01-03 16:00:00,104.1,104.2,103.91,104.14,33361
2024-01-03 16:01:00,104.16,104.24,103.83,104.09,33433
2024-01-03 16:02:00,104.1,104.37,103.96,104.14,53614
2024-01-03 16:03:00,104.07,104.4,103.96,104.18,11538
2024-01-03 16:04:00,104.16,104.28,104.0,104.13,1716
2024-01-03 16:05:00,104.12,104.46,104.01,104.2,32756
2024-01-03 16:06:00,104.3,104.5,104.16,104.26,4587
2024-01-03 16:07:00,104.33,104.46,104.15,104.27,56116
2024-01-03 16:08:00,104.32,104.54,104.08,104.27,21114
2024-01-03 16:09:00,104.35,104.59,104.19,104.3,16382
2024-01-03 16:10:00,104.35,104.4,104.03,104.26,43938
2024-01-03 16:11:00,104.34,104.42,104.14,104.26,3858
2024-01-03 16:12:00,104.16,104.3,103.9,104.15,18030
2024-01-03 16:13:00,104.14,104.41,104.04,104.19,34471
2024-01-03 16:14:00,104.24,104.45,103.87,104.11,28363
2024-01-03 16:15:00,104.13,104.34,104.01,104.19,13509
2024-01-03 16:16:00,104.12,104.4,103.91,104.17,13646
2024-01-03 16:17:00,104.14,104.23,103.91,104.16,103078
2024-01-03 16:18:00,104.12,104.31,103.87,104.13,54867
2024-01-03 16:19:00,104.08,104.21,103.96,104.11,11336
2024-01-03 16:20:00,104.08,104.38,103.9,104.19,84834
2024-01-03 16:21:00,104.19,104.34,103.81,104.06,46867
2024-01-03 16:22:00,104.13,104.33,103.89,104.12,35896
2024-01-03 16:23:00,104.17,104.27,103.9,104.14,37294
2024-01-03 16:24:00,104.21,104.38,104.02,104.08,7001
2024-01-03 16:25:00,104.16,104.27,103.96,104.02,99236
2024-01-03 16:26:00,104.0,104.28,103.87,104.11,57039
2024-01-03 16:27:00,104.08,104.39,103.78,104.06,28144
2024-01-03 16:28:00,103.97,104.27,103.79,104.0,28102
2024-01-03 16:29:00,104.09,104.35,103.94,104.06,20101
2024-01-03 16:30:00,103.97,104.27,103.81,104.08,12472
2024-01-03 16:31:00,104.13,104.22,103.96,104.03,37592
2024-01-03 16:32:00,104.0,104.24,103.92,104.04,9942
2024-01-03 16:33:00,104.13,104.37,103.69,103.99,25608
2024-01-03 16:34:00,103.97,104.14,103.79,104.04,24278
2024-01-03 16:35:00,104.11,104.35,103.97,104.1,32376
2024-01-03 16:36:00,104.05,104.42,103.77,104.13,56457
2024-01-03 16:37:00,104.08,104.22,104.02,104.14,32969
2024-01-03 16:38:00,104.16,104.54,103.86,104.24,44071
2024-01-03 16:39:00,104.34,104.5,104.17,104.24,3165
2024-01-03 16:40:00,104.24,104.45,104.05,104.17,34905
2024-01-03 16:41:00,104.27,104.56,103.94,104.2,23743
2024-01-03 16:42:00,104.26,104.53,104.13,104.31,31943
2024-01-03 16:43:00,104.37,104.6,104.13,104.25,12976
2024-01-03 16:44:00,104.24,104.3,104.05,104.24,69628
2024-01-03 16:45:00,104.21,104.44,103.96,104.26,28294
2024-01-03 16:46:00,104.19,104.53,104.05,104.25,10458
2024-01-03 16:47:00,104.35,104.52,104.03,104.2,12477
2024-01-03 16:48:00,104.3,104.44,104.02,104.26,54326
2024-01-03 16:49:00,104.31,104.57,104.02,104.38,20225
2024-01-03 16:50:00,104.34,104.61,104.23,104.39,21922
2024-01-03 16:51:00,104.34,104.44,104.19,104.35,18075
2024-01-03 16:52:00,104.45,104.59,104.11,104.26,60544
2024-01-03 16:53:00,104.17,104.38,103.87,104.28,35679
2024-01-03 16:54:00,104.35,104.44,104.11,104.34,6720
2024-01-03 16:55:00,104.31,104.42,104.15,104.36,8301
2024-01-03 16:56:00,104.34,104.49,104.19,104.36,22127
2024-01-03 16:57:00,104.43,104.61,104.12,104.33,11579
2024-01-03 16:58:00,104.24,104.48,104.03,104.27,2538
2024-01-03 16:59:00,104.24,104.59,103.96,104.32,10456
2024-01-03 17:00:00,104.41,104.66,104.29,104.36,16671
2024-01-03 17:01:00,104.41,104.71,103.98,104.28,14764
2024-01-03 17:02:00,104.34,104.6,104.15,104.37,45286
2024-01-03 17:03:00,104.42,104.54,104.15,104.4,2357
2024-01-03 17:04:00,104.3,104.75,104.08,104.47,10174
2024-01-03 17:05:00,104.41,104.62,104.3,104.4,48808
2024-01-03 17:06:00,104.4,104.54,104.09,104.33,11297
2024-01-03 17:07:00,104.3,104.38,104.08,104.32,6559
2024-01-03 17:08:00,104.3,104.6,104.16,104.35,11151
2024-01-03 17:09:00,104.41,104.51,104.14,104.44,34413
2024-01-03 17:10:00,104.34,104.57,104.19,104.48,17095
2024-01-03 17:11:00,104.51,104.75,104.2,104.46,10668
2024-01-03 17:12:00,104.36,104.69,104.17,104.41,35659
2024-01-03 17:13:00,104.32,104.65,104.05,104.47,32044
2024-01-03 17:14:00,104.46,104.65,104.22,104.42,6226
2024-01-03 17:15:00,104.5,104.68,104.35,104.51,24216
2024-01-03 17:16:00,104.44,104.67,104.29,104.49,6006
2024-01-03 17:17:00,104.51,104.72,104.19,104.58,70975
2024-01-03 17:18:00,104.62,104.76,104.49,104.61,75447
2024-01-03 17:19:00,104.56,104.75,104.35,104.61,16519
2024-01-03 17:20:00,104.61,104.9,104.32,104.58,63892
2024-01-03 17:21:00,104.67,104.94,104.28,104.56,10340
2024-01-03 17:22:00,104.56,104.88,104.45,104.58,19151
2024-01-03 17:23:00,104.51,104.76,104.36,104.59,12273
2024-01-03 17:24:00,104.61,104.77,104.33,104.56,21489
2024-01-03 17:25:00,104.58,104.73,104.33,104.55,23535
2024-01-03 17:26:00,104.45,104.7,104.32,104.55,21967
2024-01-03 17:27:00,104.47,104.61,104.18,104.44,20126
2024-01-03 17:28:00,104.37,104.67,104.06,104.46,25016
2024-01-03 17:29:00,104.39,104.68,104.21,104.41,77295
2024-01-03 17:30:00,104.36,104.48,104.13,104.35,2948
2024-01-03 17:31:00,104.34,104.59,104.09,104.27,150380
2024-01-03 17:32:00,104.24,104.35,103.97,104.17,15509
2024-01-03 17:33:00,104.25,104.37,103.8,104.1,20375
2024-01-03 17:34:00,104.12,104.34,103.94,104.06,83224
2024-01-03 17:35:00,104.14,104.27,103.9,104.17,40404
2024-01-03 17:36:00,104.17,104.41,103.93,104.14,37609
2024-01-03 17:37:00,104.05,104.36,103.84,104.15,76544
2024-01-03 17:38:00,104.14,104.31,103.84,104.17,18680
2024-01-03 17:39:00,104.24,104.41,104.12,104.18,55216
2024-01-03 17:40:00,104.11,104.31,104.03,104.17,6244
2024-01-03 17:41:00,104.09,104.26,103.88,104.11,33440
2024-01-03 17:42:00,104.07,104.24,103.8,104.18,38631
2024-01-03 17:43:00,104.16,104.49,104.03,104.28,69289
2024-01-03 17:44:00,104.24,104.37,104.02,104.19,44704
2024-01-03 17:45:00,104.12,104.25,104.06,104.14,27024
2024-01-03 17:46:00,104.09,104.18,103.94,104.12,16032
2024-01-03 17:47:00,104.16,104.25,104.02,104.07,15855
2024-01-03 17:48:00,104.05,104.38,103.93,104.1,15989
2024-01-03 17:49:00,104.13,104.31,103.96,104.06,6015
2024-01-03 17:50:00,104.07,104.24,103.82,104.17,125923
2024-01-03 17:51:00,104.18,104.32,104.13,104.24,59794
2024-01-03 17:52:00,104.18,104.45,104.13,104.25,28410
2024-01-03 17:53:00,104.25,104.47,104.12,104.3,49758
2024-01-03 17:54:00,104.2,104.49,104.15,104.36,46772
2024-01-03 17:55:00,104.34,104.65,104.14,104.33,8160
2024-01-03 17:56:00,104.34,104.55,104.06,104.29,41637
2024-01-03 17:57:00,104.22,104.55,104.01,104.29,78413
2024-01-03 17:58:00,104.24,104.59,104.07,104.34,11182
2024-01-03 17:59:00,104.28,104.49,104.01,104.34,4751
2024-01-03 18:00:00,104.25,104.54,104.17,104.26,6890
2024-01-03 18:01:00,104.23,104.42,103.99,104.22,20003
2024-01-03 18:02:00,104.32,104.39,103.92,104.22,6504
2024-01-03 18:03:00,104.18,104.4,103.96,104.21,18545
2024-01-03 18:04:00,104.2,104.41,104.08,104.31,11444
2024-01-03 18:05:00,104.35,104.43,104.12,104.24,22008
2024-01-03 18:06:00,104.27,104.45,104.0,104.27,13231
2024-01-03 18:07:00,104.36,104.55,104.23,104.35,21248
2024-01-03 18:08:00,104.42,104.53,104.21,104.46,40235
2024-01-03 18:09:00,104.53,104.69,104.13,104.44,8450
2024-01-03 18:10:00,104.54,104.79,104.21,104.47,29182
2024-01-03 18:11:00,104.41,104.55,104.16,104.5,9393
2024-01-03 18:12:00,104.52,104.63,104.3,104.51,21900
2024-01-03 18:13:00,104.59,104.76,104.3,104.5,20295
2024-01-03 18:14:00,104.53,104.62,104.35,104.53,31431
2024-01-03 18:15:00,104.63,104.69,104.33,104.39,26492
2024-01-03 18:16:00,104.31,104.65,104.01,104.43,76029
2024-01-03 18:17:00,104.42,104.69,104.24,104.44,21459
2024-01-03 18:18:00,104.54,104.6,104.36,104.42,11760
2024-01-03 18:19:00,104.4,104.63,104.09,104.53,55810
2024-01-03 18:20:00,104.58,104.74,104.22,104.5,30668
2024-01-03 18:21:00,104.4,104.71,104.19,104.48,53324
2024-01-03 18:22:00,104.52,104.88,104.4,104.58,19536
2024-01-03 18:23:00,104.67,104.84,104.26,104.54,5950
2024-01-03 18:24:00,104.51,104.71,104.39,104.51,207712
2024-01-03 18:25:00,104.41,104.61,104.16,104.5,12056
2024-01-03 18:26:00,104.4,104.6,104.11,104.54,6898
2024-01-03 18:27:00,104.63,104.68,104.34,104.55,45115
2024-01-03 18:28:00,104.6,104.81,104.28,104.49,8559
2024-01-03 18:29:00,104.4,104.64,104.13,104.46,14877
2024-01-03 18:30:00,104.37,104.65,104.11,104.43,24948
2024-01-03 18:31:00,104.49,104.57,104.36,104.42,19085
2024-01-03 18:32:00,104.49,104.55,104.35,104.45,15314
2024-01-03 18:33:00,104.37,104.69,104.19,104.47,107978
2024-01-03 18:34:00,104.43,104.67,104.27,104.37,19703
2024-01-03 18:35:00,104.43,104.58,104.15,104.43,8960
2024-01-03 18:36:00,104.44,104.74,104.14,104.44,58509
2024-01-03 18:37:00,104.54,104.8,104.28,104.52,10694
2024-01-03 18:38:00,104.51,104.83,104.27,104.54,19750
2024-01-03 18:39:00,104.58,104.9,104.52,104.6,8913
2024-01-03 18:40:00,104.6,104.91,104.4,104.62,27212
2024-01-03 18:41:00,104.71,104.8,104.58,104.69,22920
2024-01-03 18:42:00,104.67,104.99,104.49,104.72,21396
2024-01-03 18:43:00,104.66,105.02,104.58,104.71,25591
2024-01-03 18:44:00,104.68,104.99,104.54,104.83,49901
2024-01-03 18:45:00,104.91,105.09,104.66,104.88,44493
2024-01-03 18:46:00,104.88,105.14,104.83,104.91,7789
2024-01-03 18:47:00,104.88,104.95,104.78,104.84,11218
2024-01-03 18:48:00,104.85,105.13,104.64,104.77,55513
2024-01-03 18:49:00,104.7,104.94,104.53,104.79,10068
2024-01-03 18:50:00,104.69,105.07,104.63,104.8,36022
2024-01-03 18:51:00,104.75,104.85,104.52,104.77,50994
2024-01-03 18:52:00,104.79,105.09,104.55,104.77,4265
2024-01-03 18:53:00,104.82,104.98,104.63,104.86,14671
2024-01-03 18:54:00,104.92,105.23,104.7,104.89,49763
2024-01-03 18:55:00,104.98,105.13,104.68,104.83,19015
2024-01-03 18:56:00,104.81,105.13,104.57,104.83,14703
2024-01-03 18:57:00,104.88,105.11,104.67,104.78,50570
2024-01-03 18:58:00,104.7,104.96,104.55,104.76,66430
2024-01-03 18:59:00,104.67,104.86,104.39,104.74,11176
2024-01-03 19:00:00,104.66,104.87,104.54,104.72,128943
2024-01-03 19:01:00,104.71,105.0,104.55,104.65,3698
2024-01-03 19:02:00,104.59,104.89,104.37,104.65,4879
2024-01-03 19:03:00,104.6,104.91,104.33,104.62,13983
2024-01-03 19:04:00,104.65,104.88,104.33,104.46,15763
2024-01-03 19:05:00,104.43,104.75,104.13,104.57,16501
2024-01-03 19:06:00,104.58,104.69,104.32,104.63,12906
2024-01-03 19:07:00,104.61,104.73,104.51,104.61,10661
2024-01-03 19:08:00,104.54,104.72,104.47,104.61,17671
2024-01-03 19:09:00,104.52,104.86,104.24,104.55,12211
2024-01-03 19:10:00,104.49,104.82,104.25,104.64,43561
2024-01-03 19:11:00,104.54,104.93,104.28,104.74,22711
2024-01-03 19:12:00,104.76,105.03,104.63,104.74,17656
2024-01-03 19:13:00,104.81,104.98,104.58,104.8,20493
2024-01-03 19:14:00,104.76,105.12,104.53,104.81,67114
2024-01-03 19:15:00,104.78,105.07,104.46,104.74,13583
2024-01-03 19:16:00,104.8,105.01,104.43,104.71,6164
2024-01-03 19:17:00,104.66,104.87,104.51,104.72,8288
2024-01-03 19:18:00,104.64,104.95,104.55,104.7,17447
2024-01-03 19:19:00,104.7,104.83,104.47,104.69,35649
2024-01-03 19:20:00,104.72,104.88,104.38,104.68,53093
2024-01-03 19:21:00,104.7,105.01,104.49,104.68,114535
2024-01-03 19:22:00,104.72,104.92,104.44,104.68,46127
2024-01-03 19:23:00,104.59,104.8,104.49,104.62,9109
2024-01-03 19:24:00,104.61,104.86,104.34,104.59,17975
2024-01-03 19:25:00,104.53,104.65,104.25,104.52,2530
2024-01-03 19:26:00,104.57,104.79,104.46,104.57,16130
2024-01-03 19:27:00,104.65,104.87,104.35,104.46,12026
2024-01-03 19:28:00,104.42,104.64,104.14,104.52,2179
2024-01-03 19:29:00,104.44,104.89,104.32,104.59,181232
2024-01-03 19:30:00,104.54,104.87,104.43,104.58,15093
2024-01-03 19:31:00,104.5,104.58,104.37,104.44,2677
2024-01-03 19:32:00,104.4,104.54,104.25,104.42,16745
2024-01-03 19:33:00,104.43,104.73,104.3,104.42,114779
2024-01-03 19:34:00,104.52,104.67,104.12,104.37,148315
2024-01-03 19:35:00,104.35,104.48,104.11,104.34,23350
2024-01-03 19:36:00,104.28,104.58,104.18,104.42,24254
2024-01-03 19:37:00,104.35,104.7,104.29,104.45,75026
2024-01-03 19:38:00,104.39,104.53,104.24,104.41,18948
2024-01-03 19:39:00,104.34,104.51,104.09,104.32,34901
2024-01-03 19:40:00,104.38,104.55,104.1,104.31,51000
2024-01-03 19:41:00,104.21,104.5,104.07,104.29,7510
2024-01-03 19:42:00,104.4,104.69,104.02,104.32,102412
2024-01-03 19:43:00,104.33,104.53,104.22,104.29,9139
2024-01-03 19:44:00,104.3,104.5,104.2,104.32,11686
2024-01-03 19:45:00,104.29,104.6,104.19,104.42,24338
2024-01-03 19:46:00,104.46,104.7,104.39,104.46,56364
2024-01-03 19:47:00,104.46,104.76,104.35,104.46,43364
2024-01-03 19:48:00,104.42,104.68,104.13,104.45,20964
2024-01-03 19:49:00,104.4,104.55,104.11,104.43,29265
2024-01-03 19:50:00,104.52,104.68,104.19,104.49,64427
2024-01-03 19:51:00,104.45,104.77,104.35,104.46,22212
2024-01-03 19:52:00,104.45,104.73,104.35,104.46,9778
2024-01-03 19:53:00,104.43,104.58,104.36,104.47,12053
2024-01-03 19:54:00,104.38,104.53,104.16,104.44,54681
2024-01-03 19:55:00,104.37,104.54,104.11,104.37,9786
2024-01-03 19:56:00,104.3,104.52,104.0,104.39,4592
2024-01-03 19:57:00,104.43,104.49,104.31,104.38,16249
2024-01-03 19:58:00,104.36,104.64,104.08,104.41,20427
2024-01-03 19:59:00,104.47,104.73,104.2,104.38,52078
2024-01-03 20:00:00,104.42,104.57,104.37,104.44,5126
2024-01-03 20:01:00,104.38,104.58,104.2,104.4,31146
2024-01-03 20:02:00,104.41,104.63,104.21,104.49,69651
2024-01-03 20:03:00,104.54,104.78,104.16,104.4,9726
2024-01-03 20:04:00,104.42,104.55,104.21,104.42,23900
2024-01-03 20:05:00,104.44,104.54,104.36,104.44,2564
2024-01-03 20:06:00,104.49,104.75,104.17,104.4,52741
2024-01-03 20:07:00,104.31,104.68,104.22,104.42,48805
2024-01-03 20:08:00,104.47,104.78,104.39,104.49,21590
2024-01-03 20:09:00,104.44,104.72,104.23,104.38,5841
2024-01-03 20:10:00,104.39,104.48,104.26,104.4,42910
2024-01-03 20:11:00,104.35,104.45,104.09,104.27,17240
2024-01-03 20:12:00,104.34,104.64,104.08,104.22,1365
2024-01-03 20:13:00,104.22,104.52,103.93,104.31,47964
2024-01-03 20:14:00,104.34,104.55,104.13,104.28,70517
2024-01-03 20:15:00,104.34,104.65,104.11,104.21,84061
2024-01-03 20:16:00,104.3,104.49,103.94,104.2,6142
2024-01-03 20:17:00,104.25,104.36,104.02,104.31,3239
2024-01-03 20:18:00,104.24,104.36,104.12,104.22,14612
2024-01-03 20:19:00,104.29,104.41,103.86,104.16,36970
2024-01-03 20:20:00,104.19,104.52,104.08,104.24,8580
2024-01-03 20:21:00,104.26,104.42,104.12,104.34,4487
2024-01-03 20:22:00,104.42,104.63,104.05,104.33,45459
2024-01-03 20:23:00,104.28,104.58,104.02,104.27,15596
2024-01-03 20:24:00,104.21,104.58,104.12,104.38,41051
2024-01-03 20:25:00,104.38,104.53,104.17,104.46,22377
2024-01-03 20:26:00,104.51,104.71,104.22,104.5,18655
2024-01-03 20:27:00,104.48,104.62,104.39,104.45,20658
2024-01-03 20:28:00,104.48,104.64,104.14,104.45,15391
2024-01-03 20:29:00,104.44,104.7,104.38,104.44,13925
2024-01-03 20:30:00,104.46,104.75,104.28,104.46,7322
2024-01-03 20:31:00,104.53,104.68,104.38,104.53,35715
2024-01-03 20:32:00,104.47,104.79,104.28,104.58,76690
2024-01-03 20:33:00,104.62,104.85,104.32,104.52,13353
2024-01-03 20:34:00,104.58,104.69,104.46,104.6,142357
2024-01-03 20:35:00,104.59,104.89,104.36,104.61,32098
2024-01-03 20:36:00,104.58,104.82,104.48,104.65,28514
2024-01-03 20:37:00,104.55,104.78,104.41,104.73,42404
2024-01-03 20:38:00,104.79,104.85,104.49,104.67,58402
2024-01-03 20:39:00,104.63,104.93,104.5,104.67,13980
2024-01-03 20:40:00,104.64,104.91,104.4,104.64,38362
2024-01-03 20:41:00,104.6,104.69,104.33,104.56,62732
2024-01-03 20:42:00,104.56,104.67,104.33,104.57,15072
2024-01-03 20:43:00,104.62,104.79,104.46,104.71,22131
2024-01-03 20:44:00,104.76,104.96,104.54,104.61,10226
2024-01-03 20:45:00,104.59,104.7,104.45,104.61,13452
2024-01-03 20:46:00,104.64,104.81,104.36,104.64,15526
2024-01-03 20:47:00,104.69,104.79,104.5,104.65,8917
2024-01-03 20:48:00,104.6,104.82,104.47,104.64,20682
2024-01-03 20:49:00,104.56,104.79,104.44,104.57,30663
2024-01-03 20:50:00,104.66,104.91,104.4,104.59,33791
2024-01-03 20:51:00,104.62,104.7,104.33,104.55,9813
2024-01-03 20:52:00,104.58,104.78,104.29,104.43,12012
2024-01-03 20:53:00,104.34,104.55,104.23,104.49,51581
2024-01-03 20:54:00,104.56,104.72,104.44,104.54,11983
2024-01-03 20:55:00,104.56,104.76,104.31,104.55,50221
2024-01-03 20:56:00,104.62,104.9,104.34,104.56,10588
2024-01-03 20:57:00,104.66,104.89,104.4,104.61,32112
2024-01-03 20:58:00,104.71,105.02,104.51,104.63,46739
2024-01-03 20:59:00,104.7,104.82,104.59,104.67,1556
2024-01-03 21:00:00,104.57,104.84,104.49,104.66,52494
2024-01-03 21:01:00,104.74,104.86,104.55,104.73,81151
2024-01-03 21:02:00,104.64,105.05,104.33,104.74,16172
2024-01-03 21:03:00,104.82,105.06,104.6,104.75,31124
2024-01-03 21:04:00,104.71,104.99,104.41,104.69,9517
2024-01-03 21:05:00,104.71,105.0,104.48,104.7,31681
2024-01-03 21:06:00,104.61,104.76,104.53,104.66,258086
2024-01-03 21:07:00,104.72,105.01,104.56,104.63,2448
2024-01-03 21:08:00,104.54,104.71,104.36,104.58,13350
2024-01-03 21:09:00,104.56,104.62,104.24,104.53,48861
2024-01-03 21:10:00,104.59,104.77,104.53,104.64,77775
2024-01-03 21:11:00,104.68,105.02,104.55,104.71,5527
2024-01-03 21:12:00,104.6,105.09,104.43,104.81,11635
2024-01-03 21:13:00,104.79,105.01,104.63,104.74,12328
2024-01-03 21:14:00,104.65,104.93,104.53,104.75,11464
2024-01-03 21:15:00,104.78,105.09,104.61,104.68,19610
2024-01-03 21:16:00,104.78,104.9,104.36,104.64,5278
2024-01-03 21:17:00,104.68,104.85,104.39,104.6,17076
2024-01-03 21:18:00,104.54,104.88,104.47,104.66,8637
2024-01-03 21:19:00,104.63,104.7,104.33,104.64,20560
2024-01-03 21:20:00,104.74,104.86,104.54,104.7,10882
2024-01-03 21:21:00,104.64,104.96,104.52,104.73,18600
2024-01-03 21:22:00,104.74,105.09,104.57,104.85,7813
2024-01-03 21:23:00,104.83,105.1,104.65,104.77,57108
2024-01-03 21:24:00,104.83,104.94,104.56,104.84,15905
2024-01-03 21:25:00,104.91,105.05,104.74,104.9,22333
2024-01-03 21:26:00,104.86,105.12,104.63,104.85,19037
2024-01-03 21:27:00,104.88,105.07,104.76,104.9,22186
2024-01-03 21:28:00,104.91,105.17,104.81,104.92,22074
2024-01-03 21:29:00,104.87,105.2,104.78,104.9,49273
2024-01-03 21:30:00,104.86,105.12,104.69,104.86,16546
2024-01-03 21:31:00,104.87,104.97,104.67,104.82,10723
2024-01-03 21:32:00,104.75,105.04,104.66,104.93,22964
2024-01-03 21:33:00,105.0,105.11,104.65,104.93,11933
2024-01-03 21:34:00,104.84,105.05,104.53,104.97,20436
2024-01-03 21:35:00,104.89,104.98,104.66,104.93,7692
2024-01-03 21:36:00,104.9,105.17,104.59,104.89,62930
2024-01-03 21:37:00,104.81,105.04,104.57,104.95,10091
2024-01-03 21:38:00,104.94,105.02,104.73,104.88,73086
2024-01-03 21:39:00,104.85,105.1,104.71,104.85,20720
2024-01-03 21:40:00,104.9,105.03,104.77,104.86,51852
2024-01-03 21:41:00,104.95,105.02,104.78,104.86,10225
2024-01-03 21:42:00,104.91,105.2,104.8,104.85,3081
2024-01-03 21:43:00,104.78,105.11,104.53,104.87,4235
2024-01-03 21:44:00,104.96,105.17,104.67,104.91,269117
2024-01-03 21:45:00,104.89,105.17,104.71,104.95,12113
2024-01-03 21:46:00,104.94,105.1,104.6,104.9,65917
2024-01-03 21:47:00,104.88,105.19,104.66,104.88,6016
2024-01-03 21:48:00,104.84,105.05,104.67,104.94,26340
2024-01-03 21:49:00,105.03,105.21,104.74,104.99,31207
2024-01-03 21:50:00,104.96,105.18,104.73,104.92,375649
2024-01-03 21:51:00,104.94,105.17,104.88,104.94,16028
2024-01-03 21:52:00,104.88,105.14,104.73,104.83,10815
2024-01-03 21:53:00,104.9,105.12,104.75,104.84,31286
2024-01-03 21:54:00,104.89,105.02,104.83,104.94,8736
2024-01-03 21:55:00,104.89,105.18,104.67,104.89,33175
2024-01-03 21:56:00,104.92,105.07,104.58,104.84,20879
2024-01-03 21:57:00,104.88,105.1,104.67,104.88,10364
2024-01-03 21:58:00,104.9,105.08,104.75,104.8,36112
2024-01-03 21:59:00,104.82,104.94,104.69,104.77,24546
2024-01-03 22:00:00,104.78,105.03,104.67,104.8,47113
2024-01-03 22:01:00,104.71,104.94,104.57,104.77,114973
2024-01-03 22:02:00,104.8,104.89,104.45,104.75,13337
2024-01-03 22:03:00,104.75,105.09,104.67,104.79,14595
2024-01-03 22:04:00,104.78,105.08,104.6,104.81,5735
2024-01-03 22:05:00,104.89,105.15,104.74,104.83,37087
2024-01-03 22:06:00,104.73,104.9,104.44,104.81,11559
2024-01-03 22:07:00,104.76,105.12,104.58,104.83,31117
2024-01-03 22:08:00,104.75,105.1,104.52,104.82,70648
2024-01-03 22:09:00,104.73,104.95,104.59,104.85,11110
2024-01-03 22:10:00,104.8,104.91,104.55,104.82,13707
2024-01-03 22:11:00,104.92,105.24,104.62,104.81,60749
2024-01-03 22:12:00,104.76,104.99,104.51,104.76,44686
2024-01-03 22:13:00,104.79,104.91,104.62,104.76,40194
2024-01-03 22:14:00,104.68,104.88,104.47,104.72,14892
2024-01-03 22:15:00,104.74,105.01,104.54,104.66,5239
2024-01-03 22:16:00,104.76,104.93,104.42,104.67,10809
2024-01-03 22:17:00,104.63,104.76,104.44,104.68,8026
2024-01-03 22:18:00,104.76,104.85,104.53,104.72,39400
2024-01-03 22:19:00,104.83,105.08,104.59,104.7,29275
2024-01-03 22:20:00,104.72,105.0,104.58,104.72,12105
2024-01-03 22:21:00,104.68,104.85,104.51,104.75,14358
2024-01-03 22:22:00,104.79,105.07,104.7,104.77,35441
2024-01-03 22:23:00,104.85,104.98,104.51,104.73,16005
2024-01-03 22:24:00,104.66,104.88,104.59,104.74,12318
2024-01-03 22:25:00,104.73,104.9,104.46,104.76,159307
2024-01-03 22:26:00,104.72,105.06,104.66,104.76,12712
2024-01-03 22:27:00,104.71,104.91,104.57,104.65,42986
2024-01-03 22:28:00,104.72,104.96,104.6,104.66,32616
2024-01-03 22:29:00,104.64,104.83,104.39,104.77,4801
2024-01-03 22:30:00,104.74,104.83,104.61,104.75,11170
2024-01-03 22:31:00,104.78,105.08,104.41,104.72,49967
2024-01-03 22:32:00,104.66,104.83,104.46,104.74,19312
2024-01-03 22:33:00,104.68,104.95,104.51,104.75,5090
2024-01-03 22:34:00,104.76,105.11,104.51,104.81,32679
2024-01-03 22:35:00,104.8,105.05,104.63,104.75,12304
2024-01-03 22:36:00,104.71,104.95,104.53,104.79,34060
2024-01-03 22:37:00,104.69,104.95,104.62,104.82,323765
2024-01-03 22:38:00,104.82,104.91,104.71,104.81,32287
2024-01-03 22:39:00,104.88,104.98,104.71,104.83,40626
2024-01-03 22:40:00,104.9,105.02,104.71,104.88,17085
2024-01-03 22:41:00,104.83,105.11,104.69,104.93,7189
2024-01-03 22:42:00,104.95,105.24,104.67,104.87,61323
2024-01-03 22:43:00,104.94,105.2,104.62,104.91,12017
2024-01-03 22:44:00,104.89,105.0,104.73,104.91,17515
2024-01-03 22:45:00,105.0,105.16,104.77,104.91,132385
2024-01-03 22:46:00,105.0,105.05,104.65,104.92,15713
2024-01-03 22:47:00,104.85,104.99,104.54,104.91,74260
2024-01-03 22:48:00,104.86,105.23,104.65,104.97,32450
2024-01-03 22:49:00,104.9,105.06,104.72,104.97,12668
2024-01-03 22:50:00,104.9,105.03,104.78,104.91,30989
2024-01-03 22:51:00,104.99,105.26,104.73,104.89,10759
2024-01-03 22:52:00,104.98,105.15,104.62,104.9,54432
2024-01-03 22:53:00,104.8,105.04,104.59,104.96,76656
2024-01-03 22:54:00,104.98,105.2,104.82,104.99,23132
2024-01-03 22:55:00,105.01,105.28,104.65,104.95,84328
2024-01-03 22:56:00,104.92,105.25,104.75,105.08,25850
2024-01-03 22:57:00,105.11,105.29,104.85,105.09,54968
2024-01-03 22:58:00,105.19,105.41,105.05,105.16,421340
2024-01-03 22:59:00,105.09,105.22,104.79,105.15,261742
2024-01-03 23:00:00,105.07,105.3,104.85,105.18,18351
2024-01-03 23:01:00,105.08,105.49,104.95,105.22,29540
2024-01-03 23:02:00,105.19,105.51,105.11,105.29,7677
2024-01-03 23:03:00,105.25,105.65,105.18,105.34,48954
2024-01-03 23:04:00,105.33,105.56,105.13,105.39,32507
2024-01-03 23:05:00,105.39,105.65,105.29,105.37,10157
2024-01-03 23:06:00,105.43,105.6,105.21,105.34,72174
2024-01-03 23:07:00,105.32,105.49,105.06,105.36,16888
2024-01-03 23:08:00,105.32,105.46,105.07,105.41,13083
2024-01-03 23:09:00,105.48,105.74,105.11,105.4,32843
2024-01-03 23:10:00,105.47,105.69,105.31,105.45,13834
2024-01-03 23:11:00,105.4,105.7,105.09,105.53,21339
2024-01-03 23:12:00,105.49,105.78,105.31,105.48,126279
2024-01-03 23:13:00,105.55,105.85,105.17,105.44,11912
2024-01-03 23:14:00,105.35,105.72,105.12,105.43,43278
2024-01-03 23:15:00,105.39,105.72,105.11,105.45,12289
2024-01-03 23:16:00,105.44,105.51,105.11,105.42,8323
2024-01-03 23:17:00,105.35,105.63,105.18,105.49,20301
2024-01-03 23:18:00,105.42,105.77,105.19,105.51,322683
2024-01-03 23:19:00,105.5,105.8,105.34,105.51,48128
2024-01-03 23:20:00,105.57,105.72,105.38,105.44,34963
2024-01-03 23:21:00,105.51,105.68,105.13,105.37,13035
2024-01-03 23:22:00,105.47,105.6,105.21,105.38,14994
2024-01-03 23:23:00,105.29,105.4,105.02,105.27,4996
2024-01-03 23:24:00,105.21,105.39,104.97,105.32,132592
2024-01-03 23:25:00,105.38,105.53,105.25,105.32,28822
2024-01-03 23:26:00,105.32,105.77,105.14,105.49,26421
2024-01-03 23:27:00,105.45,105.82,105.21,105.61,27006
2024-01-03 23:28:00,105.55,105.83,105.3,105.6,178108
2024-01-03 23:29:00,105.55,105.85,105.34,105.59,29717
2024-01-03 23:30:00,105.58,105.8,105.46,105.65,18168
2024-01-03 23:31:00,105.58,106.03,105.27,105.74,133134
2024-01-03 23:32:00,105.83,105.98,105.57,105.65,19348
2024-01-03 23:33:00,105.57,105.68,105.33,105.56,4057
2024-01-03 23:34:00,105.66,105.76,105.26,105.52,4783
2024-01-03 23:35:00,105.59,105.89,105.25,105.55,18183
2024-01-03 23:36:00,105.54,105.64,105.23,105.58,29485
2024-01-03 23:37:00,105.63,105.88,105.56,105.64,50108
2024-01-03 23:38:00,105.67,105.84,105.34,105.57,8792
2024-01-03 23:39:00,105.51,105.82,105.35,105.45,17583
2024-01-03 23:40:00,105.42,105.58,105.24,105.5,9802
2024-01-03 23:41:00,105.5,105.81,105.14,105.45,67084
2024-01-03 23:42:00,105.48,105.59,105.21,105.35,79413
2024-01-03 23:43:00,105.35,105.65,105.11,105.35,156101
2024-01-03 23:44:00,105.35,105.7,105.06,105.4,31305
2024-01-03 23:45:00,105.38,105.5,105.13,105.39,142243
2024-01-03 23:46:00,105.39,105.45,105.1,105.36,11015
2024-01-03 23:47:00,105.35,105.57,105.05,105.36,27335
2024-01-03 23:48:00,105.37,105.67,105.27,105.34,7624
2024-01-03 23:49:00,105.42,105.51,105.09,105.27,39078
2024-01-03 23:50:00,105.29,105.58,104.96,105.23,29282
2024-01-03 23:51:00,105.28,105.58,105.04,105.26,1893
2024-01-03 23:52:00,105.28,105.4,105.21,105.27,66809
2024-01-03 23:53:00,105.3,105.41,105.05,105.28,51810
2024-01-03 23:54:00,105.3,105.59,105.09,105.23,12636
2024-01-03 23:55:00,105.13,105.5,104.97,105.22,29179
2024-01-03 23:56:00,105.32,105.46,104.92,105.11,4945
2024-01-03 23:57:00,105.01,105.28,104.71,105.11,10196
2024-01-03 23:58:00,105.09,105.37,104.97,105.19,116900
2024-01-03 23:59:00,105.11,105.39,104.79,105.11,6944
2024-01-04 00:00:00,105.03,105.3,104.91,105.08,22237
2024-01-04 00:01:00,105.14,105.26,105.03,105.1,5451
2024-01-04 00:02:00,105.08,105.24,104.79,105.16,30882
2024-01-04 00:03:00,105.23,105.31,104.96,105.14,38667
2024-01-04 00:04:00,105.09,105.34,104.82,105.1,45439
2024-01-04 00:05:00,105.05,105.15,104.83,105.0,35171
2024-01-04 00:06:00,104.95,105.13,104.83,105.01,91751
2024-01-04 00:07:00,105.03,105.25,104.82,105.11,12657
2024-01-04 00:08:00,105.18,105.24,104.97,105.13,7644
2024-01-04 00:09:00,105.12,105.23,104.81,105.13,12244
2024-01-04 00:10:00,105.1,105.35,104.82,105.14,5731
2024-01-04 00:11:00,105.24,105.35,104.88,105.14,23831
2024-01-04 00:12:00,105.06,105.26,104.96,105.1,19156
2024-01-04 00:13:00,105.1,105.4,104.85,105.14,35508
2024-01-04 00:14:00,105.12,105.47,104.87,105.16,4375
2024-01-04 00:15:00,105.07,105.25,104.93,105.16,21741
2024-01-04 00:16:00,105.11,105.28,105.02,105.11,74197
2024-01-04 00:17:00,105.01,105.43,104.82,105.17,39035
2024-01-04 00:18:00,105.25,105.55,105.0,105.21,3309
2024-01-04 00:19:00,105.23,105.42,105.11,105.18,21770
2024-01-04 00:20:00,105.25,105.34,104.96,105.23,10585
2024-01-04 00:21:00,105.24,105.55,105.04,105.21,22311
2024-01-04 00:22:00,105.23,105.49,104.95,105.17,15053
2024-01-04 00:23:00,105.21,105.51,105.01,105.13,125404
2024-01-04 00:24:00,105.21,105.41,104.87,105.03,23997
2024-01-04 00:25:00,104.95,105.25,104.82,105.06,30235
2024-01-04 00:26:00,105.02,105.2,104.74,104.96,21076
2024-01-04 00:27:00,105.0,105.08,104.65,104.9,35399
2024-01-04 00:28:00,104.99,105.23,104.5,104.79,17731
2024-01-04 00:29:00,104.89,105.05,104.71,104.78,47739
2024-01-04 00:30:00,104.81,104.99,104.69,104.78,14884
2024-01-04 00:31:00,104.71,104.98,104.65,104.76,87243
2024-01-04 00:32:00,104.68,104.85,104.6,104.7,36186
2024-01-04 00:33:00,104.8,104.85,104.34,104.64,18909
2024-01-04 00:34:00,104.63,104.98,104.43,104.67,51128
2024-01-04 00:35:00,104.6,104.75,104.31,104.64,36063
2024-01-04 00:36:00,104.73,105.02,104.38,104.65,50378
2024-01-04 00:37:00,104.57,104.8,104.5,104.61,23998
2024-01-04 00:38:00,104.66,104.73,104.33,104.62,17306
2024-01-04 00:39:00,104.64,104.97,104.48,104.69,25217
2024-01-04 00:40:00,104.6,104.85,104.38,104.72,13354
2024-01-04 00:41:00,104.68,104.96,104.44,104.69,58649
2024-01-04 00:42:00,104.62,104.92,104.51,104.71,95720
2024-01-04 00:43:00,104.73,104.85,104.45,104.7,39302
2024-01-04 00:44:00,104.69,104.96,104.61,104.7,90958
2024-01-04 00:45:00,104.59,104.78,104.36,104.68,67972
2024-01-04 00:46:00,104.78,104.93,104.47,104.67,16843
2024-01-04 00:47:00,104.64,104.89,104.38,104.68,50807
2024-01-04 00:48:00,104.63,104.89,104.5,104.63,6106
2024-01-04 00:49:00,104.57,104.77,104.49,104.58,26530
2024-01-04 00:50:00,104.51,104.78,104.23,104.5,6752
2024-01-04 00:51:00,104.61,104.74,104.33,104.42,19738
2024-01-04 00:52:00,104.38,104.45,104.15,104.36,5220
2024-01-04 00:53:00,104.34,104.44,104.11,104.37,65795
2024-01-04 00:54:00,104.44,104.67,104.11,104.32,14840
2024-01-04 00:55:00,104.35,104.63,104.19,104.35,54519
2024-01-04 00:56:00,104.32,104.63,104.26,104.35,20424
2024-01-04 00:57:00,104.43,104.51,104.08,104.24,3483
2024-01-04 00:58:00,104.3,104.5,104.22,104.28,13573
2024-01-04 00:59:00,104.22,104.52,104.09,104.32,12955
2024-01-04 01:00:00,104.35,104.63,104.08,104.27,21703
2024-01-04 01:01:00,104.36,104.56,103.99,104.29,99512
2024-01-04 01:02:00,104.29,104.54,104.08,104.25,117432
2024-01-04 01:03:00,104.3,104.47,104.03,104.25,17479
2024-01-04 01:04:00,104.35,104.45,104.11,104.19,6246
2024-01-04 01:05:00,104.23,104.36,103.84,104.09,10466
2024-01-04 01:06:00,104.01,104.19,103.92,104.07,35582
2024-01-04 01:07:00,104.02,104.17,103.79,104.07,19766
2024-01-04 01:08:00,104.09,104.3,103.81,104.05,4558
2024-01-04 01:09:00,104.0,104.13,103.7,103.98,13311
2024-01-04 01:10:00,104.08,104.25,103.78,103.96,81762
2024-01-04 01:11:00,103.94,104.28,103.64,103.98,29503
2024-01-04 01:12:00,103.97,104.2,103.67,103.97,23093
2024-01-04 01:13:00,104.02,104.21,103.85,103.98,14931
2024-01-04 01:14:00,103.99,104.12,103.75,103.95,13905
2024-01-04 01:15:00,103.92,104.22,103.76,104.01,37947
2024-01-04 01:16:00,103.92,104.23,103.76,103.95,25388
2024-01-04 01:17:00,103.97,104.1,103.91,103.97,47620
2024-01-04 01:18:00,104.05,104.36,103.77,104.04,38049
2024-01-04 01:19:00,104.07,104.29,103.79,104.06,22465
2024-01-04 01:20:00,104.04,104.31,103.74,104.05,32344
2024-01-04 01:21:00,103.97,104.18,103.78,104.02,12178
2024-01-04 01:22:00,104.09,104.17,103.77,104.08,20990
2024-01-04 01:23:00,104.17,104.48,103.75,104.0,84200
2024-01-04 01:24:00,103.98,104.15,103.77,103.95,22263
2024-01-04 01:25:00,104.0,104.16,103.8,103.93,17726
2024-01-04 01:26:00,103.91,104.18,103.85,104.0,27186
2024-01-04 01:27:00,104.0,104.33,103.83,104.02,6866
2024-01-04 01:28:00,104.09,104.38,103.72,103.97,27469
2024-01-04 01:29:00,103.88,104.08,103.77,103.95,120095
2024-01-04 01:30:00,103.96,104.27,103.66,103.92,9812
2024-01-04 01:31:00,103.86,104.0,103.79,103.88,28769
2024-01-04 01:32:00,103.85,104.16,103.72,103.93,21515
2024-01-04 01:33:00,103.96,104.07,103.62,103.86,20971
2024-01-04 01:34:00,103.76,104.17,103.58,103.94,20596
2024-01-04 01:35:00,103.96,104.28,103.73,103.99,44995
2024-01-04 01:36:00,103.94,104.33,103.84,104.04,7345
2024-01-04 01:37:00,104.08,104.21,103.94,104.02,43856
2024-01-04 01:38:00,103.94,104.14,103.64,104.01,23603
2024-01-04 01:39:00,104.06,104.36,103.69,103.94,3779
2024-01-04 01:40:00,103.97,104.15,103.65,103.91,32203
2024-01-04 01:41:00,104.01,104.2,103.88,103.94,24684
2024-01-04 01:42:00,104.02,104.2,103.79,104.0,9211
2024-01-04 01:43:00,103.96,104.08,103.84,103.95,25863
2024-01-04 01:44:00,103.85,104.05,103.63,103.93,5906
2024-01-04 01:45:00,103.96,104.05,103.68,103.92,11106
2024-01-04 01:46:00,103.94,104.1,103.7,103.85,22856
2024-01-04 01:47:00,103.75,104.14,103.56,103.88,4082
2024-01-04 01:48:00,103.8,103.99,103.52,103.84,6964
2024-01-04 01:49:00,103.86,104.0,103.55,103.83,8087
2024-01-04 01:50:00,103.91,104.1,103.7,103.81,23841
2024-01-04 01:51:00,103.89,104.1,103.64,103.76,34246
2024-01-04 01:52:00,103.69,103.85,103.62,103.76,9019
2024-01-04 01:53:00,103.74,103.87,103.5,103.75,8527
2024-01-04 01:54:00,103.66,104.0,103.38,103.73,25288
2024-01-04 01:55:00,103.73,103.85,103.47,103.7,24615
2024-01-04 01:56:00,103.75,103.86,103.5,103.71,10935
2024-01-04 01:57:00,103.77,104.08,103.71,103.8,137134
2024-01-04 01:58:00,103.8,104.11,103.53,103.81,26486
2024-01-04 01:59:00,103.72,104.11,103.49,103.86,18579
2024-01-04 02:00:00,103.83,104.08,103.47,103.78,14971
2024-01-04 02:01:00,103.87,104.13,103.65,103.79,60405
2024-01-04 02:02:00,103.74,103.95,103.6,103.74,37988
2024-01-04 02:03:00,103.7,104.0,103.37,103.66,3875
2024-01-04 02:04:00,103.71,103.91,103.37,103.62,10983
2024-01-04 02:05:00,103.67,103.97,103.55,103.68,14089
2024-01-04 02:06:00,103.77,103.97,103.56,103.73,21764
2024-01-04 02:07:00,103.71,104.0,103.56,103.74,41238
2024-01-04 02:08:00,103.75,103.98,103.51,103.67,7554
2024-01-04 02:09:00,103.66,103.74,103.58,103.66,20345
2024-01-04 02:10:00,103.74,103.83,103.61,103.67,120483
2024-01-04 02:11:00,103.73,103.92,103.45,103.68,22675
2024-01-04 02:12:00,103.75,103.83,103.37,103.58,11000
2024-01-04 02:13:00,103.51,103.74,103.42,103.54,5801
2024-01-04 02:14:00,103.6,103.76,103.29,103.53,13535
2024-01-04 02:15:00,103.52,103.62,103.43,103.56,7489
2024-01-04 02:16:00,103.46,103.77,103.21,103.45,14844
2024-01-04 02:17:00,103.36,103.61,103.14,103.44,37880
2024-01-04 02:18:00,103.48,103.75,103.18,103.45,22855
2024-01-04 02:19:00,103.42,103.63,103.24,103.49,13629
2024-01-04 02:20:00,103.57,103.79,103.46,103.53,3675
2024-01-04 02:21:00,103.58,103.87,103.39,103.56,50614
2024-01-04 02:22:00,103.46,103.66,103.17,103.52,15483
2024-01-04 02:23:00,103.56,103.64,103.36,103.42,24538
2024-01-04 02:24:00,103.35,103.63,103.2,103.4,8850
2024-01-04 02:25:00,103.38,103.7,103.31,103.45,14633
2024-01-04 02:26:00,103.48,103.67,103.36,103.52,12333
2024-01-04 02:27:00,103.6,103.84,103.45,103.56,5802
2024-01-04 02:28:00,103.55,103.75,103.29,103.58,8884
2024-01-04 02:29:00,103.64,103.93,103.36,103.6,21704
2024-01-04 02:30:00,103.66,103.82,103.37,103.57,29690
2024-01-04 02:31:00,103.55,103.79,103.28,103.56,11115
2024-01-04 02:32:00,103.56,103.93,103.27,103.65,6616
2024-01-04 02:33:00,103.69,103.95,103.51,103.6,15422
2024-01-04 02:34:00,103.51,103.93,103.24,103.69,48032
2024-01-04 02:35:00,103.77,104.05,103.38,103.67,8611
2024-01-04 02:36:00,103.73,103.92,103.5,103.74,22312
2024-01-04 02:37:00,103.69,103.74,103.46,103.66,11379
2024-01-04 02:38:00,103.76,103.94,103.39,103.7,68084
2024-01-04 02:39:00,103.63,103.94,103.37,103.66,13271
2024-01-04 02:40:00,103.74,103.81,103.43,103.58,42702
2024-01-04 02:41:00,103.55,103.83,103.49,103.6,60783
2024-01-04 02:42:00,103.65,103.76,103.37,103.65,102896
2024-01-04 02:43:00,103.64,103.72,103.54,103.6,5691
2024-01-04 02:44:00,103.65,103.85,103.23,103.53,5441
2024-01-04 02:45:00,103.45,103.79,103.15,103.52,70630
2024-01-04 02:46:00,103.47,103.76,103.31,103.52,59963
2024-01-04 02:47:00,103.43,103.84,103.27,103.55,11885
2024-01-04 02:48:00,103.62,103.76,103.43,103.59,865
2024-01-04 02:49:00,103.55,103.85,103.26,103.59,23882
2024-01-04 02:50:00,103.63,103.83,103.46,103.69,4829
2024-01-04 02:51:00,103.75,104.04,103.63,103.7,9626
2024-01-04 02:52:00,103.78,104.04,103.51,103.68,26401
2024-01-04 02:53:00,103.6,103.75,103.43,103.6,30201
2024-01-04 02:54:00,103.68,103.84,103.34,103.58,107078
2024-01-04 02:55:00,103.52,103.86,103.34,103.57,15172
2024-01-04 02:56:00,103.62,103.88,103.37,103.62,8297
2024-01-04 02:57:00,103.66,103.8,103.44,103.64,55121
2024-01-04 02:58:00,103.54,103.8,103.48,103.58,32114
2024-01-04 02:59:00,103.52,103.74,103.21,103.59,15319
2024-01-04 03:00:00,103.59,103.84,103.45,103.62,22737
2024-01-04 03:01:00,103.61,103.82,103.5,103.7,15092
2024-01-04 03:02:00,103.79,103.94,103.65,103.75,44004
2024-01-04 03:03:00,103.72,103.87,103.57,103.79,119126
2024-01-04 03:04:00,103.88,104.09,103.7,103.79,10662
2024-01-04 03:05:00,103.78,103.87,103.72,103.81,33553
2024-01-04 03:06:00,103.91,104.03,103.77,103.88,4770
2024-01-04 03:07:00,103.93,104.12,103.64,103.81,7535
2024-01-04 03:08:00,103.87,104.01,103.52,103.79,38659
2024-01-04 03:09:00,103.71,103.93,103.63,103.75,20529
2024-01-04 03:10:00,103.77,103.9,103.46,103.77,7265
2024-01-04 03:11:00,103.69,104.14,103.58,103.83,22220
2024-01-04 03:12:00,103.79,103.9,103.61,103.8,53045
2024-01-04 03:13:00,103.83,104.0,103.52,103.68,5182
2024-01-04 03:14:00,103.72,103.91,103.54,103.66,126315
2024-01-04 03:15:00,103.56,103.78,103.36,103.7,39066
2024-01-04 03:16:00,103.71,104.02,103.62,103.73,39853
2024-01-04 03:17:00,103.74,103.99,103.58,103.75,21996
2024-01-04 03:18:00,103.67,103.87,103.39,103.74,126390
2024-01-04 03:19:00,103.74,103.91,103.47,103.67,57660
2024-01-04 03:20:00,103.72,103.88,103.63,103.7,15251
2024-01-04 03:21:00,103.61,103.86,103.45,103.66,46975
2024-01-04 03:22:00,103.71,103.84,103.5,103.77,10581
2024-01-04 03:23:00,103.78,103.85,103.68,103.8,16643
2024-01-04 03:24:00,103.87,104.12,103.71,103.77,95476
2024-01-04 03:25:00,103.71,103.96,103.41,103.74,32454
2024-01-04 03:26:00,103.81,103.9,103.57,103.73,42681
2024-01-04 03:27:00,103.65,103.92,103.48,103.72,70942
2024-01-04 03:28:00,103.7,103.99,103.54,103.78,38109
2024-01-04 03:29:00,103.71,103.88,103.64,103.79,9787
2024-01-04 03:30:00,103.86,104.11,103.64,103.75,115992
2024-01-04 03:31:00,103.79,104.12,103.55,103.85,36906
2024-01-04 03:32:00,103.75,103.91,103.64,103.85,39608
2024-01-04 03:33:00,103.75,104.02,103.54,103.89,23292
2024-01-04 03:34:00,103.85,104.12,103.78,103.86,66887
2024-01-04 03:35:00,103.78,103.99,103.63,103.88,149485
2024-01-04 03:36:00,103.9,104.0,103.7,103.89,15133
2024-01-04 03:37:00,103.93,104.1,103.66,103.79,63921
2024-01-04 03:38:00,103.89,104.09,103.74,103.9,22796
2024-01-04 03:39:00,103.99,104.13,103.85,103.97,2986
2024-01-04 03:40:00,104.0,104.19,103.78,103.95,5409
2024-01-04 03:41:00,103.84,103.99,103.79,103.89,33667
2024-01-04 03:42:00,103.86,104.0,103.8,103.91,60497
2024-01-04 03:43:00,103.91,104.08,103.8,103.91,40500
2024-01-04 03:44:00,103.91,104.09,103.77,103.93,47529
2024-01-04 03:45:00,103.95,104.14,103.7,103.94,293492
2024-01-04 03:46:00,104.04,104.21,103.9,103.97,37361
2024-01-04 03:47:00,104.05,104.1,103.93,104.04,16900
2024-01-04 03:48:00,103.96,104.23,103.9,104.07,19406
2024-01-04 03:49:00,104.02,104.16,103.73,104.02,112984
2024-01-04 03:50:00,104.09,104.16,103.79,104.09,6190
2024-01-04 03:51:00,104.15,104.45,103.89,104.17,75959
2024-01-04 03:52:00,104.13,104.61,104.05,104.34,22385
2024-01-04 03:53:00,104.38,104.48,104.19,104.28,9589
2024-01-04 03:54:00,104.31,104.4,104.15,104.29,5165
2024-01-04 03:55:00,104.29,104.55,104.06,104.18,96818
2024-01-04 03:56:00,104.12,104.33,103.89,104.21,9345
2024-01-04 03:57:00,104.29,104.37,104.04,104.18,23443
2024-01-04 03:58:00,104.22,104.41,103.95,104.28,8310
2024-01-04 03:59:00,104.21,104.43,103.99,104.24,157292
2024-01-04 04:00:00,104.29,104.37,103.86,104.15,24298
2024-01-04 04:01:00,104.2,104.34,103.89,104.13,5730
2024-01-04 04:02:00,104.21,104.51,103.84,104.03,14345
2024-01-04 04:03:00,103.97,104.25,103.89,104.07,88710
2024-01-04 04:04:00,104.17,104.32,103.69,103.96,8293
2024-01-04 04:05:00,103.89,104.05,103.6,103.96,15345
2024-01-04 04:06:00,103.98,104.21,103.69,103.85,72196
2024-01-04 04:07:00,103.88,104.08,103.74,103.84,31017
2024-01-04 04:08:00,103.82,104.03,103.69,103.92,6506
2024-01-04 04:09:00,103.92,104.09,103.63,103.94,27538
2024-01-04 04:10:00,104.02,104.17,103.71,103.89,18906
2024-01-04 04:11:00,103.93,104.02,103.65,103.89,23211
2024-01-04 04:12:00,103.89,104.09,103.73,103.89,56758
2024-01-04 04:13:00,103.82,104.22,103.53,103.92,28017
2024-01-04 04:14:00,103.82,104.07,103.53,103.85,20074
2024-01-04 04:15:00,103.77,104.08,103.5,103.88,19112
2024-01-04 04:16:00,103.97,104.13,103.66,103.74,64653
2024-01-04 04:17:00,103.79,104.1,103.61,103.71,10717
2024-01-04 04:18:00,103.8,103.92,103.59,103.68,2520
2024-01-04 04:19:00,103.58,103.85,103.46,103.71,17583
2024-01-04 04:20:00,103.75,103.96,103.4,103.71,32153
2024-01-04 04:21:00,103.62,103.71,103.37,103.64,14525
2024-01-04 04:22:00,103.7,103.78,103.53,103.59,13025
2024-01-04 04:23:00,103.57,103.82,103.29,103.6,15302
2024-01-04 04:24:00,103.52,103.69,103.38,103.6,21492
2024-01-04 04:25:00,103.61,103.71,103.28,103.57,6013
2024-01-04 04:26:00,103.52,103.66,103.35,103.54,42675
2024-01-04 04:27:00,103.57,103.86,103.38,103.58,1537
2024-01-04 04:28:00,103.61,103.9,103.26,103.55,37797
2024-01-04 04:29:00,103.59,103.76,103.34,103.55,30130
2024-01-04 04:30:00,103.65,103.77,103.34,103.66,36207
2024-01-04 04:31:00,103.64,103.76,103.33,103.58,3202
2024-01-04 04:32:00,103.58,103.71,103.36,103.49,29520
2024-01-04 04:33:00,103.55,103.63,103.33,103.53,12803
2024-01-04 04:34:00,103.55,103.66,103.4,103.49,109337
2024-01-04 04:35:00,103.4,103.59,103.28,103.48,31625
2024-01-04 04:36:00,103.55,103.73,103.29,103.44,6790
2024-01-04 04:37:00,103.34,103.5,103.15,103.42,4062
2024-01-04 04:38:00,103.36,103.76,103.16,103.51,11911
2024-01-04 04:39:00,103.42,103.85,103.35,103.55,49590
2024-01-04 04:40:00,103.46,103.86,103.28,103.59,69734
2024-01-04 04:41:00,103.49,103.71,103.31,103.52,26407
2024-01-04 04:42:00,103.43,103.6,103.29,103.46,23861
2024-01-04 04:43:00,103.45,103.66,103.25,103.31,15802
2024-01-04 04:44:00,103.26,103.48,103.02,103.27,21561
2024-01-04 04:45:00,103.19,103.46,103.09,103.32,74289
2024-01-04 04:46:00,103.35,103.46,103.27,103.35,15574
2024-01-04 04:47:00,103.29,103.41,103.2,103.34,42565
2024-01-04 04:48:00,103.24,103.39,103.12,103.34,12985
2024-01-04 04:49:00,103.32,103.45,102.99,103.3,60674
2024-01-04 04:50:00,103.26,103.62,103.16,103.31,39289
2024-01-04 04:51:00,103.27,103.46,103.09,103.35,58227
2024-01-04 04:52:00,103.34,103.43,103.08,103.27,144656
2024-01-04 04:53:00,103.3,103.46,103.15,103.28,1665
2024-01-04 04:54:00,103.31,103.59,103.04,103.33,46806
2024-01-04 04:55:00,103.42,103.73,103.2,103.31,35211
2024-01-04 04:56:00,103.31,103.63,103.12,103.34,34458
2024-01-04 04:57:00,103.34,103.69,103.06,103.49,28017
2024-01-04 04:58:00,103.43,103.78,103.19,103.48,27997
2024-01-04 04:59:00,103.54,103.68,103.33,103.51,30833
2024-01-04 05:00:00,103.43,103.68,103.16,103.47,54502
2024-01-04 05:01:00,103.47,103.7,103.32,103.48,50326
2024-01-04 05:02:00,103.46,103.66,103.4,103.5,21483
2024-01-04 05:03:00,103.53,103.82,103.44,103.51,18261
2024-01-04 05:04:00,103.6,103.8,103.18,103.46,22474
2024-01-04 05:05:00,103.55,103.71,103.21,103.47,14575
2024-01-04 05:06:00,103.4,103.8,103.33,103.54,130644
2024-01-04 05:07:00,103.49,103.73,103.26,103.57,6181
2024-01-04 05:08:00,103.63,103.79,103.42,103.62,46620
2024-01-04 05:09:00,103.62,103.83,103.51,103.6,46343
2024-01-04 05:10:00,103.59,103.8,103.54,103.64,12959
2024-01-04 05:11:00,103.69,103.78,103.47,103.66,29615
2024-01-04 05:12:00,103.68,103.88,103.52,103.61,77882
2024-01-04 05:13:00,103.71,103.95,103.48,103.63,15834
2024-01-04 05:14:00,103.64,103.93,103.42,103.57,81792
2024-01-04 05:15:00,103.57,103.66,103.29,103.54,67388
2024-01-04 05:16:00,103.55,103.75,103.4,103.55,10830
2024-01-04 05:17:00,103.61,103.76,103.48,103.57,7273
2024-01-04 05:18:00,103.59,103.73,103.45,103.5,25989
2024-01-04 05:19:00,103.54,103.74,103.25,103.56,6372
2024-01-04 05:20:00,103.66,103.91,103.53,103.59,1206
2024-01-04 05:21:00,103.61,103.89,103.38,103.55,13501
2024-01-04 05:22:00,103.53,103.63,103.23,103.47,193736
2024-01-04 05:23:00,103.51,103.65,103.35,103.47,14084
2024-01-04 05:24:00,103.5,103.59,103.26,103.44,32192
2024-01-04 05:25:00,103.34,103.52,103.09,103.45,44355
2024-01-04 05:26:00,103.44,103.61,103.26,103.43,21137
2024-01-04 05:27:00,103.48,103.53,103.06,103.33,15778
2024-01-04 05:28:00,103.33,103.5,103.14,103.31,75260
2024-01-04 05:29:00,103.36,103.61,103.22,103.29,22923
2024-01-04 05:30:00,103.28,103.47,103.08,103.32,20102
2024-01-04 05:31:00,103.42,103.59,103.19,103.29,48898
2024-01-04 05:32:00,103.24,103.5,103.11,103.37,7867
2024-01-04 05:33:00,103.29,103.6,103.14,103.27,6228
2024-01-04 05:34:00,103.26,103.45,103.0,103.34,4337
2024-01-04 05:35:00,103.35,103.51,103.16,103.33,38871
2024-01-04 05:36:00,103.3,103.57,103.09,103.37,18701
2024-01-04 05:37:00,103.32,103.58,103.26,103.38,50330
2024-01-04 05:38:00,103.41,103.7,103.31,103.44,23176
2024-01-04 05:39:00,103.41,103.55,103.32,103.42,5591
2024-01-04 05:40:00,103.45,103.7,103.16,103.36,15434
2024-01-04 05:41:00,103.42,103.68,103.2,103.43,54003
2024-01-04 05:42:00,103.49,103.57,103.3,103.43,16946
2024-01-04 05:43:00,103.4,103.62,103.27,103.44,72172
2024-01-04 05:44:00,103.45,103.61,103.18,103.5,13994
2024-01-04 05:45:00,103.49,103.74,103.31,103.45,45222
2024-01-04 05:46:00,103.53,103.78,103.27,103.48,3704
2024-01-04 05:47:00,103.56,103.61,103.3,103.45,17563
2024-01-04 05:48:00,103.42,103.57,103.31,103.44,14956
2024-01-04 05:49:00,103.36,103.56,103.06,103.45,5443
2024-01-04 05:50:00,103.38,103.56,103.1,103.37,66964
2024-01-04 05:51:00,103.34,103.45,103.23,103.33,11613
2024-01-04 05:52:00,103.34,103.68,103.16,103.4,10474
2024-01-04 05:53:00,103.43,103.73,103.36,103.45,80926
2024-01-04 05:54:00,103.41,103.73,103.25,103.44,25885
2024-01-04 05:55:00,103.48,103.57,103.23,103.45,48040
2024-01-04 05:56:00,103.55,103.8,103.38,103.44,4012
2024-01-04 05:57:00,103.47,103.82,103.24,103.51,9911
2024-01-04 05:58:00,103.44,103.63,103.35,103.5,177440
2024-01-04 05:59:00,103.52,103.67,103.4,103.51,51743
2024-01-04 06:00:00,103.52,103.75,103.27,103.57,7530
2024-01-04 06:01:00,103.65,103.87,103.37,103.53,27585
2024-01-04 06:02:00,103.5,103.69,103.2,103.61,8138
2024-01-04 06:03:00,103.6,103.72,103.41,103.53,88772
2024-01-04 06:04:00,103.55,103.84,103.3,103.62,2276
2024-01-04 06:05:00,103.62,103.93,103.29,103.6,29007
2024-01-04 06:06:00,103.64,103.93,103.42,103.58,28574
2024-01-04 06:07:00,103.49,103.58,103.28,103.49,7239
2024-01-04 06:08:00,103.5,103.56,103.36,103.46,16761
2024-01-04 06:09:00,103.38,103.46,103.29,103.41,32065
2024-01-04 06:10:00,103.37,103.55,103.22,103.38,3721
2024-01-04 06:11:00,103.41,103.56,103.1,103.37,6126
2024-01-04 06:12:00,103.3,103.65,103.01,103.42,18861
2024-01-04 06:13:00,103.38,103.6,103.26,103.43,9575
2024-01-04 06:14:00,103.47,103.56,103.22,103.45,13861
2024-01-04 06:15:00,103.48,103.75,103.29,103.39,21588
2024-01-04 06:16:00,103.31,103.62,103.12,103.34,8862
2024-01-04 06:17:00,103.36,103.53,103.14,103.44,21448
2024-01-04 06:18:00,103.36,103.59,103.31,103.4,29673
2024-01-04 06:19:00,103.35,103.64,103.09,103.49,47995
2024-01-04 06:20:00,103.48,103.67,103.35,103.47,6337
2024-01-04 06:21:00,103.39,103.77,103.28,103.47,11749
2024-01-04 06:22:00,103.58,103.69,103.38,103.53,39677
2024-01-04 06:23:00,103.46,103.88,103.28,103.59,5003
2024-01-04 06:24:00,103.65,103.88,103.28,103.59,24494
2024-01-04 06:25:00,103.66,103.91,103.47,103.57,22654
2024-01-04 06:26:00,103.67,103.93,103.32,103.57,1657
2024-01-04 06:27:00,103.55,103.7,103.41,103.58,13435
2024-01-04 06:28:00,103.66,103.9,103.52,103.63,30662
2024-01-04 06:29:00,103.72,103.83,103.4,103.63,17821
2024-01-04 06:30:00,103.56,103.94,103.49,103.66,13707
2024-01-04 06:31:00,103.66,103.91,103.45,103.75,25749
2024-01-04 06:32:00,103.66,103.99,103.35,103.77,59212
2024-01-04 06:33:00,103.79,104.02,103.57,103.78,37706
2024-01-04 06:34:00,103.8,104.11,103.64,103.7,10343
2024-01-04 06:35:00,103.64,103.71,103.37,103.57,5120
2024-01-04 06:36:00,103.63,103.77,103.51,103.59,37029
2024-01-04 06:37:00,103.49,103.71,103.27,103.58,6783
2024-01-04 06:38:00,103.65,103.93,103.48,103.56,12990
2024-01-04 06:39:00,103.46,103.76,103.33,103.57,26928
2024-01-04 06:40:00,103.6,103.83,103.37,103.57,69322
2024-01-04 06:41:00,103.48,103.92,103.42,103.62,79683
2024-01-04 06:42:00,103.57,103.8,103.47,103.63,23404
2024-01-04 06:43:00,103.67,103.87,103.32,103.59,13233
2024-01-04 06:44:00,103.54,103.93,103.39,103.64,6629
2024-01-04 06:45:00,103.64,103.91,103.51,103.63,156159
2024-01-04 06:46:00,103.72,103.77,103.38,103.66,16483
2024-01-04 06:47:00,103.56,103.71,103.51,103.63,43383
2024-01-04 06:48:00,103.7,103.84,103.45,103.6,26816
2024-01-04 06:49:00,103.51,103.67,103.25,103.6,13418
2024-01-04 06:50:00,103.53,103.76,103.35,103.6,12862
2024-01-04 06:51:00,103.52,103.75,103.34,103.63,5524
2024-01-04 06:52:00,103.73,103.98,103.33,103.61,67671
2024-01-04 06:53:00,103.55,103.85,103.36,103.52,19525
2024-01-04 06:54:00,103.6,103.91,103.37,103.5,92002
2024-01-04 06:55:00,103.6,103.65,103.29,103.54,14062
2024-01-04 06:56:00,103.51,103.62,103.45,103.52,16349
2024-01-04 06:57:00,103.55,103.84,103.25,103.51,7092
2024-01-04 06:58:00,103.57,103.65,103.31,103.56,16131
2024-01-04 06:59:00,103.54,103.81,103.24,103.52,6373
2024-01-04 07:00:00,103.45,103.65,103.21,103.44,32947
2024-01-04 07:01:00,103.43,103.68,103.2,103.44,24533
2024-01-04 07:02:00,103.49,103.71,103.22,103.41,96266
2024-01-04 07:03:00,103.47,103.64,103.05,103.36,5126
2024-01-04 07:04:00,103.31,103.49,103.23,103.35,74310
2024-01-04 07:05:00,103.28,103.63,103.18,103.38,8279
2024-01-04 07:06:00,103.46,103.65,103.3,103.38,31077
2024-01-04 07:07:00,103.28,103.6,102.99,103.39,7006
2024-01-04 07:08:00,103.44,103.73,103.33,103.49,26977
2024-01-04 07:09:00,103.39,103.77,103.26,103.47,1788
2024-01-04 07:10:00,103.54,103.7,103.3,103.48,11264
2024-01-04 07:11:00,103.57,103.88,103.39,103.46,24491
2024-01-04 07:12:00,103.41,103.65,103.27,103.41,127445
2024-01-04 07:13:00,103.32,103.45,103.03,103.38,2622
2024-01-04 07:14:00,103.38,103.58,103.11,103.36,21976
2024-01-04 07:15:00,103.32,103.49,103.07,103.38,13111
2024-01-04 07:16:00,103.36,103.76,103.2,103.5,3242
2024-01-04 07:17:00,103.53,103.73,103.16,103.46,7152
2024-01-04 07:18:00,103.4,103.71,103.23,103.44,13751
2024-01-04 07:19:00,103.41,103.66,103.16,103.44,35139
2024-01-04 07:20:00,103.49,103.55,103.25,103.46,24050
2024-01-04 07:21:00,103.49,103.79,103.17,103.47,5928
2024-01-04 07:22:00,103.43,103.8,103.36,103.54,3519
2024-01-04 07:23:00,103.57,103.88,103.2,103.41,33444
2024-01-04 07:24:00,103.47,103.58,103.06,103.29,18119
2024-01-04 07:25:00,103.31,103.58,103.18,103.26,110351
2024-01-04 07:26:00,103.21,103.61,102.92,103.32,15482
2024-01-04 07:27:00,103.22,103.29,102.93,103.24,69094
2024-01-04 07:28:00,103.3,103.6,103.02,103.08,37942
2024-01-04 07:29:00,103.15,103.28,102.96,103.11,50091
2024-01-04 07:30:00,103.15,103.29,102.88,103.13,33942
2024-01-04 07:31:00,103.04,103.21,102.74,103.07,34694
2024-01-04 07:32:00,103.09,103.39,102.88,103.02,2226
2024-01-04 07:33:00,103.08,103.27,102.77,102.97,17380
2024-01-04 07:34:00,102.95,103.17,102.8,102.97,11343
2024-01-04 07:35:00,102.91,103.04,102.85,102.94,78484
2024-01-04 07:36:00,102.96,103.05,102.68,102.97,8089
2024-01-04 07:37:00,103.03,103.16,102.75,102.82,16642
2024-01-04 07:38:00,102.73,102.99,102.66,102.78,49063
2024-01-04 07:39:00,102.8,102.87,102.51,102.72,29761
2024-01-04 07:40:00,102.75,102.95,102.64,102.71,26037
2024-01-04 07:41:00,102.73,102.9,102.51,102.68,66782
2024-01-04 07:42:00,102.71,102.91,102.47,102.72,28569
2024-01-04 07:43:00,102.75,102.87,102.46,102.62,12772
2024-01-04 07:44:00,102.55,102.88,102.26,102.63,6025
2024-01-04 07:45:00,102.57,102.93,102.4,102.65,35835
2024-01-04 07:46:00,102.68,102.93,102.49,102.75,10197
2024-01-04 07:47:00,102.65,103.0,102.38,102.72,17306
2024-01-04 07:48:00,102.75,102.88,102.65,102.74,64754
2024-01-04 07:49:00,102.78,102.92,102.52,102.65,17654
2024-01-04 07:50:00,102.6,102.89,102.41,102.53,14125
2024-01-04 07:51:00,102.55,102.67,102.26,102.57,16653
2024-01-04 07:52:00,102.58,102.65,102.45,102.57,17109
2024-01-04 07:53:00,102.52,102.79,102.32,102.63,8174
2024-01-04 07:54:00,102.62,102.76,102.38,102.56,117872
2024-01-04 07:55:00,102.64,102.75,102.39,102.59,12716
2024-01-04 07:56:00,102.57,102.84,102.3,102.68,48261
2024-01-04 07:57:00,102.71,102.87,102.54,102.7,7954
2024-01-04 07:58:00,102.61,102.92,102.52,102.72,38159
2024-01-04 07:59:00,102.63,102.81,102.38,102.72,26091
2024-01-04 08:00:00,102.63,102.76,102.4,102.64,22584
2024-01-04 08:01:00,102.69,102.78,102.43,102.71,26237
2024-01-04 08:02:00,102.68,102.98,102.53,102.68,33388
2024-01-04 08:03:00,102.62,102.88,102.45,102.7,17555
2024-01-04 08:04:00,102.75,103.03,102.57,102.62,18452
2024-01-04 08:05:00,102.55,102.78,102.33,102.56,39239
2024-01-04 08:06:00,102.51,102.78,102.4,102.63,7030
2024-01-04 08:07:00,102.62,102.73,102.36,102.62,6025
2024-01-04 08:08:00,102.58,102.76,102.39,102.69,26342
2024-01-04 08:09:00,102.71,102.84,102.57,102.69,2951
2024-01-04 08:10:00,102.65,102.83,102.31,102.59,4093
2024-01-04 08:11:00,102.57,102.85,102.32,102.64,133953
2024-01-04 08:12:00,102.71,102.92,102.38,102.61,103714
2024-01-04 08:13:00,102.69,102.85,102.35,102.64,12447
2024-01-04 08:14:00,102.71,102.89,102.45,102.64,59825
2024-01-04 08:15:00,102.72,102.91,102.43,102.57,61932
2024-01-04 08:16:00,102.58,102.69,102.5,102.57,35280
2024-01-04 08:17:00,102.6,102.92,102.48,102.69,20354
2024-01-04 08:18:00,102.7,102.86,102.41,102.71,41210
2024-01-04 08:19:00,102.77,102.97,102.63,102.71,48922
2024-01-04 08:20:00,102.72,103.02,102.6,102.76,41860
2024-01-04 08:21:00,102.68,102.97,102.5,102.78,4678
2024-01-04 08:22:00,102.84,102.95,102.7,102.79,168226
2024-01-04 08:23:00,102.84,102.95,102.65,102.73,243610
2024-01-04 08:24:00,102.8,102.92,102.43,102.74,3264
2024-01-04 08:25:00,102.68,102.95,102.41,102.8,36715
2024-01-04 08:26:00,102.75,102.94,102.53,102.75,170369
2024-01-04 08:27:00,102.71,102.92,102.59,102.83,60010
2024-01-04 08:28:00,102.83,103.01,102.54,102.82,60653
2024-01-04 08:29:00,102.75,102.84,102.56,102.78,5226
2024-01-04 08:30:00,102.75,102.89,102.58,102.83,48586
2024-01-04 08:31:00,102.76,103.02,102.52,102.81,27978
2024-01-04 08:32:00,102.76,102.94,102.67,102.85,48043
2024-01-04 08:33:00,102.89,103.07,102.53,102.84,7820
2024-01-04 08:34:00,102.91,103.05,102.67,102.83,7544
2024-01-04 08:35:00,102.73,103.02,102.66,102.86,19099
2024-01-04 08:36:00,102.87,103.12,102.76,102.87,15075
2024-01-04 08:37:00,102.78,103.01,102.6,102.77,18817
2024-01-04 08:38:00,102.69,102.92,102.62,102.71,13635
2024-01-04 08:39:00,102.75,103.04,102.64,102.76,18015
2024-01-04 08:40:00,102.81,103.03,102.5,102.75,11315
2024-01-04 08:41:00,102.82,103.01,102.59,102.73,20988
2024-01-04 08:42:00,102.72,103.02,102.53,102.66,5305
2024-01-04 08:43:00,102.73,103.03,102.51,102.6,36831
2024-01-04 08:44:00,102.53,102.68,102.41,102.5,28582
2024-01-04 08:45:00,102.45,102.54,102.33,102.49,6236
2024-01-04 08:46:00,102.42,102.54,102.11,102.46,82980
2024-01-04 08:47:00,102.52,102.77,102.36,102.41,9634
2024-01-04 08:48:00,102.36,102.52,102.13,102.41,72326
2024-01-04 08:49:00,102.34,102.58,102.07,102.43,30620
2024-01-04 08:50:00,102.45,102.72,102.23,102.54,59907
2024-01-04 08:51:00,102.45,102.66,102.23,102.46,26270
2024-01-04 08:52:00,102.36,102.63,102.22,102.52,38825
2024-01-04 08:53:00,102.44,102.63,102.23,102.57,59254
2024-01-04 08:54:00,102.46,102.7,102.22,102.53,148329
2024-01-04 08:55:00,102.57,102.67,102.37,102.54,64513
2024-01-04 08:56:00,102.55,102.65,102.31,102.51,34483
2024-01-04 08:57:00,102.45,102.79,102.21,102.52,5718
2024-01-04 08:58:00,102.47,102.89,102.17,102.6,1966
2024-01-04 08:59:00,102.66,102.91,102.51,102.63,19333
2024-01-04 09:00:00,102.63,102.77,102.47,102.66,10780
2024-01-04 09:01:00,102.7,103.01,102.48,102.64,11184
2024-01-04 09:02:00,102.63,102.73,102.27,102.56,20283
2024-01-04 09:03:00,102.51,102.7,102.28,102.55,42735
2024-01-04 09:04:00,102.65,102.9,102.34,102.61,11838
2024-01-04 09:05:00,102.62,102.89,102.27,102.53,53916
2024-01-04 09:06:00,102.46,102.7,102.3,102.48,22776
2024-01-04 09:07:00,102.46,102.71,102.19,102.49,22870
2024-01-04 09:08:00,102.45,102.59,102.31,102.43,143630
2024-01-04 09:09:00,102.38,102.53,102.18,102.39,26320
2024-01-04 09:10:00,102.48,102.55,102.12,102.37,20865
2024-01-04 09:11:00,102.45,102.54,102.22,102.3,37193
2024-01-04 09:12:00,102.24,102.35,102.04,102.25,132872
2024-01-04 09:13:00,102.22,102.41,102.08,102.29,21020
2024-01-04 09:14:00,102.34,102.63,101.95,102.22,34192
2024-01-04 09:15:00,102.16,102.43,101.94,102.14,19765
2024-01-04 09:16:00,102.16,102.43,101.86,102.11,19869
2024-01-04 09:17:00,102.15,102.44,102.08,102.15,13492
2024-01-04 09:18:00,102.18,102.24,102.04,102.14,12580
2024-01-04 09:19:00,102.18,102.47,101.91,102.11,120097
2024-01-04 09:20:00,102.15,102.31,101.93,102.11,12659
2024-01-04 09:21:00,102.21,102.47,101.74,102.02,4719
2024-01-04 09:22:00,101.99,102.29,101.75,102.05,24969
2024-01-04 09:23:00,102.13,102.26,101.9,102.07,60950
2024-01-04 09:24:00,101.97,102.33,101.72,102.05,76306
2024-01-04 09:25:00,102.01,102.33,101.94,102.1,6671
2024-01-04 09:26:00,102.01,102.1,101.92,102.04,67020
2024-01-04 09:27:00,102.07,102.3,101.89,102.1,172635
2024-01-04 09:28:00,102.02,102.4,101.79,102.11,11112
2024-01-04 09:29:00,102.18,102.3,102.0,102.09,18507
2024-01-04 09:30:00,102.12,102.39,101.92,102.09,6428
2024-01-04 09:31:00,101.99,102.3,101.8,102.08,140603
2024-01-04 09:32:00,102.13,102.23,102.06,102.15,4952
2024-01-04 09:33:00,102.22,102.37,101.95,102.09,14767
2024-01-04 09:34:00,102.12,102.35,101.84,102.05,48275
2024-01-04 09:35:00,101.96,102.4,101.69,102.11,11114
2024-01-04 09:36:00,102.18,102.36,101.9,102.08,8191
2024-01-04 09:37:00,102.12,102.35,102.04,102.12,20905
2024-01-04 09:38:00,102.1,102.51,101.91,102.21,240423
2024-01-04 09:39:00,102.17,102.47,101.87,102.19,17051
2024-01-04 09:40:00,102.18,102.42,102.11,102.22,17906
2024-01-04 09:41:00,102.3,102.5,101.96,102.16,7218
2024-01-04 09:42:00,102.11,102.45,102.05,102.2,32373
2024-01-04 09:43:00,102.12,102.38,101.83,102.21,53301
2024-01-04 09:44:00,102.29,102.59,102.14,102.24,12012
2024-01-04 09:45:00,102.14,102.48,102.05,102.2,37636
2024-01-04 09:46:00,102.29,102.55,102.0,102.12,12106
2024-01-04 09:47:00,102.08,102.44,101.85,102.14,3315
2024-01-04 09:48:00,102.15,102.3,101.92,102.04,34799
2024-01-04 09:49:00,101.96,102.13,101.74,102.02,175322
2024-01-04 09:50:00,102.1,102.38,101.83,102.07,6661
2024-01-04 09:51:00,102.12,102.39,101.83,102.08,26354
2024-01-04 09:52:00,102.17,102.48,101.92,102.18,81613
2024-01-04 09:53:00,102.22,102.34,101.96,102.23,19890
2024-01-04 09:54:00,102.17,102.33,101.86,102.2,5287
2024-01-04 09:55:00,102.16,102.35,102.03,102.2,23039
2024-01-04 09:56:00,102.2,102.31,101.98,102.2,97768
2024-01-04 09:57:00,102.22,102.3,101.82,102.12,13272
2024-01-04 09:58:00,102.2,102.33,101.94,102.07,27784
2024-01-04 09:59:00,102.05,102.11,101.93,102.04,7680
2024-01-04 10:00:00,102.08,102.24,101.79,101.94,19940
2024-01-04 10:01:00,102.03,102.15,101.88,101.94,32425
2024-01-04 10:02:00,101.87,102.05,101.62,101.93,24980
2024-01-04 10:03:00,102.0,102.16,101.72,101.84,14306
2024-01-04 10:04:00,101.82,101.99,101.63,101.86,34303
2024-01-04 10:05:00,101.91,102.04,101.69,101.9,43023
2024-01-04 10:06:00,101.86,102.21,101.79,101.91,45963
2024-01-04 10:07:00,101.88,101.99,101.78,101.89,16433
2024-01-04 10:08:00,101.8,102.09,101.74,101.92,11837
2024-01-04 10:09:00,102.02,102.19,101.67,101.96,156861
2024-01-04 10:10:00,102.02,102.08,101.83,101.97,25276
2024-01-04 10:11:00,101.89,102.18,101.8,101.93,17026
2024-01-04 10:12:00,102.03,102.1,101.73,101.95,5028
2024-01-04 10:13:00,101.97,102.06,101.71,102.01,8669
2024-01-04 10:14:00,102.08,102.15,101.79,101.98,11587
2024-01-04 10:15:00,101.89,102.32,101.78,102.08,34180
2024-01-04 10:16:00,102.06,102.14,101.96,102.06,15425
2024-01-04 10:17:00,102.09,102.36,101.83,102.06,22363
2024-01-04 10:18:00,101.98,102.13,101.74,102.02,5254
2024-01-04 10:19:00,102.02,102.27,101.72,102.04,89718
2024-01-04 10:20:00,102.02,102.17,101.67,101.95,10535
2024-01-04 10:21:00,101.89,102.08,101.61,101.92,27864
2024-01-04 10:22:00,101.88,101.95,101.77,101.86,12957
2024-01-04 10:23:00,101.96,102.23,101.61,101.87,16024
2024-01-04 10:24:00,101.83,102.05,101.62,101.92,9956
2024-01-04 10:25:00,101.86,102.1,101.81,101.95,29622
2024-01-04 10:26:00,101.96,102.02,101.77,101.83,8263
2024-01-04 10:27:00,101.87,102.14,101.75,101.94,30159
2024-01-04 10:28:00,101.98,102.07,101.66,101.95,19558
2024-01-04 10:29:00,102.0,102.09,101.69,101.91,41357
2024-01-04 10:30:00,101.82,102.2,101.72,101.92,45646
2024-01-04 10:31:00,101.9,102.03,101.7,101.93,16033
2024-01-04 10:32:00,101.98,102.17,101.71,101.89,31762
2024-01-04 10:33:00,101.98,102.17,101.61,101.91,14068
2024-01-04 10:34:00,101.93,101.99,101.63,101.87,82131
2024-01-04 10:35:00,101.78,101.96,101.64,101.85,15383
2024-01-04 10:36:00,101.83,101.91,101.65,101.82,18001
2024-01-04 10:37:00,101.73,102.0,101.66,101.75,13782
2024-01-04 10:38:00,101.8,101.92,101.61,101.75,10582
2024-01-04 10:39:00,101.66,101.86,101.42,101.78,168332
2024-01-04 10:40:00,101.72,102.06,101.46,101.81,35825
2024-01-04 10:41:00,101.79,102.05,101.61,101.85,23578
2024-01-04 10:42:00,101.84,101.99,101.63,101.87,13681
2024-01-04 10:43:00,101.85,102.01,101.54,101.84,67044
2024-01-04 10:44:00,101.83,102.18,101.55,101.88,12763
2024-01-04 10:45:00,101.93,102.07,101.67,101.81,24854
2024-01-04 10:46:00,101.79,102.06,101.53,101.77,199376
2024-01-04 10:47:00,101.78,102.01,101.6,101.72,8456
2024-01-04 10:48:00,101.68,102.04,101.48,101.77,37781
2024-01-04 10:49:00,101.74,101.99,101.47,101.82,29393
2024-01-04 10:50:00,101.85,102.0,101.63,101.85,37352
2024-01-04 10:51:00,101.84,102.07,101.64,101.9,16565
2024-01-04 10:52:00,101.95,102.01,101.69,101.86,12182
2024-01-04 10:53:00,101.87,102.07,101.69,101.87,27625
2024-01-04 10:54:00,101.94,102.2,101.74,101.87,13960
2024-01-04 10:55:00,101.86,102.19,101.7,101.91,2139
2024-01-04 10:56:00,101.91,102.14,101.83,101.91,9657
2024-01-04 10:57:00,101.94,102.04,101.64,101.89,16047
2024-01-04 10:58:00,101.83,101.97,101.53,101.91,7496
2024-01-04 10:59:00,101.89,102.06,101.61,101.96,25616
2024-01-04 11:00:00,101.98,102.17,101.73,101.92,10325
2024-01-04 11:01:00,101.83,101.99,101.68,101.92,21090
2024-01-04 11:02:00,101.91,102.0,101.68,101.87,192504
2024-01-04 11:03:00,101.89,102.08,101.51,101.74,75132
2024-01-04 11:04:00,101.83,102.11,101.58,101.75,39794
2024-01-04 11:05:00,101.83,101.94,101.64,101.78,134487
2024-01-04 11:06:00,101.74,102.06,101.65,101.79,20484
2024-01-04 11:07:00,101.8,102.01,101.64,101.69,20693
2024-01-04 11:08:00,101.6,101.79,101.4,101.68,7664
2024-01-04 11:09:00,101.62,101.79,101.39,101.56,79075
2024-01-04 11:10:00,101.62,101.85,101.51,101.63,155903
2024-01-04 11:11:00,101.56,101.7,101.33,101.58,54579
2024-01-04 11:12:00,101.53,101.83,101.48,101.64,91435
2024-01-04 11:13:00,101.73,101.95,101.48,101.69,1426
2024-01-04 11:14:00,101.76,101.83,101.4,101.64,228592
2024-01-04 11:15:00,101.7,101.89,101.48,101.59,19843
2024-01-04 11:16:00,101.66,101.85,101.4,101.61,232342
2024-01-04 11:17:00,101.66,101.94,101.32,101.56,124448
2024-01-04 11:18:00,101.49,101.69,101.4,101.57,47687
2024-01-04 11:19:00,101.57,101.84,101.28,101.54,15630
2024-01-04 11:20:00,101.53,101.63,101.39,101.45,25802
2024-01-04 11:21:00,101.41,101.65,101.11,101.34,3261
2024-01-04 11:22:00,101.41,101.5,101.13,101.35,55870
2024-01-04 11:23:00,101.34,101.46,101.21,101.32,1711
2024-01-04 11:24:00,101.23,101.43,101.05,101.29,16339
2024-01-04 11:25:00,101.25,101.58,101.07,101.33,103077
2024-01-04 11:26:00,101.27,101.52,101.0,101.39,45284
2024-01-04 11:27:00,101.47,101.53,101.12,101.38,4769
2024-01-04 11:28:00,101.41,101.65,101.24,101.36,5765
2024-01-04 11:29:00,101.37,101.48,101.1,101.38,12119
2024-01-04 11:30:00,101.38,101.58,101.25,101.31,23822
2024-01-04 11:31:00,101.35,101.62,101.19,101.33,52920
2024-01-04 11:32:00,101.38,101.51,101.14,101.35,40301
2024-01-04 11:33:00,101.36,101.61,101.22,101.39,7640
2024-01-04 11:34:00,101.48,101.56,101.1,101.29,40893
2024-01-04 11:35:00,101.39,101.6,100.98,101.25,45494
2024-01-04 11:36:00,101.35,101.53,100.99,101.21,35900
2024-01-04 11:37:00,101.24,101.31,100.94,101.21,262546
2024-01-04 11:38:00,101.3,101.43,101.03,101.24,45538
2024-01-04 11:39:00,101.22,101.6,100.96,101.31,57978
2024-01-04 11:40:00,101.39,101.6,101.06,101.29,143753
2024-01-04 11:41:00,101.37,101.65,101.01,101.26,51540
2024-01-04 11:42:00,101.34,101.55,101.1,101.32,12694
2024-01-04 11:43:00,101.39,101.48,101.17,101.34,76320
2024-01-04 11:44:00,101.32,101.53,101.16,101.4,14744
2024-01-04 11:45:00,101.33,101.63,101.24,101.41,8245
2024-01-04 11:46:00,101.38,101.44,101.2,101.36,8982
2024-01-04 11:47:00,101.41,101.54,101.13,101.29,75459
2024-01-04 11:48:00,101.23,101.52,100.98,101.21,40955
2024-01-04 11:49:00,101.21,101.38,101.11,101.24,63629
2024-01-04 11:50:00,101.26,101.51,101.04,101.3,41154
2024-01-04 11:51:00,101.32,101.57,101.22,101.4,26604
2024-01-04 11:52:00,101.49,101.54,101.32,101.44,30272
2024-01-04 11:53:00,101.47,101.67,101.22,101.5,39778
2024-01-04 11:54:00,101.56,101.82,101.31,101.47,12058
2024-01-04 11:55:00,101.49,101.74,101.11,101.41,6061
2024-01-04 11:56:00,101.48,101.71,101.22,101.45,13560
2024-01-04 11:57:00,101.41,101.76,101.27,101.47,37953
2024-01-04 11:58:00,101.42,101.53,101.12,101.48,11523
2024-01-04 11:59:00,101.57,101.74,101.25,101.5,185278
2024-01-04 12:00:00,101.54,101.8,101.36,101.52,34243
2024-01-04 12:01:00,101.55,101.77,101.36,101.58,24822
2024-01-04 12:02:00,101.57,101.75,101.49,101.65,12012
2024-01-04 12:03:00,101.62,101.86,101.54,101.68,55035
2024-01-04 12:04:00,101.69,101.86,101.59,101.72,6555
2024-01-04 12:05:00,101.64,101.97,101.37,101.74,30205
2024-01-04 12:06:00,101.74,101.93,101.57,101.72,14249
2024-01-04 12:07:00,101.71,102.06,101.66,101.76,24857
2024-01-04 12:08:00,101.77,101.9,101.57,101.69,35820
2024-01-04 12:09:00,101.72,101.88,101.61,101.74,7004
2024-01-04 12:10:00,101.83,101.95,101.56,101.68,4142
2024-01-04 12:11:00,101.71,101.89,101.55,101.7,8676
2024-01-04 12:12:00,101.77,101.99,101.47,101.65,53063
2024-01-04 12:13:00,101.66,101.78,101.41,101.68,31988
2024-01-04 12:14:00,101.71,101.88,101.59,101.68,14722
2024-01-04 12:15:00,101.59,101.69,101.34,101.6,157652
2024-01-04 12:16:00,101.52,101.85,101.34,101.62,79626
2024-01-04 12:17:00,101.64,101.76,101.42,101.59,62533
2024-01-04 12:18:00,101.57,101.85,101.29,101.63,10676
2024-01-04 12:19:00,101.7,101.89,101.51,101.63,61842
2024-01-04 12:20:00,101.64,101.72,101.55,101.66,30967
2024-01-04 12:21:00,101.73,101.95,101.51,101.61,10697
2024-01-04 12:22:00,101.7,101.88,101.35,101.58,19848
2024-01-04 12:23:00,101.5,101.68,101.28,101.55,7797
2024-01-04 12:24:00,101.53,101.8,101.37,101.6,10791
2024-01-04 12:25:00,101.63,101.96,101.4,101.68,7015
2024-01-04 12:26:00,101.64,101.78,101.39,101.64,57328
2024-01-04 12:27:00,101.59,101.93,101.34,101.7,20518
2024-01-04 12:28:00,101.76,101.97,101.44,101.59,8590
2024-01-04 12:29:00,101.68,101.82,101.31,101.52,36951
2024-01-04 12:30:00,101.58,101.66,101.22,101.48,22059
2024-01-04 12:31:00,101.48,101.63,101.2,101.41,62975
2024-01-04 12:32:00,101.4,101.57,101.15,101.33,25168
2024-01-04 12:33:00,101.34,101.59,101.13,101.35,5233
2024-01-04 12:34:00,101.34,101.45,101.27,101.34,13403
2024-01-04 12:35:00,101.34,101.62,101.06,101.36,6924
2024-01-04 12:36:00,101.3,101.48,101.17,101.39,38677
2024-01-04 12:37:00,101.47,101.6,101.12,101.41,65150
2024-01-04 12:38:00,101.46,101.56,101.35,101.44,4703
2024-01-04 12:39:00,101.48,101.57,101.2,101.43,19448
2024-01-04 12:40:00,101.53,101.8,101.22,101.37,69755
2024-01-04 12:41:00,101.33,101.51,101.13,101.43,4632
2024-01-04 12:42:00,101.34,101.5,101.28,101.4,14256
2024-01-04 12:43:00,101.46,101.74,101.08,101.35,22021
2024-01-04 12:44:00,101.45,101.75,101.17,101.34,64051
2024-01-04 12:45:00,101.36,101.48,101.05,101.3,37975
2024-01-04 12:46:00,101.21,101.37,101.09,101.27,46585
2024-01-04 12:47:00,101.33,101.45,101.0,101.29,40233
2024-01-04 12:48:00,101.21,101.55,101.12,101.31,15166
2024-01-04 12:49:00,101.32,101.39,101.0,101.26,113937
2024-01-04 12:50:00,101.22,101.49,101.0,101.24,11260
2024-01-04 12:51:00,101.32,101.42,101.12,101.29,1368
2024-01-04 12:52:00,101.28,101.52,101.0,101.32,3638
2024-01-04 12:53:00,101.4,101.52,101.22,101.42,19596
2024-01-04 12:54:00,101.38,101.57,101.22,101.48,15810
2024-01-04 12:55:00,101.46,101.64,101.2,101.54,12882
2024-01-04 12:56:00,101.63,101.75,101.32,101.47,25596
2024-01-04 12:57:00,101.41,101.66,101.14,101.51,73161
2024-01-04 12:58:00,101.53,101.77,101.44,101.51,34683
2024-01-04 12:59:00,101.49,101.55,101.29,101.48,42131
2024-01-04 13:00:00,101.54,101.69,101.37,101.49,7481
2024-01-04 13:01:00,101.41,101.79,101.33,101.54,13102
2024-01-04 13:02:00,101.52,101.86,101.47,101.56,44371
2024-01-04 13:03:00,101.6,101.68,101.39,101.52,24538
2024-01-04 13:04:00,101.5,101.73,101.39,101.55,35491
2024-01-04 13:05:00,101.47,101.76,101.32,101.52,40689
2024-01-04 13:06:00,101.56,101.62,101.26,101.53,26008
2024-01-04 13:07:00,101.53,101.82,101.31,101.52,107141
2024-01-04 13:08:00,101.42,101.76,101.34,101.51,12944
2024-01-04 13:09:00,101.53,101.66,101.4,101.55,9709
2024-01-04 13:10:00,101.63,101.93,101.31,101.49,3770
2024-01-04 13:11:00,101.41,101.64,101.27,101.59,46564
2024-01-04 13:12:00,101.61,101.66,101.39,101.5,12455
2024-01-04 13:13:00,101.55,101.71,101.34,101.47,78120
2024-01-04 13:14:00,101.38,101.55,101.3,101.49,28224
2024-01-04 13:15:00,101.39,101.71,101.16,101.52,15696
2024-01-04 13:16:00,101.51,101.67,101.27,101.51,7672
2024-01-04 13:17:00,101.57,101.66,101.43,101.51,51354
2024-01-04 13:18:00,101.44,101.79,101.3,101.53,20870
2024-01-04 13:19:00,101.6,101.76,101.23,101.52,28790
2024-01-04 13:20:00,101.55,101.75,101.5,101.59,40313
2024-01-04 13:21:00,101.56,101.92,101.5,101.63,28731
2024-01-04 13:22:00,101.64,101.9,101.5,101.68,9416
2024-01-04 13:23:00,101.77,101.94,101.44,101.63,37096
2024-01-04 13:24:00,101.57,101.78,101.32,101.62,50021
2024-01-04 13:25:00,101.62,101.91,101.54,101.61,31578
2024-01-04 13:26:00,101.63,101.89,101.47,101.56,41454
2024-01-04 13:27:00,101.48,101.65,101.19,101.58,45503
2024-01-04 13:28:00,101.48,101.72,101.39,101.55,14823
2024-01-04 13:29:00,101.45,101.78,101.33,101.58,14277
2024-01-04 13:30:00,101.55,101.71,101.32,101.53,204186
2024-01-04 13:31:00,101.44,101.89,101.39,101.61,82930
2024-01-04 13:32:00,101.68,101.78,101.49,101.57,20989
2024-01-04 13:33:00,101.67,101.75,101.29,101.58,43600
2024-01-04 13:34:00,101.49,101.91,101.25,101.62,8624
2024-01-04 13:35:00,101.61,101.82,101.32,101.59,12101
2024-01-04 13:36:00,101.49,101.7,101.41,101.63,6330
2024-01-04 13:37:00,101.56,101.7,101.3,101.57,29309
2024-01-04 13:38:00,101.54,101.82,101.36,101.65,29654
2024-01-04 13:39:00,101.62,101.76,101.41,101.65,65109
2024-01-04 13:40:00,101.74,102.01,101.48,101.62,17818
2024-01-04 13:41:00,101.59,101.81,101.46,101.6,63996
2024-01-04 13:42:00,101.6,101.89,101.43,101.64,42315
2024-01-04 13:43:00,101.59,101.75,101.43,101.61,257617
2024-01-04 13:44:00,101.51,101.65,101.24,101.57,116671
2024-01-04 13:45:00,101.66,101.95,101.39,101.56,97944
2024-01-04 13:46:00,101.48,101.61,101.26,101.5,50801
2024-01-04 13:47:00,101.6,101.76,101.48,101.6,9007
2024-01-04 13:48:00,101.52,101.63,101.24,101.57,29519
2024-01-04 13:49:00,101.59,101.86,101.33,101.61,208471
2024-01-04 13:50:00,101.71,101.87,101.38,101.62,36568
2024-01-04 13:51:00,101.55,101.77,101.4,101.57,9683
2024-01-04 13:52:00,101.55,101.83,101.25,101.57,30821
2024-01-04 13:53:00,101.63,101.91,101.36,101.61,8187
2024-01-04 13:54:00,101.51,101.84,101.3,101.6,9356
2024-01-04 13:55:00,101.64,101.93,101.46,101.66,33286
2024-01-04 13:56:00,101.57,101.81,101.33,101.71,46145
2024-01-04 13:57:00,101.66,102.04,101.52,101.76,9917
2024-01-04 13:58:00,101.69,101.99,101.57,101.74,12587
2024-01-04 13:59:00,101.82,102.11,101.46,101.68,5290
2024-01-04 14:00:00,101.62,101.84,101.37,101.65,19354
2024-01-04 14:01:00,101.56,101.92,101.28,101.66,3146
2024-01-04 14:02:00,101.68,101.97,101.61,101.69,16331
2024-01-04 14:03:00,101.66,101.74,101.32,101.58,23850
2024-01-04 14:04:00,101.56,101.87,101.43,101.58,3805
2024-01-04 14:05:00,101.5,101.64,101.37,101.58,8044
2024-01-04 14:06:00,101.63,101.78,101.33,101.57,20741
2024-01-04 14:07:00,101.59,101.7,101.49,101.64,18095
2024-01-04 14:08:00,101.61,101.94,101.52,101.66,18951
2024-01-04 14:09:00,101.59,101.97,101.45,101.72,29378
2024-01-04 14:10:00,101.74,101.96,101.64,101.71,4139
2024-01-04 14:11:00,101.77,101.89,101.6,101.76,44741
2024-01-04 14:12:00,101.72,102.11,101.53,101.84,16014
2024-01-04 14:13:00,101.75,101.97,101.49,101.91,12134
2024-01-04 14:14:00,101.85,101.92,101.56,101.86,3412
2024-01-04 14:15:00,101.89,102.0,101.67,101.84,16855
2024-01-04 14:16:00,101.94,102.01,101.63,101.82,36755
2024-01-04 14:17:00,101.73,102.03,101.57,101.85,25376
2024-01-04 14:18:00,101.81,101.94,101.54,101.88,26129
2024-01-04 14:19:00,101.8,102.1,101.58,101.84,15692
2024-01-04 14:20:00,101.8,102.04,101.58,101.85,20732
2024-01-04 14:21:00,101.83,101.91,101.45,101.74,7277
2024-01-04 14:22:00,101.83,101.95,101.6,101.82,21921
2024-01-04 14:23:00,101.73,102.0,101.52,101.79,13479
2024-01-04 14:24:00,101.85,102.12,101.67,101.79,7152
2024-01-04 14:25:00,101.77,102.02,101.57,101.78,46850
2024-01-04 14:26:00,101.84,101.91,101.68,101.84,4559
2024-01-04 14:27:00,101.84,102.1,101.56,101.69,37208
2024-01-04 14:28:00,101.6,101.86,101.42,101.69,39622
2024-01-04 14:29:00,101.78,101.99,101.41,101.68,13000
2024-01-04 14:30:00,101.6,101.76,101.42,101.66,61722
2024-01-04 14:31:00,101.68,101.91,101.56,101.75,12729
2024-01-04 14:32:00,101.83,102.11,101.65,101.7,11954
2024-01-04 14:33:00,101.62,101.83,101.38,101.74,6631
2024-01-04 14:34:00,101.75,101.88,101.52,101.76,21841
2024-01-04 14:35:00,101.83,102.09,101.71,101.83,8445
2024-01-04 14:36:00,101.92,102.02,101.7,101.79,9980
2024-01-04 14:37:00,101.84,101.94,101.64,101.75,20632
2024-01-04 14:38:00,101.71,102.08,101.46,101.81,21514
2024-01-04 14:39:00,101.85,101.9,101.56,101.83,77337
2024-01-04 14:40:00,101.87,101.94,101.54,101.75,55883
2024-01-04 14:41:00,101.79,101.88,101.66,101.73,38215
2024-01-04 14:42:00,101.8,102.04,101.58,101.75,19023
2024-01-04 14:43:00,101.66,101.99,101.5,101.79,14705
2024-01-04 14:44:00,101.71,101.82,101.47,101.75,21448
2024-01-04 14:45:00,101.78,102.04,101.54,101.61,12628
2024-01-04 14:46:00,101.7,101.84,101.44,101.63,10927
2024-01-04 14:47:00,101.63,101.83,101.37,101.57,20357
2024-01-04 14:48:00,101.66,101.89,101.17,101.47,9150
2024-01-04 14:49:00,101.56,101.71,101.13,101.32,9731
2024-01-04 14:50:00,101.41,101.63,101.16,101.37,57232
2024-01-04 14:51:00,101.45,101.6,101.16,101.37,5543
2024-01-04 14:52:00,101.45,101.67,101.16,101.36,7787
2024-01-04 14:53:00,101.43,101.53,101.25,101.43,78690
2024-01-04 14:54:00,101.47,101.75,101.19,101.46,14881
2024-01-04 14:55:00,101.37,101.79,101.14,101.55,87205
2024-01-04 14:56:00,101.47,101.56,101.3,101.47,6854
2024-01-04 14:57:00,101.4,101.55,101.14,101.47,23713
2024-01-04 14:58:00,101.38,101.52,101.13,101.39,47659
2024-01-04 14:59:00,101.31,101.64,101.04,101.38,8901
2024-01-04 15:00:00,101.46,101.71,101.17,101.37,117516
2024-01-04 15:01:00,101.4,101.6,101.27,101.4,14907
2024-01-04 15:02:00,101.36,101.5,101.28,101.4,36647
2024-01-04 15:03:00,101.46,101.56,101.14,101.43,11180
2024-01-04 15:04:00,101.43,101.56,101.2,101.47,97891
2024-01-04 15:05:00,101.4,101.67,101.1,101.58,29832
2024-01-04 15:06:00,101.66,101.8,101.41,101.56,179383
2024-01-04 15:07:00,101.53,101.68,101.26,101.51,71615
2024-01-04 15:08:00,101.55,101.66,101.26,101.53,50870
2024-01-04 15:09:00,101.48,101.7,101.38,101.49,8475
2024-01-04 15:10:00,101.49,101.63,101.24,101.56,23953
2024-01-04 15:11:00,101.62,101.73,101.27,101.55,16047
2024-01-04 15:12:00,101.48,101.6,101.27,101.52,22611
2024-01-04 15:13:00,101.61,101.84,101.28,101.49,25532
2024-01-04 15:14:00,101.41,101.66,101.13,101.53,8949
2024-01-04 15:15:00,101.54,101.78,101.34,101.52,18834
2024-01-04 15:16:00,101.61,101.81,101.29,101.49,20002
2024-01-04 15:17:00,101.58,101.87,101.3,101.57,8020
2024-01-04 15:18:00,101.52,101.64,101.4,101.53,49041
2024-01-04 15:19:00,101.46,101.83,101.35,101.53,27514
2024-01-04 15:20:00,101.58,101.87,101.35,101.57,49674
2024-01-04 15:21:00,101.47,101.55,101.34,101.48,35854
2024-01-04 15:22:00,101.48,101.68,101.22,101.51,3969
2024-01-04 15:23:00,101.57,101.7,101.32,101.45,9572
2024-01-04 15:24:00,101.47,101.78,101.39,101.5,115060
2024-01-04 15:25:00,101.43,101.64,101.25,101.45,48295
2024-01-04 15:26:00,101.44,101.55,101.37,101.48,4351
2024-01-04 15:27:00,101.57,101.71,101.45,101.54,35242
2024-01-04 15:28:00,101.56,101.75,101.36,101.58,9586
2024-01-04 15:29:00,101.63,101.85,101.4,101.59,2706
2024-01-04 15:30:00,101.56,101.73,101.48,101.58,115521
2024-01-04 15:31:00,101.52,101.67,101.36,101.55,23749
2024-01-04 15:32:00,101.5,101.91,101.4,101.63,27363
2024-01-04 15:33:00,101.63,101.79,101.36,101.59,6268
2024-01-04 15:34:00,101.55,101.78,101.24,101.54,6952
2024-01-04 15:35:00,101.55,101.67,101.49,101.57,4484
2024-01-04 15:36:00,101.62,101.75,101.44,101.53,90851
2024-01-04 15:37:00,101.58,101.77,101.21,101.48,4258
2024-01-04 15:38:00,101.42,101.64,101.33,101.41,110944
2024-01-04 15:39:00,101.46,101.54,101.11,101.39,8211
2024-01-04 15:40:00,101.42,101.6,101.1,101.38,6451
2024-01-04 15:41:00,101.28,101.63,100.98,101.4,20839
2024-01-04 15:42:00,101.31,101.71,101.15,101.44,11112
2024-01-04 15:43:00,101.47,101.72,101.3,101.47,24277
2024-01-04 15:44:00,101.45,101.57,101.33,101.46,9162
2024-01-04 15:45:00,101.39,101.6,101.31,101.45,16099
2024-01-04 15:46:00,101.36,101.57,101.18,101.48,10317
2024-01-04 15:47:00,101.41,101.83,101.21,101.54,52115
2024-01-04 15:48:00,101.63,101.79,101.43,101.55,36776
2024-01-04 15:49:00,101.59,101.69,101.31,101.52,28218
2024-01-04 15:50:00,101.53,101.8,101.32,101.47,63167
2024-01-04 15:51:00,101.56,101.75,101.17,101.4,28657
2024-01-04 15:52:00,101.42,101.5,101.28,101.43,26338
2024-01-04 15:53:00,101.48,101.72,101.24,101.46,19536
2024-01-04 15:54:00,101.42,101.56,101.31,101.49,10761
2024-01-04 15:55:00,101.51,101.73,101.37,101.49,10785
2024-01-04 15:56:00,101.41,101.81,101.35,101.56,25517
2024-01-04 15:57:00,101.54,101.64,101.41,101.53,60955
2024-01-04 15:58:00,101.44,101.87,101.18,101.58,38962
2024-01-04 15:59:00,101.52,101.85,101.36,101.58,38739
2024-01-04 16:00:00,101.49,101.81,101.23,101.55,7286
2024-01-04 16:01:00,101.53,101.73,101.22,101.58,37154
2024-01-04 16:02:00,101.65,101.91,101.3,101.6,14776
2024-01-04 16:03:00,101.57,101.89,101.33,101.62,26258
2024-01-04 16:04:00,101.68,101.98,101.46,101.62,38254
2024-01-04 16:05:00,101.65,101.9,101.51,101.62,6931
2024-01-04 16:06:00,101.62,101.98,101.37,101.74,25781
2024-01-04 16:07:00,101.69,102.03,101.42,101.8,27896
2024-01-04 16:08:00,101.89,102.04,101.65,101.84,59792
2024-01-04 16:09:00,101.75,101.9,101.66,101.84,13136
2024-01-04 16:10:00,101.88,102.11,101.69,101.89,20718
2024-01-04 16:11:00,101.92,102.02,101.81,101.92,26107
2024-01-04 16:12:00,101.91,102.06,101.68,101.92,13137
2024-01-04 16:13:00,101.87,102.11,101.8,101.91,12899
2024-01-04 16:14:00,101.89,102.15,101.78,101.9,12411
2024-01-04 16:15:00,101.98,102.2,101.66,101.74,19385
2024-01-04 16:16:00,101.81,102.11,101.68,101.75,126384
2024-01-04 16:17:00,101.84,102.08,101.54,101.73,20088
2024-01-04 16:18:00,101.69,101.88,101.63,101.81,35865
2024-01-04 16:19:00,101.79,101.95,101.53,101.81,22733
2024-01-04 16:20:00,101.71,101.81,101.48,101.75,16195
2024-01-04 16:21:00,101.84,102.06,101.63,101.75,21499
2024-01-04 16:22:00,101.71,101.78,101.41,101.69,47540
2024-01-04 16:23:00,101.67,101.84,101.59,101.72,20879
2024-01-04 16:24:00,101.8,102.02,101.63,101.73,18752
2024-01-04 16:25:00,101.74,101.95,101.67,101.78,17417
2024-01-04 16:26:00,101.79,102.1,101.58,101.74,8156
2024-01-04 16:27:00,101.67,102.05,101.53,101.74,62323
2024-01-04 16:28:00,101.74,101.88,101.39,101.67,14087
2024-01-04 16:29:00,101.76,101.89,101.55,101.71,95741
2024-01-04 16:30:00,101.72,101.81,101.43,101.73,28133
2024-01-04 16:31:00,101.69,101.83,101.44,101.76,89848
2024-01-04 16:32:00,101.66,101.95,101.6,101.76,18034
2024-01-04 16:33:00,101.73,101.83,101.44,101.78,10581
2024-01-04 16:34:00,101.8,102.1,101.57,101.86,62519
2024-01-04 16:35:00,101.77,102.01,101.66,101.85,12568
2024-01-04 16:36:00,101.87,102.09,101.65,101.86,79661
2024-01-04 16:37:00,101.86,102.1,101.66,101.8,39289
2024-01-04 16:38:00,101.86,102.16,101.69,101.76,95269
2024-01-04 16:39:00,101.66,101.83,101.38,101.76,8295
2024-01-04 16:40:00,101.82,102.03,101.68,101.82,57326
2024-01-04 16:41:00,101.82,102.07,101.64,101.8,10480
2024-01-04 16:42:00,101.78,101.85,101.56,101.79,2005
2024-01-04 16:43:00,101.89,102.0,101.69,101.77,53955
2024-01-04 16:44:00,101.7,101.85,101.53,101.74,21885
2024-01-04 16:45:00,101.75,101.82,101.48,101.76,57665
2024-01-04 16:46:00,101.72,101.92,101.56,101.68,24149
2024-01-04 16:47:00,101.69,101.97,101.43,101.75,22504
2024-01-04 16:48:00,101.76,101.97,101.61,101.71,98489
2024-01-04 16:49:00,101.63,101.83,101.36,101.75,24792
2024-01-04 16:50:00,101.78,101.89,101.63,101.69,13691
2024-01-04 16:51:00,101.71,101.93,101.62,101.72,20163
2024-01-04 16:52:00,101.78,102.08,101.48,101.75,25787
2024-01-04 16:53:00,101.67,101.98,101.41,101.77,1280
2024-01-04 16:54:00,101.73,101.9,101.47,101.72,35993
2024-01-04 16:55:00,101.75,101.97,101.68,101.74,85725
2024-01-04 16:56:00,101.66,101.97,101.39,101.68,20973
2024-01-04 16:57:00,101.71,102.01,101.43,101.66,14461
2024-01-04 16:58:00,101.57,101.87,101.47,101.72,32460
2024-01-04 16:59:00,101.68,101.85,101.59,101.76,125938
2024-01-04 17:00:00,101.83,101.93,101.57,101.76,35213
2024-01-04 17:01:00,101.81,102.04,101.58,101.71,27292
2024-01-04 17:02:00,101.74,101.93,101.6,101.74,14904
2024-01-04 17:03:00,101.82,102.04,101.44,101.74,7559
2024-01-04 17:04:00,101.78,102.01,101.56,101.62,22548
2024-01-04 17:05:00,101.63,101.84,101.38,101.66,22961
2024-01-04 17:06:00,101.76,101.95,101.37,101.66,3190
2024-01-04 17:07:00,101.7,101.79,101.58,101.72,10648
2024-01-04 17:08:00,101.74,101.85,101.42,101.67,70182
2024-01-04 17:09:00,101.65,101.83,101.42,101.51,17016
2024-01-04 17:10:00,101.59,101.71,101.34,101.52,1889
2024-01-04 17:11:00,101.48,101.84,101.34,101.53,109226
2024-01-04 17:12:00,101.44,101.54,101.26,101.45,9031
2024-01-04 17:13:00,101.39,101.53,101.19,101.4,13762
2024-01-04 17:14:00,101.32,101.71,101.09,101.54,63720
2024-01-04 17:15:00,101.5,101.81,101.4,101.52,10487
2024-01-04 17:16:00,101.59,101.85,101.27,101.56,3071
2024-01-04 17:17:00,101.59,101.74,101.45,101.53,27379
2024-01-04 17:18:00,101.46,101.72,101.19,101.42,48866
2024-01-04 17:19:00,101.48,101.58,101.25,101.41,13778
2024-01-04 17:20:00,101.41,101.61,101.31,101.4,19480
2024-01-04 17:21:00,101.4,101.63,101.15,101.38,6769
2024-01-04 17:22:00,101.35,101.65,101.16,101.37,8139
2024-01-04 17:23:00,101.45,101.64,101.18,101.39,15967
2024-01-04 17:24:00,101.35,101.5,101.11,101.38,42134
2024-01-04 17:25:00,101.3,101.53,101.03,101.32,24288
2024-01-04 17:26:00,101.28,101.59,101.06,101.34,61086
2024-01-04 17:27:00,101.38,101.47,100.96,101.24,115106
2024-01-04 17:28:00,101.27,101.42,100.84,101.14,53453
2024-01-04 17:29:00,101.07,101.33,100.99,101.17,4491
2024-01-04 17:30:00,101.1,101.47,100.84,101.2,16584
2024-01-04 17:31:00,101.23,101.48,101.12,101.2,52944
2024-01-04 17:32:00,101.23,101.51,100.93,101.13,19544
2024-01-04 17:33:00,101.1,101.27,100.81,101.09,4361
2024-01-04 17:34:00,101.16,101.38,100.99,101.08,12683
2024-01-04 17:35:00,101.17,101.36,100.79,101.0,2270
2024-01-04 17:36:00,100.94,101.24,100.82,100.96,16688
2024-01-04 17:37:00,100.98,101.24,100.72,100.99,11104
2024-01-04 17:38:00,100.89,101.15,100.84,101.06,15357
2024-01-04 17:39:00,101.11,101.31,100.79,101.04,71788
2024-01-04 17:40:00,101.03,101.27,100.77,101.08,5817
2024-01-04 17:41:00,101.02,101.23,100.77,100.99,10740
2024-01-04 17:42:00,101.04,101.09,100.95,101.02,7032
2024-01-04 17:43:00,101.08,101.32,100.73,100.98,64301
2024-01-04 17:44:00,100.9,101.18,100.7,100.99,68270
2024-01-04 17:45:00,100.9,101.19,100.82,100.98,31573
2024-01-04 17:46:00,100.95,101.27,100.78,101.05,29980
2024-01-04 17:47:00,101.07,101.28,100.81,101.0,6632
2024-01-04 17:48:00,101.06,101.31,100.9,101.04,26881
2024-01-04 17:49:00,101.04,101.19,100.87,101.02,7173
2024-01-04 17:50:00,101.04,101.28,100.85,101.01,22952
2024-01-04 17:51:00,101.07,101.17,100.71,101.0,15625
2024-01-04 17:52:00,101.01,101.18,100.88,100.96,12159
2024-01-04 17:53:00,100.98,101.2,100.72,100.96,22658
2024-01-04 17:54:00,100.96,101.14,100.74,100.96,43358
2024-01-04 17:55:00,101.03,101.13,100.83,100.97,130021
2024-01-04 17:56:00,100.92,101.07,100.77,100.97,38215
2024-01-04 17:57:00,100.93,101.21,100.76,101.01,214913
2024-01-04 17:58:00,100.94,101.26,100.76,101.06,26928
2024-01-04 17:59:00,101.13,101.26,100.92,101.01,131122
2024-01-04 18:00:00,100.99,101.17,100.89,101.05,34049
2024-01-04 18:01:00,101.02,101.25,100.73,100.99,27995
2024-01-04 18:02:00,101.09,101.32,100.81,101.02,18615
2024-01-04 18:03:00,101.11,101.24,100.82,101.05,29705
2024-01-04 18:04:00,101.15,101.35,100.89,100.96,33913
2024-01-04 18:05:00,100.88,101.24,100.81,100.96,5337
2024-01-04 18:06:00,101.04,101.22,100.76,100.94,44358
2024-01-04 18:07:00,100.9,101.16,100.62,100.9,4994
2024-01-04 18:08:00,100.8,101.25,100.61,100.97,44407
2024-01-04 18:09:00,100.95,101.17,100.86,100.93,40092
2024-01-04 18:10:00,100.94,101.11,100.62,100.89,91239
2024-01-04 18:11:00,100.81,101.06,100.75,100.9,9301
2024-01-04 18:12:00,100.9,101.03,100.75,100.93,8208
2024-01-04 18:13:00,101.0,101.11,100.78,100.92,66653
2024-01-04 18:14:00,100.9,101.12,100.77,100.98,7518
2024-01-04 18:15:00,100.95,101.08,100.68,101.01,6814
2024-01-04 18:16:00,100.98,101.2,100.69,100.9,27136
2024-01-04 18:17:00,100.99,101.19,100.72,100.87,21021
2024-01-04 18:18:00,100.78,101.1,100.5,100.85,25728
2024-01-04 18:19:00,100.83,100.92,100.76,100.87,37711
2024-01-04 18:20:00,100.82,101.04,100.63,100.74,37922
2024-01-04 18:21:00,100.82,101.15,100.6,100.87,20376
2024-01-04 18:22:00,100.78,101.04,100.63,100.89,23113
2024-01-04 18:23:00,100.87,101.12,100.79,100.9,20599
2024-01-04 18:24:00,100.88,101.23,100.83,100.96,22817
2024-01-04 18:25:00,101.04,101.38,100.95,101.08,5500
2024-01-04 18:26:00,101.02,101.36,100.96,101.12,46928
2024-01-04 18:27:00,101.15,101.33,100.94,101.17,62883
2024-01-04 18:28:00,101.1,101.24,100.93,101.18,41665
2024-01-04 18:29:00,101.27,101.4,100.99,101.17,38580
2024-01-04 18:30:00,101.19,101.37,100.9,101.15,8179
2024-01-04 18:31:00,101.17,101.25,101.03,101.1,5349
2024-01-04 18:32:00,101.09,101.24,100.79,101.07,50558
2024-01-04 18:33:00,101.04,101.3,100.81,101.0,22664
2024-01-04 18:34:00,100.94,101.27,100.69,101.0,26095
2024-01-04 18:35:00,101.02,101.14,100.82,100.91,27295
2024-01-04 18:36:00,101.0,101.13,100.81,100.92,28482
2024-01-04 18:37:00,100.89,101.13,100.7,100.92,42046
2024-01-04 18:38:00,101.0,101.2,100.83,100.93,20021
2024-01-04 18:39:00,100.86,101.15,100.7,100.9,3277
2024-01-04 18:40:00,100.99,101.23,100.69,101.06,43844
2024-01-04 18:41:00,101.03,101.25,100.88,101.12,39243
2024-01-04 18:42:00,101.1,101.32,100.79,101.06,6035
2024-01-04 18:43:00,101.05,101.16,100.82,101.07,6863
2024-01-04 18:44:00,101.12,101.4,100.89,101.04,53262
2024-01-04 18:45:00,101.09,101.21,100.77,100.99,67445
2024-01-04 18:46:00,100.99,101.1,100.78,100.92,1535
2024-01-04 18:47:00,100.93,101.22,100.73,100.95,34229
2024-01-04 18:48:00,100.85,100.99,100.72,100.91,17665
2024-01-04 18:49:00,100.87,101.17,100.7,100.96,23722
2024-01-04 18:50:00,100.93,101.23,100.69,101.01,25116
2024-01-04 18:51:00,101.02,101.25,100.72,101.08,10278
2024-01-04 18:52:00,101.09,101.37,100.97,101.04,42305
2024-01-04 18:53:00,101.08,101.2,100.93,101.06,11068
2024-01-04 18:54:00,101.1,101.2,100.96,101.09,46490
2024-01-04 18:55:00,101.04,101.23,100.98,101.07,58048
2024-01-04 18:56:00,101.12,101.21,100.95,101.03,9208
2024-01-04 18:57:00,100.93,101.17,100.76,101.11,9435
2024-01-04 18:58:00,101.15,101.29,100.84,101.12,24677
2024-01-04 18:59:00,101.04,101.23,100.76,101.15,99077
2024-01-04 19:00:00,101.2,101.27,100.91,101.11,12176
2024-01-04 19:01:00,101.12,101.23,100.79,101.05,14717
2024-01-04 19:02:00,101.04,101.1,100.73,101.02,30365
2024-01-04 19:03:00,101.06,101.12,100.91,101.02,42479
2024-01-04 19:04:00,100.92,101.13,100.68,100.96,37308
2024-01-04 19:05:00,100.91,101.25,100.75,100.96,22749
2024-01-04 19:06:00,100.99,101.23,100.64,100.88,16227
2024-01-04 19:07:00,100.95,101.14,100.6,100.82,30694
2024-01-04 19:08:00,100.8,100.91,100.63,100.85,897
2024-01-04 19:09:00,100.81,101.13,100.64,100.88,142807
2024-01-04 19:10:00,100.89,101.16,100.6,100.87,18291
2024-01-04 19:11:00,100.89,101.16,100.73,100.81,26431
2024-01-04 19:12:00,100.8,100.91,100.7,100.76,179760
2024-01-04 19:13:00,100.84,101.14,100.63,100.74,10495
2024-01-04 19:14:00,100.75,100.92,100.63,100.78,226866
2024-01-04 19:15:00,100.68,100.88,100.57,100.82,46150
2024-01-04 19:16:00,100.77,100.87,100.62,100.8,34425
2024-01-04 19:17:00,100.79,101.08,100.51,100.74,41935
2024-01-04 19:18:00,100.78,101.01,100.59,100.75,9494
2024-01-04 19:19:00,100.7,100.97,100.42,100.71,4234
2024-01-04 19:20:00,100.81,101.1,100.61,100.69,6765
2024-01-04 19:21:00,100.65,101.02,100.54,100.75,65343
2024-01-04 19:22:00,100.76,100.94,100.62,100.79,8642
2024-01-04 19:23:00,100.7,101.02,100.5,100.8,4212
2024-01-04 19:24:00,100.88,100.96,100.49,100.74,20346
2024-01-04 19:25:00,100.8,100.96,100.7,100.75,39132
2024-01-04 19:26:00,100.69,100.96,100.51,100.8,22894
2024-01-04 19:27:00,100.89,100.96,100.69,100.78,40392
2024-01-04 19:28:00,100.75,101.15,100.48,100.85,69913
2024-01-04 19:29:00,100.89,101.0,100.69,100.92,38998
2024-01-04 19:30:00,100.98,101.15,100.79,101.0,18881
2024-01-04 19:31:00,101.05,101.22,100.95,101.02,12780
2024-01-04 19:32:00,101.1,101.23,100.96,101.05,47610
2024-01-04 19:33:00,101.12,101.29,100.84,101.12,29007
2024-01-04 19:34:00,101.22,101.52,100.85,101.14,9313
2024-01-04 19:35:00,101.08,101.41,101.02,101.11,80998
2024-01-04 19:36:00,101.07,101.33,100.95,101.09,28628
2024-01-04 19:37:00,101.12,101.39,100.85,101.1,42315
2024-01-04 19:38:00,101.15,101.31,100.87,101.04,14883
2024-01-04 19:39:00,101.05,101.16,100.91,101.03,68235
2024-01-04 19:40:00,100.94,101.38,100.67,101.09,4512
2024-01-04 19:41:00,101.16,101.25,100.86,100.98,117653
2024-01-04 19:42:00,101.07,101.15,100.75,101.05,3168
2024-01-04 19:43:00,101.03,101.39,100.84,101.11,5560
2024-01-04 19:44:00,101.05,101.31,100.81,101.09,28334
2024-01-04 19:45:00,100.99,101.22,100.7,101.11,12955
2024-01-04 19:46:00,101.06,101.3,100.99,101.11,15861
2024-01-04 19:47:00,101.15,101.33,100.95,101.18,12950
2024-01-04 19:48:00,101.26,101.4,101.0,101.23,10066
2024-01-04 19:49:00,101.14,101.43,100.9,101.16,30241
2024-01-04 19:50:00,101.17,101.4,100.99,101.19,20982
2024-01-04 19:51:00,101.22,101.34,101.01,101.17,53360
2024-01-04 19:52:00,101.13,101.3,100.84,101.18,23865
2024-01-04 19:53:00,101.19,101.47,101.05,101.14,14518
2024-01-04 19:54:00,101.19,101.49,100.96,101.23,47785
2024-01-04 19:55:00,101.3,101.6,101.12,101.28,3525
2024-01-04 19:56:00,101.27,101.51,101.06,101.25,1666
2024-01-04 19:57:00,101.3,101.36,101.12,101.18,4501
2024-01-04 19:58:00,101.14,101.24,101.01,101.16,15622
2024-01-04 19:59:00,101.1,101.3,100.87,101.18,32580
2024-01-04 20:00:00,101.12,101.42,100.82,101.19,1523
2024-01-04 20:01:00,101.16,101.39,100.88,101.26,21772
2024-01-04 20:02:00,101.16,101.5,100.99,101.3,15450
2024-01-04 20:03:00,101.25,101.57,101.02,101.35,25259
2024-01-04 20:04:00,101.38,101.47,101.12,101.36,3269
2024-01-04 20:05:00,101.39,101.63,100.99,101.29,301120
2024-01-04 20:06:00,101.21,101.56,100.98,101.28,22754
2024-01-04 20:07:00,101.24,101.57,100.95,101.34,6521
2024-01-04 20:08:00,101.35,101.65,101.07,101.33,25070
2024-01-04 20:09:00,101.3,101.6,101.22,101.36,98207
2024-01-04 20:10:00,101.34,101.6,101.23,101.34,6083
2024-01-04 20:11:00,101.39,101.58,101.14,101.29,4940
2024-01-04 20:12:00,101.19,101.42,101.06,101.28,19574
2024-01-04 20:13:00,101.24,101.57,100.99,101.3,21317
2024-01-04 20:14:00,101.23,101.45,101.01,101.27,44774
2024-01-04 20:15:00,101.19,101.55,101.04,101.25,96306
2024-01-04 20:16:00,101.35,101.54,101.02,101.21,48050
2024-01-04 20:17:00,101.18,101.55,101.04,101.26,5498
2024-01-04 20:18:00,101.27,101.57,101.12,101.25,7547
2024-01-04 20:19:00,101.3,101.4,101.2,101.32,9913
2024-01-04 20:20:00,101.23,101.56,101.02,101.4,47938
2024-01-04 20:21:00,101.35,101.58,101.2,101.4,40404
2024-01-04 20:22:00,101.46,101.66,101.08,101.34,77772
2024-01-04 20:23:00,101.42,101.68,101.0,101.24,38488
2024-01-04 20:24:00,101.21,101.5,100.96,101.16,11760
2024-01-04 20:25:00,101.14,101.19,100.97,101.09,18091
2024-01-04 20:26:00,101.15,101.3,100.96,101.16,5108
2024-01-04 20:27:00,101.12,101.45,100.86,101.17,41280
2024-01-04 20:28:00,101.09,101.3,100.91,101.19,11777
2024-01-04 20:29:00,101.14,101.36,100.78,101.08,74929
2024-01-04 20:30:00,101.05,101.11,100.85,101.02,40146
2024-01-04 20:31:00,100.93,101.36,100.63,101.06,152970
2024-01-04 20:32:00,101.06,101.21,101.01,101.08,33516
2024-01-04 20:33:00,101.12,101.32,100.8,101.07,32894
2024-01-04 20:34:00,101.07,101.23,100.78,101.1,18351
2024-01-04 20:35:00,101.01,101.31,100.81,101.18,14994
2024-01-04 20:36:00,101.17,101.4,101.03,101.17,17006
2024-01-04 20:37:00,101.21,101.35,101.0,101.17,59823
2024-01-04 20:38:00,101.08,101.44,101.01,101.18,5718
2024-01-04 20:39:00,101.09,101.51,100.87,101.3,23466
2024-01-04 20:40:00,101.28,101.47,100.91,101.2,4161
2024-01-04 20:41:00,101.14,101.43,100.92,101.23,31983
2024-01-04 20:42:00,101.32,101.52,100.99,101.23,13925
2024-01-04 20:43:00,101.24,101.34,100.97,101.25,36447
2024-01-04 20:44:00,101.21,101.28,101.0,101.22,10482
2024-01-04 20:45:00,101.26,101.47,101.12,101.22,17034
2024-01-04 20:46:00,101.19,101.32,101.11,101.25,41454
2024-01-04 20:47:00,101.18,101.53,100.91,101.41,24981
2024-01-04 20:48:00,101.36,101.72,101.29,101.45,103031
2024-01-04 20:49:00,101.48,101.61,101.13,101.41,13608
2024-01-04 20:50:00,101.32,101.5,101.02,101.39,12481
2024-01-04 20:51:00,101.34,101.48,101.1,101.37,75871
2024-01-04 20:52:00,101.31,101.46,101.19,101.27,15257
2024-01-04 20:53:00,101.21,101.37,100.99,101.26,14570
2024-01-04 20:54:00,101.3,101.43,101.09,101.3,32309
2024-01-04 20:55:00,101.36,101.46,101.07,101.23,18697
2024-01-04 20:56:00,101.27,101.46,101.12,101.28,16130
2024-01-04 20:57:00,101.31,101.41,101.14,101.31,11014
2024-01-04 20:58:00,101.39,101.62,100.98,101.27,86019
2024-01-04 20:59:00,101.18,101.51,101.09,101.26,18946
2024-01-04 21:00:00,101.2,101.46,101.13,101.35,12554
2024-01-04 21:01:00,101.33,101.47,101.21,101.38,16368
2024-01-04 21:02:00,101.36,101.48,101.25,101.38,31411
2024-01-04 21:03:00,101.37,101.48,101.24,101.37,94966
2024-01-04 21:04:00,101.31,101.46,101.19,101.37,18599
2024-01-04 21:05:00,101.3,101.57,101.19,101.35,9294
2024-01-04 21:06:00,101.35,101.44,101.17,101.24,150071
2024-01-04 21:07:00,101.33,101.52,101.06,101.35,25223
2024-01-04 21:08:00,101.32,101.42,101.14,101.35,19812
2024-01-04 21:09:00,101.26,101.59,101.06,101.37,23666
2024-01-04 21:10:00,101.42,101.69,101.1,101.37,6339
2024-01-04 21:11:00,101.33,101.4,101.19,101.33,21048
2024-01-04 21:12:00,101.28,101.54,100.99,101.32,47080
2024-01-04 21:13:00,101.29,101.54,101.15,101.24,74616
2024-01-04 21:14:00,101.29,101.48,101.04,101.36,15394
2024-01-04 21:15:00,101.42,101.59,101.11,101.3,26581
2024-01-04 21:16:00,101.31,101.52,101.17,101.24,75960
2024-01-04 21:17:00,101.21,101.49,100.94,101.22,22868
2024-01-04 21:18:00,101.18,101.46,100.97,101.29,45228
2024-01-04 21:19:00,101.21,101.5,101.11,101.29,33668
2024-01-04 21:20:00,101.37,101.45,101.17,101.22,11335
2024-01-04 21:21:00,101.25,101.57,101.11,101.29,8811
2024-01-04 21:22:00,101.19,101.4,101.02,101.33,63533
2024-01-04 21:23:00,101.36,101.43,101.28,101.35,1518
2024-01-04 21:24:00,101.34,101.56,101.16,101.39,11286
2024-01-04 21:25:00,101.48,101.71,101.27,101.51,5457
2024-01-04 21:26:00,101.57,101.84,101.41,101.62,63627
2024-01-04 21:27:00,101.55,101.8,101.43,101.59,86230
2024-01-04 21:28:00,101.63,101.83,101.48,101.67,10675
2024-01-04 21:29:00,101.67,101.82,101.55,101.69,349725
2024-01-04 21:30:00,101.62,101.78,101.45,101.71,87309
2024-01-04 21:31:00,101.75,101.94,101.49,101.63,26826
2024-01-04 21:32:00,101.64,101.94,101.43,101.62,98714
2024-01-04 21:33:00,101.52,101.85,101.33,101.58,11594
2024-01-04 21:34:00,101.61,101.72,101.31,101.62,16704
2024-01-04 21:35:00,101.65,101.95,101.48,101.67,35003
2024-01-04 21:36:00,101.6,101.71,101.46,101.57,11025
2024-01-04 21:37:00,101.54,101.82,101.47,101.57,6097
2024-01-04 21:38:00,101.59,101.84,101.37,101.62,8621
2024-01-04 21:39:00,101.55,101.71,101.32,101.62,18093
2024-01-04 21:40:00,101.69,101.92,101.51,101.65,35218
2024-01-04 21:41:00,101.56,101.84,101.29,101.67,15710
2024-01-04 21:42:00,101.59,101.87,101.38,101.69,4273
2024-01-04 21:43:00,101.61,101.83,101.52,101.67,35253
2024-01-04 21:44:00,101.68,101.98,101.43,101.61,78698
2024-01-04 21:45:00,101.64,101.77,101.32,101.55,11385
2024-01-04 21:46:00,101.54,101.8,101.43,101.59,116167
2024-01-04 21:47:00,101.55,101.87,101.48,101.59,52515
2024-01-04 21:48:00,101.65,101.86,101.41,101.58,7675
2024-01-04 21:49:00,101.5,101.69,101.24,101.56,11522
2024-01-04 21:50:00,101.52,101.77,101.28,101.55,16107
2024-01-04 21:51:00,101.45,101.76,101.16,101.6,18301
2024-01-04 21:52:00,101.5,101.72,101.32,101.58,1922
2024-01-04 21:53:00,101.55,101.84,101.44,101.52,10371
2024-01-04 21:54:00,101.45,101.63,101.15,101.55,12662
2024-01-04 21:55:00,101.51,101.84,101.26,101.54,145882
2024-01-04 21:56:00,101.61,101.78,101.37,101.54,27637
2024-01-04 21:57:00,101.48,101.74,101.32,101.63,9916
2024-01-04 21:58:00,101.68,101.84,101.57,101.63,14206
2024-01-04 21:59:00,101.66,101.83,101.47,101.64,33694
2024-01-04 22:00:00,101.6,101.82,101.4,101.58,15093
2024-01-04 22:01:00,101.59,101.86,101.42,101.57,12266
2024-01-04 22:02:00,101.56,101.75,101.36,101.6,12667
2024-01-04 22:03:00,101.52,101.63,101.37,101.52,35586
2024-01-04 22:04:00,101.6,101.83,101.38,101.53,5531
2024-01-04 22:05:00,101.55,101.83,101.33,101.54,7428
2024-01-04 22:06:00,101.61,101.7,101.36,101.54,8711
2024-01-04 22:07:00,101.6,101.85,101.38,101.59,7302
2024-01-04 22:08:00,101.51,101.88,101.26,101.61,9665
2024-01-04 22:09:00,101.55,101.75,101.47,101.68,54006
2024-01-04 22:10:00,101.61,101.85,101.5,101.63,62090
2024-01-04 22:11:00,101.7,101.9,101.39,101.64,28903
2024-01-04 22:12:00,101.71,101.91,101.49,101.64,27304
2024-01-04 22:13:00,101.65,101.86,101.5,101.59,11271
2024-01-04 22:14:00,101.51,101.87,101.28,101.64,2748
2024-01-04 22:15:00,101.56,101.94,101.44,101.76,25434
2024-01-04 22:16:00,101.82,102.07,101.57,101.76,29665
2024-01-04 22:17:00,101.84,101.91,101.5,101.78,11229
2024-01-04 22:18:00,101.72,102.03,101.52,101.79,7509
2024-01-04 22:19:00,101.69,101.91,101.39,101.75,6164
2024-01-04 22:20:00,101.71,101.96,101.47,101.66,26046
2024-01-04 22:21:00,101.56,101.84,101.44,101.62,23906
2024-01-04 22:22:00,101.69,101.79,101.43,101.55,72733
2024-01-04 22:23:00,101.55,101.76,101.31,101.64,9843
2024-01-04 22:24:00,101.67,101.75,101.38,101.63,16515
2024-01-04 22:25:00,101.61,101.8,101.46,101.61,22408
2024-01-04 22:26:00,101.58,101.79,101.4,101.66,12709
2024-01-04 22:27:00,101.6,101.73,101.44,101.6,50971
2024-01-04 22:28:00,101.66,101.89,101.35,101.56,75973
2024-01-04 22:29:00,101.6,101.84,101.33,101.57,7291
2024-01-04 22:30:00,101.54,101.88,101.44,101.62,13931
2024-01-04 22:31:00,101.58,101.95,101.41,101.64,82830
2024-01-04 22:32:00,101.54,101.89,101.32,101.66,30429
2024-01-04 22:33:00,101.57,101.85,101.26,101.66,24765
2024-01-04 22:34:00,101.69,101.79,101.52,101.68,30984
2024-01-04 22:35:00,101.68,101.77,101.59,101.69,42441
2024-01-04 22:36:00,101.68,101.91,101.59,101.64,32505
2024-01-04 22:37:00,101.7,101.98,101.43,101.64,27271
2024-01-04 22:38:00,101.64,101.8,101.45,101.59,22238
2024-01-04 22:39:00,101.56,101.67,101.28,101.59,84814
2024-01-04 22:40:00,101.52,101.8,101.39,101.57,16877
2024-01-04 22:41:00,101.63,101.76,101.5,101.69,22053
2024-01-04 22:42:00,101.71,101.81,101.44,101.69,103984
2024-01-04 22:43:00,101.61,101.86,101.43,101.62,30507
2024-01-04 22:44:00,101.65,101.93,101.52,101.61,20607
2024-01-04 22:45:00,101.6,101.81,101.37,101.64,41388
2024-01-04 22:46:00,101.7,101.79,101.56,101.73,27647
2024-01-04 22:47:00,101.81,102.01,101.55,101.7,10518
2024-01-04 22:48:00,101.72,101.89,101.41,101.62,28144
2024-01-04 22:49:00,101.66,101.81,101.58,101.66,9810
2024-01-04 22:50:00,101.57,101.67,101.38,101.59,136868
2024-01-04 22:51:00,101.6,101.69,101.29,101.56,27966
2024-01-04 22:52:00,101.62,101.88,101.41,101.55,8619
2024-01-04 22:53:00,101.55,101.81,101.36,101.55,14873
2024-01-04 22:54:00,101.57,101.67,101.36,101.58,47078
2024-01-04 22:55:00,101.66,101.89,101.48,101.55,7397
2024-01-04 22:56:00,101.49,101.67,101.44,101.53,334524
2024-01-04 22:57:00,101.45,101.67,101.32,101.53,5139
2024-01-04 22:58:00,101.57,101.78,101.44,101.54,55584
2024-01-04 22:59:00,101.61,101.67,101.42,101.55,13539
2024-01-04 23:00:00,101.62,101.88,101.42,101.57,9809
2024-01-04 23:01:00,101.6,101.77,101.43,101.61,37711
2024-01-04 23:02:00,101.68,101.92,101.46,101.63,13989
2024-01-04 23:03:00,101.67,101.75,101.55,101.65,108180
2024-01-04 23:04:00,101.57,101.67,101.39,101.57,5424
2024-01-04 23:05:00,101.63,101.69,101.45,101.58,38649
2024-01-04 23:06:00,101.51,101.81,101.37,101.6,16726
2024-01-04 23:07:00,101.55,101.87,101.4,101.64,29622
2024-01-04 23:08:00,101.62,101.92,101.31,101.6,36830
2024-01-04 23:09:00,101.57,101.82,101.27,101.57,3898
2024-01-04 23:10:00,101.53,101.64,101.29,101.54,27833
2024-01-04 23:11:00,101.47,101.7,101.24,101.57,65450
2024-01-04 23:12:00,101.53,101.77,101.4,101.62,35115
2024-01-04 23:13:00,101.52,101.89,101.42,101.6,15233
2024-01-04 23:14:00,101.59,101.89,101.37,101.65,5357
2024-01-04 23:15:00,101.7,101.83,101.48,101.65,36605
2024-01-04 23:16:00,101.73,101.81,101.36,101.65,143789
2024-01-04 23:17:00,101.71,102.01,101.4,101.63,42696
2024-01-04 23:18:00,101.62,101.94,101.55,101.67,70102
2024-01-04 23:19:00,101.72,101.87,101.55,101.69,55994
2024-01-04 23:20:00,101.65,102.0,101.55,101.81,14867
2024-01-04 23:21:00,101.71,101.96,101.5,101.76,24112
2024-01-04 23:22:00,101.8,101.88,101.7,101.79,52497
2024-01-04 23:23:00,101.82,101.88,101.52,101.76,4538
2024-01-04 23:24:00,101.82,101.96,101.61,101.72,42266
2024-01-04 23:25:00,101.74,101.99,101.63,101.72,77568
2024-01-04 23:26:00,101.65,101.88,101.41,101.72,20923
2024-01-04 23:27:00,101.8,102.07,101.6,101.87,49712
2024-01-04 23:28:00,101.9,101.99,101.77,101.86,12652
2024-01-04 23:29:00,101.93,102.12,101.75,101.8,22884
2024-01-04 23:30:00,101.86,102.13,101.68,101.82,16762
2024-01-04 23:31:00,101.78,101.93,101.6,101.71,34885
2024-01-04 23:32:00,101.63,101.98,101.41,101.71,19840
2024-01-04 23:33:00,101.64,101.87,101.44,101.71,4120
2024-01-04 23:34:00,101.63,101.9,101.46,101.75,10741
2024-01-04 23:35:00,101.7,101.94,101.54,101.8,153661
2024-01-04 23:36:00,101.79,101.92,101.7,101.77,38852
2024-01-04 23:37:00,101.86,101.92,101.67,101.77,2702
2024-01-04 23:38:00,101.84,101.96,101.45,101.73,73704
2024-01-04 23:39:00,101.77,101.98,101.38,101.67,6954
2024-01-04 23:40:00,101.57,101.82,101.42,101.69,53818
2024-01-04 23:41:00,101.65,101.89,101.42,101.62,80196
2024-01-04 23:42:00,101.66,101.84,101.4,101.6,24384
2024-01-04 23:43:00,101.52,101.75,101.28,101.55,8128
2024-01-04 23:44:00,101.61,101.83,101.28,101.58,10773
2024-01-04 23:45:00,101.66,101.96,101.5,101.67,41326
2024-01-04 23:46:00,101.64,101.7,101.55,101.6,7076
2024-01-04 23:47:00,101.64,101.73,101.44,101.51,12309
2024-01-04 23:48:00,101.44,101.65,101.37,101.5,36786
2024-01-04 23:49:00,101.54,101.75,101.4,101.5,11485
2024-01-04 23:50:00,101.41,101.7,101.33,101.51,91197
2024-01-04 23:51:00,101.44,101.75,101.19,101.49,7800
2024-01-04 23:52:00,101.53,101.68,101.2,101.48,822
2024-01-04 23:53:00,101.52,101.62,101.24,101.5,10115
2024-01-04 23:54:00,101.53,101.74,101.39,101.55,30035
2024-01-04 23:55:00,101.55,101.62,101.36,101.45,52225
2024-01-04 23:56:00,101.49,101.76,101.23,101.43,14641
2024-01-04 23:57:00,101.49,101.6,101.27,101.45,16693
2024-01-04 23:58:00,101.54,101.62,101.32,101.4,21356
2024-01-04 23:59:00,101.48,101.77,101.31,101.49,125732
2024-01-05 00:00:00,101.55,101.69,101.16,101.45,32169
2024-01-05 00:01:00,101.49,101.65,101.32,101.45,13456
2024-01-05 00:02:00,101.47,101.6,101.27,101.48,171401
2024-01-05 00:03:00,101.4,101.64,101.35,101.45,22274
2024-01-05 00:04:00,101.38,101.6,101.11,101.36,2764
2024-01-05 00:05:00,101.42,101.63,101.06,101.34,5503
2024-01-05 00:06:00,101.4,101.52,101.29,101.39,38493
2024-01-05 00:07:00,101.41,101.64,101.27,101.37,3724
2024-01-05 00:08:00,101.36,101.43,101.25,101.33,36244
2024-01-05 00:09:00,101.23,101.62,101.17,101.37,10097
2024-01-05 00:10:00,101.34,101.48,101.26,101.36,71518
2024-01-05 00:11:00,101.34,101.58,101.15,101.33,26043
2024-01-05 00:12:00,101.33,101.44,101.09,101.34,4285
2024-01-05 00:13:00,101.43,101.67,101.2,101.38,54952
2024-01-05 00:14:00,101.3,101.62,101.1,101.5,86128
2024-01-05 00:15:00,101.5,101.83,101.44,101.54,6143
2024-01-05 00:16:00,101.51,101.72,101.39,101.6,9869
2024-01-05 00:17:00,101.7,101.91,101.36,101.57,36402
2024-01-05 00:18:00,101.65,101.75,101.42,101.52,43552
2024-01-05 00:19:00,101.51,101.81,101.27,101.53,231710
2024-01-05 00:20:00,101.63,101.92,101.27,101.53,53686
2024-01-05 00:21:00,101.53,101.69,101.39,101.48,242992
2024-01-05 00:22:00,101.41,101.68,101.27,101.47,22458
2024-01-05 00:23:00,101.48,101.65,101.32,101.49,32325
2024-01-05 00:24:00,101.43,101.79,101.36,101.51,12479
2024-01-05 00:25:00,101.53,101.63,101.33,101.53,13061
2024-01-05 00:26:00,101.62,101.9,101.26,101.55,25517
2024-01-05 00:27:00,101.6,101.8,101.46,101.52,12301
2024-01-05 00:28:00,101.47,101.64,101.19,101.49,1695
2024-01-05 00:29:00,101.45,101.63,101.2,101.43,11307
2024-01-05 00:30:00,101.35,101.64,101.29,101.52,64646
2024-01-05 00:31:00,101.48,101.72,101.22,101.52,23690
2024-01-05 00:32:00,101.44,101.82,101.18,101.51,23823
2024-01-05 00:33:00,101.51,101.7,101.26,101.47,10265
2024-01-05 00:34:00,101.51,101.88,101.45,101.62,30728
2024-01-05 00:35:00,101.67,101.96,101.38,101.56,115688
2024-01-05 00:36:00,101.47,101.83,101.23,101.54,89384
2024-01-05 00:37:00,101.51,101.65,101.41,101.56,31757
2024-01-05 00:38:00,101.52,101.73,101.4,101.59,9379
2024-01-05 00:39:00,101.51,101.8,101.31,101.64,128952
2024-01-05 00:40:00,101.61,101.89,101.55,101.73,63528
2024-01-05 00:41:00,101.69,102.06,101.53,101.76,5009
2024-01-05 00:42:00,101.78,102.05,101.63,101.7,3801
2024-01-05 00:43:00,101.78,102.04,101.6,101.69,5295
2024-01-05 00:44:00,101.68,101.93,101.46,101.71,13444
2024-01-05 00:45:00,101.76,102.09,101.62,101.81,54273
2024-01-05 00:46:00,101.74,101.82,101.47,101.74,52994
2024-01-05 00:47:00,101.82,101.96,101.69,101.8,30968
2024-01-05 00:48:00,101.73,101.98,101.64,101.81,19140
2024-01-05 00:49:00,101.75,101.98,101.6,101.85,235934
2024-01-05 00:50:00,101.77,101.97,101.61,101.85,22787
2024-01-05 00:51:00,101.81,101.96,101.56,101.8,20191
2024-01-05 00:52:00,101.82,102.13,101.74,101.84,13258
2024-01-05 00:53:00,101.94,102.2,101.59,101.88,201187
2024-01-05 00:54:00,101.94,102.16,101.62,101.93,45292
2024-01-05 00:55:00,101.9,102.06,101.64,101.93,7828
2024-01-05 00:56:00,101.94,102.16,101.76,101.89,6953
2024-01-05 00:57:00,101.92,102.15,101.63,101.82,4105
2024-01-05 00:58:00,101.88,101.98,101.76,101.86,19994
2024-01-05 00:59:00,101.91,102.14,101.65,101.88,4922
2024-01-05 01:00:00,101.89,102.08,101.65,101.83,6852
2024-01-05 01:01:00,101.86,101.96,101.64,101.8,64109
2024-01-05 01:02:00,101.85,102.12,101.51,101.78,53690
2024-01-05 01:03:00,101.7,101.92,101.4,101.7,97870
2024-01-05 01:04:00,101.64,101.94,101.55,101.66,5062
2024-01-05 01:05:00,101.7,101.85,101.52,101.6,8084
2024-01-05 01:06:00,101.67,101.84,101.33,101.58,11747
2024-01-05 01:07:00,101.56,101.65,101.27,101.55,113559
2024-01-05 01:08:00,101.64,101.84,101.22,101.46,23456
2024-01-05 01:09:00,101.4,101.63,101.33,101.57,136219
2024-01-05 01:10:00,101.55,101.84,101.28,101.63,41251
2024-01-05 01:11:00,101.6,101.88,101.36,101.59,19684
2024-01-05 01:12:00,101.68,101.78,101.5,101.6,39098
2024-01-05 01:13:00,101.56,101.9,101.48,101.62,3907
2024-01-05 01:14:00,101.62,101.91,101.43,101.68,2823
2024-01-05 01:15:00,101.62,101.8,101.46,101.64,28545
2024-01-05 01:16:00,101.65,101.99,101.38,101.7,22345
2024-01-05 01:17:00,101.77,102.04,101.52,101.67,152301
2024-01-05 01:18:00,101.63,101.71,101.3,101.6,5547
2024-01-05 01:19:00,101.67,101.75,101.46,101.64,31966
2024-01-05 01:20:00,101.72,101.84,101.52,101.71,44146
2024-01-05 01:21:00,101.62,101.97,101.34,101.84,31033
2024-01-05 01:22:00,101.89,102.19,101.62,101.78,66101
2024-01-05 01:23:00,101.73,101.88,101.51,101.81,11703
2024-01-05 01:24:00,101.75,101.94,101.44,101.79,50626
2024-01-05 01:25:00,101.81,101.9,101.73,101.83,38619
2024-01-05 01:26:00,101.87,102.1,101.51,101.76,70675
2024-01-05 01:27:00,101.73,101.91,101.57,101.69,13211
2024-01-05 01:28:00,101.6,101.78,101.46,101.65,6726
2024-01-05 01:29:00,101.74,101.84,101.39,101.66,11748
2024-01-05 01:30:00,101.7,101.77,101.47,101.62,7607
2024-01-05 01:31:00,101.58,101.9,101.53,101.66,12519
2024-01-05 01:32:00,101.66,101.98,101.43,101.71,15767
2024-01-05 01:33:00,101.61,101.81,101.33,101.74,8853
2024-01-05 01:34:00,101.71,102.0,101.49,101.82,22198
2024-01-05 01:35:00,101.83,102.12,101.55,101.84,6774
2024-01-05 01:36:00,101.85,102.0,101.67,101.78,20471
2024-01-05 01:37:00,101.72,101.97,101.48,101.85,13423
2024-01-05 01:38:00,101.91,102.19,101.75,101.82,19511
2024-01-05 01:39:00,101.78,101.92,101.52,101.87,32642
2024-01-05 01:40:00,101.88,102.1,101.76,101.95,14498
2024-01-05 01:41:00,101.9,102.07,101.76,101.97,10117
2024-01-05 01:42:00,101.95,102.25,101.59,101.89,11446
2024-01-05 01:43:00,101.83,101.98,101.54,101.85,61274
2024-01-05 01:44:00,101.87,102.04,101.61,101.91,78929
2024-01-05 01:45:00,101.9,102.01,101.64,101.91,13162
2024-01-05 01:46:00,101.81,102.05,101.71,101.91,18872
2024-01-05 01:47:00,101.81,102.24,101.71,101.95,4006
2024-01-05 01:48:00,101.94,102.29,101.86,101.98,18362
2024-01-05 01:49:00,101.92,102.05,101.65,102.0,5158
2024-01-05 01:50:00,102.02,102.22,101.83,101.99,13516
2024-01-05 01:51:00,101.97,102.04,101.77,101.97,64690
2024-01-05 01:52:00,102.0,102.17,101.83,102.02,4905
2024-01-05 01:53:00,102.11,102.32,101.83,102.04,8937
2024-01-05 01:54:00,102.05,102.35,101.81,102.03,8981
2024-01-05 01:55:00,102.09,102.23,101.95,102.09,4151
2024-01-05 01:56:00,102.14,102.31,101.96,102.08,52193
2024-01-05 01:57:00,102.16,102.31,101.77,102.04,29063
2024-01-05 01:58:00,101.98,102.27,101.77,102.0,134437
2024-01-05 01:59:00,102.06,102.26,101.79,101.95,8141
2024-01-05 02:00:00,102.03,102.24,101.68,101.93,3743
2024-01-05 02:01:00,101.91,102.23,101.85,102.0,56461
2024-01-05 02:02:00,101.96,102.2,101.72,101.95,15354
2024-01-05 02:03:00,102.05,102.12,101.88,101.96,13813
2024-01-05 02:04:00,101.99,102.24,101.74,101.93,96570
2024-01-05 02:05:00,101.91,102.18,101.81,101.92,26101
2024-01-05 02:06:00,101.98,102.04,101.75,101.84,54404
2024-01-05 02:07:00,101.8,102.0,101.62,101.83,11817
2024-01-05 02:08:00,101.76,102.09,101.53,101.82,10666
2024-01-05 02:09:00,101.83,102.15,101.76,101.85,15284
2024-01-05 02:10:00,101.86,101.94,101.79,101.86,43060
2024-01-05 02:11:00,101.92,102.11,101.68,101.8,23176
2024-01-05 02:12:00,101.79,102.08,101.7,101.85,35170
2024-01-05 02:13:00,101.92,101.99,101.7,101.86,1630
2024-01-05 02:14:00,101.82,102.02,101.56,101.87,3354
2024-01-05 02:15:00,101.89,102.15,101.79,101.87,2556
2024-01-05 02:16:00,101.81,102.1,101.62,101.85,15073
2024-01-05 02:17:00,101.82,102.04,101.75,101.86,5444
2024-01-05 02:18:00,101.93,102.17,101.82,101.88,119330
2024-01-05 02:19:00,101.82,101.95,101.72,101.79,21560
2024-01-05 02:20:00,101.86,102.04,101.55,101.77,27355
2024-01-05 02:21:00,101.72,102.03,101.48,101.75,7407
2024-01-05 02:22:00,101.66,102.06,101.41,101.77,7179
2024-01-05 02:23:00,101.69,101.95,101.5,101.83,103905
2024-01-05 02:24:00,101.88,102.04,101.59,101.79,130929
2024-01-05 02:25:00,101.74,101.96,101.51,101.76,33383
2024-01-05 02:26:00,101.79,101.87,101.49,101.74,2887
2024-01-05 02:27:00,101.78,101.86,101.64,101.69,14393
2024-01-05 02:28:00,101.66,101.86,101.46,101.68,30129
2024-01-05 02:29:00,101.67,101.78,101.49,101.72,17536
2024-01-05 02:30:00,101.7,101.88,101.6,101.66,2643
2024-01-05 02:31:00,101.75,101.99,101.58,101.68,140016
2024-01-05 02:32:00,101.65,101.9,101.47,101.6,9552
2024-01-05 02:33:00,101.53,101.74,101.26,101.57,5760
2024-01-05 02:34:00,101.54,101.81,101.29,101.55,21356
2024-01-05 02:35:00,101.59,101.73,101.52,101.64,71987
2024-01-05 02:36:00,101.68,101.88,101.47,101.62,36791
2024-01-05 02:37:00,101.71,101.99,101.37,101.51,5909
2024-01-05 02:38:00,101.59,101.74,101.23,101.41,5011
2024-01-05 02:39:00,101.37,101.67,101.25,101.41,2461
2024-01-05 02:40:00,101.4,101.73,101.22,101.44,16455
2024-01-05 02:41:00,101.49,101.76,101.28,101.46,13724
2024-01-05 02:42:00,101.55,101.79,101.41,101.47,36822
2024-01-05 02:43:00,101.44,101.78,101.25,101.53,11097
2024-01-05 02:44:00,101.52,101.68,101.42,101.5,58320
2024-01-05 02:45:00,101.58,101.82,101.46,101.55,42390
2024-01-05 02:46:00,101.52,101.62,101.38,101.47,10626
2024-01-05 02:47:00,101.46,101.51,101.2,101.42,32570
2024-01-05 02:48:00,101.5,101.62,101.24,101.33,83197
2024-01-05 02:49:00,101.39,101.52,101.14,101.31,8427
2024-01-05 02:50:00,101.26,101.49,101.12,101.31,17794
2024-01-05 02:51:00,101.28,101.49,101.12,101.32,17452
2024-01-05 02:52:00,101.29,101.58,101.23,101.32,15402
2024-01-05 02:53:00,101.4,101.67,101.16,101.27,49113
2024-01-05 02:54:00,101.37,101.61,101.11,101.26,53161
2024-01-05 02:55:00,101.32,101.44,100.98,101.19,33079
2024-01-05 02:56:00,101.18,101.5,101.02,101.26,31537
2024-01-05 02:57:00,101.16,101.41,101.09,101.24,12553
2024-01-05 02:58:00,101.28,101.57,100.95,101.22,30654
2024-01-05 02:59:00,101.19,101.45,100.95,101.3,6092
2024-01-05 03:00:00,101.32,101.45,101.0,101.23,262640
2024-01-05 03:01:00,101.26,101.44,101.01,101.18,84988
2024-01-05 03:02:00,101.17,101.24,100.83,101.12,57327
2024-01-05 03:03:00,101.21,101.47,100.87,101.12,33134
2024-01-05 03:04:00,101.02,101.27,100.9,101.14,33162
2024-01-05 03:05:00,101.18,101.38,100.91,101.18,4063
2024-01-05 03:06:00,101.16,101.6,101.04,101.31,6256
2024-01-05 03:07:00,101.35,101.56,100.96,101.19,7087
2024-01-05 03:08:00,101.23,101.34,101.07,101.23,23349
2024-01-05 03:09:00,101.13,101.29,100.9,101.2,16621
2024-01-05 03:10:00,101.15,101.44,100.88,101.17,49579
2024-01-05 03:11:00,101.1,101.36,100.97,101.14,8387
2024-01-05 03:12:00,101.07,101.31,100.8,101.09,61488
2024-01-05 03:13:00,101.14,101.38,100.98,101.18,9697
2024-01-05 03:14:00,101.12,101.5,100.86,101.22,14501
2024-01-05 03:15:00,101.21,101.49,100.93,101.22,53930
2024-01-05 03:16:00,101.17,101.44,100.9,101.29,36484
2024-01-05 03:17:00,101.3,101.5,101.15,101.21,6301
2024-01-05 03:18:00,101.26,101.47,100.97,101.14,63835
2024-01-05 03:19:00,101.11,101.23,100.74,101.03,24076
2024-01-05 03:20:00,101.05,101.12,100.71,101.0,2585
2024-01-05 03:21:00,101.06,101.15,100.86,101.01,9483
2024-01-05 03:22:00,100.92,101.17,100.69,101.01,14623
2024-01-05 03:23:00,101.05,101.16,100.72,101.02,6840
2024-01-05 03:24:00,100.98,101.22,100.7,100.95,84348
2024-01-05 03:25:00,100.87,101.07,100.7,100.99,15142
2024-01-05 03:26:00,101.0,101.29,100.88,101.0,34897
2024-01-05 03:27:00,100.95,101.12,100.77,101.04,27081
2024-01-05 03:28:00,101.1,101.39,100.77,100.94,44611
2024-01-05 03:29:00,100.85,101.11,100.64,100.96,117365
2024-01-05 03:30:00,100.88,101.18,100.81,100.9,43291
2024-01-05 03:31:00,100.9,100.99,100.79,100.88,125820
2024-01-05 03:32:00,100.9,100.98,100.77,100.9,44455
2024-01-05 03:33:00,100.95,101.06,100.72,100.91,25122
2024-01-05 03:34:00,100.86,101.0,100.71,100.87,30377
2024-01-05 03:35:00,100.94,101.22,100.78,100.87,1595
2024-01-05 03:36:00,100.96,101.11,100.67,100.79,13972
2024-01-05 03:37:00,100.79,101.04,100.55,100.85,19080
2024-01-05 03:38:00,100.9,101.16,100.66,100.84,34134
2024-01-05 03:39:00,100.84,101.16,100.59,100.89,21471
2024-01-05 03:40:00,100.81,100.96,100.69,100.87,30757
2024-01-05 03:41:00,100.83,101.06,100.54,100.84,5865
2024-01-05 03:42:00,100.76,100.95,100.65,100.8,4530
2024-01-05 03:43:00,100.9,101.17,100.75,100.85,6747
2024-01-05 03:44:00,100.79,101.04,100.73,100.81,106000
2024-01-05 03:45:00,100.84,100.9,100.67,100.84,6198
2024-01-05 03:46:00,100.8,101.04,100.71,100.82,10010
2024-01-05 03:47:00,100.85,101.1,100.64,100.72,24468
2024-01-05 03:48:00,100.67,100.88,100.54,100.7,4484
2024-01-05 03:49:00,100.75,100.99,100.38,100.64,9206
2024-01-05 03:50:00,100.56,100.7,100.46,100.64,43337
2024-01-05 03:51:00,100.72,100.99,100.42,100.58,14213
2024-01-05 03:52:00,100.65,100.82,100.53,100.62,118596
2024-01-05 03:53:00,100.66,100.96,100.34,100.62,4029
2024-01-05 03:54:00,100.53,100.66,100.34,100.61,15590
2024-01-05 03:55:00,100.55,100.91,100.39,100.64,14217
2024-01-05 03:56:00,100.72,100.88,100.55,100.69,21830
2024-01-05 03:57:00,100.62,100.75,100.37,100.69,6459
2024-01-05 03:58:00,100.62,100.82,100.44,100.65,12326
2024-01-05 03:59:00,100.66,100.78,100.32,100.56,48490
2024-01-05 04:00:00,100.52,100.78,100.33,100.53,16824
2024-01-05 04:01:00,100.47,100.78,100.39,100.5,7557
2024-01-05 04:02:00,100.51,100.76,100.31,100.5,176319
2024-01-05 04:03:00,100.48,100.59,100.39,100.49,23134
2024-01-05 04:04:00,100.41,100.65,100.15,100.52,40673
2024-01-05 04:05:00,100.53,100.78,100.28,100.49,47294
2024-01-05 04:06:00,100.47,100.56,100.18,100.49,20521
2024-01-05 04:07:00,100.53,100.67,100.33,100.55,9999
2024-01-05 04:08:00,100.47,100.82,100.38,100.56,26881
2024-01-05 04:09:00,100.59,100.8,100.5,100.56,10936
2024-01-05 04:10:00,100.55,100.62,100.3,100.53,31938
2024-01-05 04:11:00,100.51,100.6,100.34,100.5,18690
2024-01-05 04:12:00,100.44,100.57,100.29,100.46,61661
2024-01-05 04:13:00,100.36,100.5,100.12,100.43,7033
2024-01-05 04:14:00,100.5,100.57,100.21,100.47,45184
2024-01-05 04:15:00,100.43,100.67,100.28,100.46,40691
2024-01-05 04:16:00,100.49,100.76,100.29,100.39,17343
2024-01-05 04:17:00,100.48,100.59,100.39,100.48,45715
2024-01-05 04:18:00,100.49,100.64,100.19,100.49,33486
2024-01-05 04:19:00,100.47,100.56,100.16,100.42,42922
2024-01-05 04:20:00,100.37,100.61,100.32,100.4,40276
2024-01-05 04:21:00,100.49,100.77,100.11,100.4,23158
2024-01-05 04:22:00,100.44,100.77,100.27,100.49,12134
2024-01-05 04:23:00,100.52,100.63,100.29,100.43,11994
2024-01-05 04:24:00,100.42,100.69,100.27,100.48,17771
2024-01-05 04:25:00,100.55,100.78,100.3,100.55,51182
2024-01-05 04:26:00,100.6,100.7,100.37,100.52,41450
2024-01-05 04:27:00,100.48,100.8,100.37,100.51,60233
2024-01-05 04:28:00,100.53,100.67,100.4,100.46,66587
2024-01-05 04:29:00,100.44,100.58,100.3,100.45,17729
2024-01-05 04:30:00,100.35,100.52,100.3,100.44,156752
2024-01-05 04:31:00,100.51,100.7,100.35,100.48,19851
2024-01-05 04:32:00,100.4,100.59,100.14,100.53,13441
2024-01-05 04:33:00,100.53,100.73,100.4,100.49,30740
2024-01-05 04:34:00,100.46,100.73,100.28,100.4,35728
2024-01-05 04:35:00,100.36,100.5,100.09,100.39,10492
2024-01-05 04:36:00,100.39,100.5,100.12,100.41,18795
2024-01-05 04:37:00,100.51,100.76,100.29,100.42,14087
2024-01-05 04:38:00,100.4,100.46,100.33,100.41,25375
2024-01-05 04:39:00,100.34,100.49,100.07,100.41,48818
2024-01-05 04:40:00,100.43,100.64,100.38,100.49,16883
2024-01-05 04:41:00,100.44,100.7,100.33,100.51,39054
2024-01-05 04:42:00,100.43,100.6,100.34,100.49,5492
2024-01-05 04:43:00,100.4,100.71,100.35,100.46,53625
2024-01-05 04:44:00,100.37,100.62,100.3,100.45,13996
2024-01-05 04:45:00,100.44,100.73,100.3,100.54,13749
2024-01-05 04:46:00,100.52,100.59,100.36,100.53,32870
2024-01-05 04:47:00,100.46,100.72,100.35,100.53,34644
2024-01-05 04:48:00,100.58,100.83,100.36,100.5,19686
2024-01-05 04:49:00,100.43,100.8,100.23,100.56,9056
2024-01-05 04:50:00,100.64,100.93,100.45,100.66,13635
2024-01-05 04:51:00,100.67,100.78,100.42,100.68,24227
2024-01-05 04:52:00,100.58,100.93,100.29,100.68,35948
2024-01-05 04:53:00,100.78,100.85,100.49,100.69,9672
2024-01-05 04:54:00,100.65,100.82,100.35,100.57,11612
2024-01-05 04:55:00,100.56,100.9,100.37,100.6,28651
2024-01-05 04:56:00,100.56,100.83,100.42,100.61,20267
2024-01-05 04:57:00,100.66,100.78,100.5,100.63,25501
2024-01-05 04:58:00,100.63,100.69,100.47,100.6,1612
2024-01-05 04:59:00,100.52,100.67,100.36,100.58,16400
2024-01-05 05:00:00,100.5,100.72,100.25,100.56,51702
2024-01-05 05:01:00,100.6,100.78,100.43,100.61,11897
2024-01-05 05:02:00,100.55,100.7,100.29,100.59,35829
2024-01-05 05:03:00,100.51,100.77,100.22,100.69,6576
2024-01-05 05:04:00,100.69,100.88,100.6,100.71,4615
2024-01-05 05:05:00,100.78,100.91,100.6,100.65,33450
2024-01-05 05:06:00,100.61,100.74,100.47,100.64,20858
2024-01-05 05:07:00,100.6,100.8,100.52,100.61,15742
2024-01-05 05:08:00,100.68,100.9,100.24,100.5,51352
2024-01-05 05:09:00,100.43,100.77,100.3,100.58,16125
2024-01-05 05:10:00,100.6,100.7,100.55,100.62,11700
2024-01-05 05:11:00,100.71,100.94,100.43,100.64,10500
2024-01-05 05:12:00,100.71,100.88,100.58,100.65,8498
2024-01-05 05:13:00,100.56,100.68,100.31,100.58,35124
2024-01-05 05:14:00,100.55,100.73,100.25,100.56,16121
2024-01-05 05:15:00,100.49,100.9,100.23,100.6,69045
2024-01-05 05:16:00,100.69,100.81,100.44,100.55,1150
2024-01-05 05:17:00,100.64,100.76,100.12,100.42,55428
2024-01-05 05:18:00,100.37,100.54,100.14,100.41,31559
2024-01-05 05:19:00,100.44,100.73,100.15,100.4,20114
2024-01-05 05:20:00,100.47,100.67,100.32,100.41,6054
2024-01-05 05:21:00,100.35,100.54,100.18,100.44,4188
2024-01-05 05:22:00,100.38,100.77,100.1,100.48,46680
2024-01-05 05:23:00,100.38,100.58,100.26,100.49,28061
2024-01-05 05:24:00,100.47,100.75,100.3,100.55,27535
2024-01-05 05:25:00,100.63,100.71,100.33,100.47,19881
2024-01-05 05:26:00,100.55,100.84,100.21,100.5,51524
2024-01-05 05:27:00,100.42,100.72,100.21,100.53,12260
2024-01-05 05:28:00,100.47,100.58,100.23,100.47,15734
2024-01-05 05:29:00,100.45,100.51,100.29,100.39,18460
2024-01-05 05:30:00,100.45,100.5,100.21,100.35,17789
2024-01-05 05:31:00,100.38,100.64,100.03,100.32,83832
2024-01-05 05:32:00,100.32,100.58,100.09,100.36,6282
2024-01-05 05:33:00,100.38,100.49,100.15,100.33,3119
2024-01-05 05:34:00,100.25,100.52,100.07,100.29,5145
2024-01-05 05:35:00,100.28,100.35,100.02,100.26,43636
2024-01-05 05:36:00,100.35,100.46,100.24,100.31,19914
2024-01-05 05:37:00,100.23,100.48,100.16,100.31,4452
2024-01-05 05:38:00,100.32,100.52,100.09,100.3,24334
2024-01-05 05:39:00,100.26,100.41,99.97,100.3,15930
2024-01-05 05:40:00,100.31,100.62,100.23,100.36,38541
2024-01-05 05:41:00,100.38,100.61,100.19,100.32,48740
2024-01-05 05:42:00,100.34,100.63,100.09,100.39,273254
2024-01-05 05:43:00,100.46,100.55,100.18,100.4,6753
2024-01-05 05:44:00,100.38,100.66,100.25,100.39,3419
2024-01-05 05:45:00,100.4,100.59,100.34,100.52,39700
2024-01-05 05:46:00,100.42,100.54,100.37,100.47,59083
2024-01-05 05:47:00,100.52,100.66,100.32,100.45,6150
2024-01-05 05:48:00,100.4,100.48,100.17,100.39,6156
2024-01-05 05:49:00,100.45,100.75,100.16,100.43,31081
2024-01-05 05:50:00,100.39,100.63,100.14,100.52,122330
2024-01-05 05:51:00,100.42,100.89,100.14,100.6,9167
2024-01-05 05:52:00,100.53,100.94,100.29,100.66,24030
2024-01-05 05:53:00,100.76,100.89,100.58,100.65,3297
2024-01-05 05:54:00,100.62,100.81,100.55,100.64,18059
2024-01-05 05:55:00,100.56,100.86,100.41,100.55,19660
2024-01-05 05:56:00,100.48,100.95,100.23,100.65,95562
2024-01-05 05:57:00,100.62,100.83,100.54,100.68,10865
2024-01-05 05:58:00,100.58,100.76,100.37,100.65,43757
2024-01-05 05:59:00,100.66,100.98,100.36,100.72,10180
2024-01-05 06:00:00,100.66,100.75,100.57,100.67,24108
2024-01-05 06:01:00,100.67,100.75,100.56,100.69,175838
2024-01-05 06:02:00,100.62,100.94,100.52,100.68,132336
2024-01-05 06:03:00,100.67,100.9,100.51,100.71,156461
2024-01-05 06:04:00,100.73,100.87,100.51,100.71,32779
2024-01-05 06:05:00,100.62,100.82,100.49,100.64,17849
2024-01-05 06:06:00,100.62,100.87,100.5,100.64,29287
2024-01-05 06:07:00,100.6,100.91,100.31,100.7,35103
2024-01-05 06:08:00,100.64,100.93,100.49,100.69,32510
2024-01-05 06:09:00,100.71,100.97,100.46,100.73,10814
2024-01-05 06:10:00,100.75,100.88,100.45,100.68,10388
2024-01-05 06:11:00,100.71,100.87,100.42,100.68,12133
2024-01-05 06:12:00,100.61,100.77,100.32,100.65,64235
2024-01-05 06:13:00,100.6,100.88,100.47,100.69,71613
2024-01-05 06:14:00,100.63,100.84,100.49,100.69,531486
2024-01-05 06:15:00,100.69,100.81,100.63,100.72,33713
2024-01-05 06:16:00,100.71,100.91,100.55,100.78,10012
2024-01-05 06:17:00,100.74,100.95,100.69,100.81,13644
2024-01-05 06:18:00,100.87,101.07,100.74,100.82,18816
2024-01-05 06:19:00,100.74,100.88,100.66,100.77,99334
2024-01-05 06:20:00,100.87,101.05,100.7,100.77,45841
2024-01-05 06:21:00,100.7,100.86,100.53,100.75,5728
2024-01-05 06:22:00,100.8,100.9,100.57,100.73,20809
2024-01-05 06:23:00,100.7,100.85,100.44,100.71,5056
2024-01-05 06:24:00,100.78,101.04,100.36,100.66,39834
2024-01-05 06:25:00,100.58,100.76,100.37,100.56,10863
2024-01-05 06:26:00,100.54,100.83,100.38,100.53,11953
2024-01-05 06:27:00,100.5,100.73,100.35,100.54,3365
2024-01-05 06:28:00,100.64,100.83,100.4,100.47,46949
2024-01-05 06:29:00,100.57,100.82,100.17,100.47,73766
2024-01-05 06:30:00,100.41,100.63,100.16,100.57,11015
2024-01-05 06:31:00,100.59,100.73,100.49,100.62,18731
2024-01-05 06:32:00,100.63,100.93,100.57,100.7,13639
2024-01-05 06:33:00,100.63,100.89,100.58,100.72,17707
2024-01-05 06:34:00,100.66,100.97,100.49,100.78,9704
2024-01-05 06:35:00,100.88,101.16,100.51,100.74,7330
2024-01-05 06:36:00,100.73,100.82,100.57,100.71,86562
2024-01-05 06:37:00,100.64,100.92,100.34,100.57,1572
2024-01-05 06:38:00,100.52,100.83,100.33,100.63,36465
2024-01-05 06:39:00,100.59,100.86,100.39,100.71,29241
2024-01-05 06:40:00,100.71,100.96,100.6,100.68,115141
2024-01-05 06:41:00,100.65,100.97,100.54,100.67,17389
2024-01-05 06:42:00,100.66,100.82,100.58,100.63,15194
2024-01-05 06:43:00,100.57,100.84,100.42,100.65,9813
2024-01-05 06:44:00,100.62,100.82,100.32,100.71,31431
2024-01-05 06:45:00,100.62,100.78,100.47,100.62,10848
2024-01-05 06:46:00,100.7,100.87,100.56,100.64,7123
2024-01-05 06:47:00,100.58,100.78,100.45,100.63,10539
2024-01-05 06:48:00,100.68,100.85,100.37,100.63,8545
2024-01-05 06:49:00,100.6,100.76,100.4,100.66,8054
2024-01-05 06:50:00,100.65,100.71,100.52,100.65,23987
2024-01-05 06:51:00,100.6,100.81,100.54,100.64,18132
2024-01-05 06:52:00,100.68,100.87,100.5,100.63,38161
2024-01-05 06:53:00,100.7,101.0,100.47,100.68,25520
2024-01-05 06:54:00,100.64,100.81,100.56,100.7,6616
2024-01-05 06:55:00,100.65,100.77,100.58,100.71,2637
2024-01-05 06:56:00,100.75,100.97,100.38,100.65,7660
2024-01-05 06:57:00,100.59,100.72,100.44,100.63,47276
2024-01-05 06:58:00,100.66,100.81,100.44,100.67,46217
2024-01-05 06:59:00,100.59,100.77,100.3,100.68,58963
2024-01-05 07:00:00,100.7,100.94,100.41,100.71,50916
2024-01-05 07:01:00,100.71,100.92,100.51,100.8,65326
2024-01-05 07:02:00,100.72,101.09,100.49,100.85,33067
2024-01-05 07:03:00,100.88,100.94,100.55,100.86,133644
2024-01-05 07:04:00,100.84,101.13,100.75,100.83,29544
2024-01-05 07:05:00,100.77,100.96,100.57,100.7,162635
2024-01-05 07:06:00,100.67,100.96,100.45,100.69,11773
2024-01-05 07:07:00,100.69,100.8,100.62,100.68,11476
2024-01-05 07:08:00,100.59,100.82,100.53,100.7,18171
2024-01-05 07:09:00,100.79,100.87,100.48,100.69,21216
2024-01-05 07:10:00,100.72,100.96,100.5,100.67,15974
2024-01-05 07:11:00,100.59,100.79,100.49,100.58,37785
2024-01-05 07:12:00,100.65,100.78,100.31,100.53,19884
2024-01-05 07:13:00,100.5,100.7,100.36,100.56,12001
2024-01-05 07:14:00,100.58,100.74,100.38,100.65,14823
2024-01-05 07:15:00,100.6,100.89,100.43,100.64,74430
2024-01-05 07:16:00,100.69,100.77,100.4,100.66,30247
2024-01-05 07:17:00,100.7,100.77,100.53,100.7,4120
2024-01-05 07:18:00,100.72,100.83,100.38,100.66,99770
2024-01-05 07:19:00,100.61,100.92,100.42,100.68,33979
2024-01-05 07:20:00,100.63,100.86,100.45,100.65,41736
2024-01-05 07:21:00,100.62,100.78,100.39,100.69,55774
2024-01-05 07:22:00,100.62,100.87,100.41,100.7,58731
2024-01-05 07:23:00,100.66,100.77,100.58,100.71,8785
2024-01-05 07:24:00,100.75,100.95,100.51,100.67,7553
2024-01-05 07:25:00,100.74,100.85,100.6,100.71,241929
2024-01-05 07:26:00,100.67,101.02,100.61,100.81,10959
2024-01-05 07:27:00,100.76,100.92,100.58,100.76,32165
2024-01-05 07:28:00,100.83,100.96,100.49,100.74,112585
2024-01-05 07:29:00,100.82,100.89,100.49,100.76,14136
2024-01-05 07:30:00,100.74,101.03,100.58,100.8,15365
2024-01-05 07:31:00,100.7,101.05,100.47,100.77,55629
2024-01-05 07:32:00,100.81,101.09,100.46,100.63,27251
2024-01-05 07:33:00,100.68,100.86,100.5,100.69,36138
2024-01-05 07:34:00,100.6,100.8,100.32,100.73,20324
2024-01-05 07:35:00,100.75,100.97,100.44,100.64,13012
2024-01-05 07:36:00,100.66,100.95,100.31,100.61,15788
2024-01-05 07:37:00,100.59,100.78,100.35,100.69,72691
2024-01-05 07:38:00,100.74,100.96,100.58,100.77,16389
2024-01-05 07:39:00,100.75,101.11,100.49,100.81,33817
2024-01-05 07:40:00,100.85,101.07,100.66,100.8,8359
2024-01-05 07:41:00,100.81,101.03,100.62,100.81,169444
2024-01-05 07:42:00,100.76,100.91,100.59,100.8,30299
2024-01-05 07:43:00,100.82,100.96,100.65,100.86,30934
2024-01-05 07:44:00,100.91,101.14,100.75,100.81,55618
2024-01-05 07:45:00,100.91,101.15,100.72,100.77,13617
2024-01-05 07:46:00,100.75,101.01,100.55,100.82,72674
2024-01-05 07:47:00,100.74,101.06,100.49,100.82,4835
2024-01-05 07:48:00,100.92,101.08,100.82,100.89,11915
2024-01-05 07:49:00,100.92,101.14,100.68,100.86,9884
2024-01-05 07:50:00,100.95,101.08,100.75,100.86,3359
2024-01-05 07:51:00,100.78,100.89,100.65,100.81,12981
2024-01-05 07:52:00,100.78,100.97,100.61,100.81,20911
2024-01-05 07:53:00,100.74,100.93,100.59,100.73,7406
2024-01-05 07:54:00,100.8,101.08,100.53,100.71,6410
2024-01-05 07:55:00,100.79,100.94,100.58,100.64,22950
2024-01-05 07:56:00,100.64,100.87,100.44,100.67,20333
2024-01-05 07:57:00,100.61,100.91,100.34,100.71,16886
2024-01-05 07:58:00,100.63,100.88,100.35,100.62,6209
2024-01-05 07:59:00,100.64,100.75,100.51,100.69,14845
2024-01-05 08:00:00,100.69,100.95,100.47,100.81,11313
2024-01-05 08:01:00,100.85,101.02,100.57,100.82,24001
2024-01-05 08:02:00,100.78,100.93,100.67,100.78,12596
2024-01-05 08:03:00,100.76,101.05,100.67,100.93,21189
2024-01-05 08:04:00,100.83,100.96,100.73,100.86,5938
2024-01-05 08:05:00,100.88,100.94,100.63,100.86,5448
2024-01-05 08:06:00,100.85,101.02,100.79,100.87,38466
2024-01-05 08:07:00,100.96,101.1,100.66,100.94,47351
2024-01-05 08:08:00,100.97,101.15,100.66,100.96,14872
2024-01-05 08:09:00,100.94,101.12,100.64,100.93,22643
2024-01-05 08:10:00,100.88,100.98,100.76,100.88,14048
2024-01-05 08:11:00,100.96,101.19,100.57,100.87,65987
2024-01-05 08:12:00,100.77,101.07,100.58,100.82,17977
2024-01-05 08:13:00,100.78,100.89,100.64,100.82,13374
2024-01-05 08:14:00,100.91,100.98,100.66,100.79,57889
2024-01-05 08:15:00,100.82,100.94,100.57,100.71,10157
2024-01-05 08:16:00,100.72,101.04,100.63,100.78,25760
2024-01-05 08:17:00,100.72,100.88,100.6,100.75,7719
2024-01-05 08:18:00,100.82,100.94,100.55,100.69,42810
2024-01-05 08:19:00,100.63,100.79,100.34,100.68,49782
2024-01-05 08:20:00,100.63,100.84,100.55,100.68,6071
2024-01-05 08:21:00,100.62,100.79,100.5,100.6,5194
2024-01-05 08:22:00,100.53,100.72,100.4,100.61,29393
2024-01-05 08:23:00,100.7,100.78,100.33,100.56,153402
2024-01-05 08:24:00,100.58,100.89,100.43,100.65,53314
2024-01-05 08:25:00,100.67,100.9,100.52,100.67,17812
2024-01-05 08:26:00,100.76,100.85,100.5,100.65,9374
2024-01-05 08:27:00,100.6,100.8,100.54,100.61,6528
2024-01-05 08:28:00,100.51,100.82,100.28,100.61,45119
2024-01-05 08:29:00,100.63,100.91,100.55,100.64,55424
2024-01-05 08:30:00,100.64,100.69,100.57,100.64,11717
2024-01-05 08:31:00,100.63,100.92,100.38,100.63,17210
2024-01-05 08:32:00,100.54,100.89,100.36,100.63,23085
2024-01-05 08:33:00,100.62,100.8,100.47,100.6,134975
2024-01-05 08:34:00,100.56,100.84,100.3,100.58,23509
2024-01-05 08:35:00,100.54,100.69,100.34,100.48,8258
2024-01-05 08:36:00,100.42,100.76,100.37,100.53,6928
2024-01-05 08:37:00,100.49,100.81,100.33,100.54,8855
2024-01-05 08:38:00,100.51,100.67,100.28,100.5,77965
2024-01-05 08:39:00,100.46,100.81,100.35,100.6,36795
2024-01-05 08:40:00,100.69,100.98,100.3,100.6,15591
2024-01-05 08:41:00,100.69,100.87,100.36,100.55,1181
2024-01-05 08:42:00,100.57,100.78,100.39,100.59,9389
2024-01-05 08:43:00,100.69,100.98,100.5,100.61,31069
2024-01-05 08:44:00,100.71,100.79,100.35,100.63,31324
2024-01-05 08:45:00,100.6,100.72,100.37,100.61,31053
2024-01-05 08:46:00,100.6,100.74,100.31,100.63,5725
2024-01-05 08:47:00,100.73,100.98,100.34,100.62,26291
2024-01-05 08:48:00,100.64,100.94,100.57,100.65,8300
2024-01-05 08:49:00,100.59,100.75,100.34,100.55,22068
2024-01-05 08:50:00,100.59,100.84,100.42,100.53,10221
2024-01-05 08:51:00,100.47,100.9,100.37,100.62,64243
2024-01-05 08:52:00,100.59,100.85,100.4,100.58,30867
2024-01-05 08:53:00,100.53,100.73,100.38,100.55,19087
2024-01-05 08:54:00,100.5,100.6,100.36,100.53,87586
2024-01-05 08:55:00,100.43,100.62,100.26,100.47,15176
2024-01-05 08:56:00,100.54,100.78,100.22,100.36,5350
2024-01-05 08:57:00,100.31,100.5,100.04,100.34,63314
2024-01-05 08:58:00,100.26,100.59,100.2,100.35,28345
2024-01-05 08:59:00,100.27,100.6,99.97,100.35,16015
2024-01-05 09:00:00,100.36,100.65,100.08,100.34,11570
2024-01-05 09:01:00,100.44,100.65,100.22,100.34,36709
2024-01-05 09:02:00,100.27,100.61,100.05,100.39,49693
2024-01-05 09:03:00,100.31,100.51,100.2,100.38,10232
2024-01-05 09:04:00,100.37,100.52,100.14,100.36,38767
2024-01-05 09:05:00,100.37,100.49,100.15,100.34,28299
2024-01-05 09:06:00,100.3,100.65,100.18,100.37,9610
2024-01-05 09:07:00,100.33,100.73,100.16,100.44,22111
2024-01-05 09:08:00,100.43,100.5,100.35,100.41,12750
2024-01-05 09:09:00,100.37,100.55,100.26,100.42,76140
2024-01-05 09:10:00,100.5,100.76,100.2,100.43,11511
2024-01-05 09:11:00,100.34,100.65,100.14,100.38,99595
2024-01-05 09:12:00,100.33,100.54,100.21,100.38,25119
2024-01-05 09:13:00,100.45,100.64,100.1,100.31,3844
2024-01-05 09:14:00,100.38,100.53,99.94,100.22,2507
2024-01-05 09:15:00,100.14,100.45,99.88,100.24,17879
2024-01-05 09:16:00,100.33,100.54,100.09,100.22,83585
2024-01-05 09:17:00,100.26,100.49,100.12,100.23,75404
2024-01-05 09:18:00,100.18,100.43,100.03,100.23,26011
2024-01-05 09:19:00,100.22,100.31,100.03,100.18,10539
2024-01-05 09:20:00,100.14,100.31,100.06,100.18,14511
2024-01-05 09:21:00,100.11,100.37,99.93,100.12,27101
2024-01-05 09:22:00,100.07,100.32,99.9,100.19,65336
2024-01-05 09:23:00,100.2,100.44,100.06,100.12,38917
2024-01-05 09:24:00,100.18,100.37,99.94,100.11,58005
2024-01-05 09:25:00,100.08,100.35,99.87,100.06,41926
2024-01-05 09:26:00,100.03,100.17,99.88,100.08,56324
2024-01-05 09:27:00,100.08,100.28,100.01,100.07,2295
2024-01-05 09:28:00,100.1,100.37,99.98,100.04,9022
2024-01-05 09:29:00,100.09,100.15,100.03,100.08,7296
2024-01-05 09:30:00,100.05,100.31,99.89,100.09,6635
2024-01-05 09:31:00,100.1,100.19,99.84,100.11,22149
2024-01-05 09:32:00,100.09,100.19,99.93,100.06,5180
2024-01-05 09:33:00,100.11,100.2,99.71,99.99,8571
2024-01-05 09:34:00,99.93,100.24,99.7,100.0,19956
2024-01-05 09:35:00,99.95,100.04,99.77,99.98,4431
2024-01-05 09:36:00,99.97,100.21,99.82,100.01,13545
2024-01-05 09:37:00,100.09,100.22,99.75,100.01,41724
2024-01-05 09:38:00,100.02,100.08,99.81,100.02,6467
2024-01-05 09:39:00,100.11,100.26,99.72,99.94,48839
2024-01-05 09:40:00,99.86,100.13,99.75,100.03,9836
2024-01-05 09:41:00,100.03,100.22,99.73,100.02,28901
2024-01-05 09:42:00,100.01,100.35,99.9,100.06,7286
2024-01-05 09:43:00,100.08,100.16,99.82,100.02,34660
2024-01-05 09:44:00,100.08,100.24,99.79,100.03,16259
2024-01-05 09:45:00,100.1,100.28,99.79,99.97,35108
2024-01-05 09:46:00,100.0,100.21,99.91,99.99,12769
2024-01-05 09:47:00,100.02,100.24,99.8,99.97,38409
2024-01-05 09:48:00,100.06,100.32,99.89,99.97,51374
2024-01-05 09:49:00,99.95,100.13,99.66,100.01,24827
2024-01-05 09:50:00,100.08,100.26,99.67,99.95,13635
2024-01-05 09:51:00,100.03,100.25,99.63,99.91,17436
2024-01-05 09:52:00,99.91,100.07,99.84,99.94,6221
2024-01-05 09:53:00,99.98,100.29,99.73,100.04,26981
2024-01-05 09:54:00,100.02,100.24,99.82,100.03,41067
2024-01-05 09:55:00,99.97,100.34,99.87,100.06,105479
2024-01-05 09:56:00,100.08,100.29,100.0,100.06,81496
2024-01-05 09:57:00,100.0,100.24,99.84,100.16,8288
2024-01-05 09:58:00,100.15,100.4,99.84,100.07,27230
2024-01-05 09:59:00,100.14,100.44,100.01,100.07,19283
2024-01-05 10:00:00,99.99,100.14,99.9,99.99,74458
2024-01-05 10:01:00,99.9,99.96,99.75,99.87,10838
2024-01-05 10:02:00,99.89,100.0,99.73,99.88,53001
2024-01-05 10:03:00,99.85,99.97,99.68,99.89,8208
2024-01-05 10:04:00,99.87,100.15,99.64,99.87,19811
2024-01-05 10:05:00,99.86,100.13,99.6,99.87,9095
2024-01-05 10:06:00,99.79,100.17,99.56,100.02,3087
2024-01-05 10:07:00,99.92,100.25,99.82,100.01,8915
2024-01-05 10:08:00,100.09,100.36,99.87,100.04,17025
2024-01-05 10:09:00,99.98,100.06,99.77,100.0,91690
2024-01-05 10:10:00,99.99,100.24,99.8,100.02,7425
2024-01-05 10:11:00,100.11,100.22,99.84,100.01,12019
2024-01-05 10:12:00,100.07,100.22,99.69,99.99,5216
2024-01-05 10:13:00,99.91,100.33,99.67,100.08,69932
2024-01-05 10:14:00,100.08,100.23,99.95,100.14,13898
2024-01-05 10:15:00,100.18,100.33,99.97,100.14,15703
2024-01-05 10:16:00,100.18,100.24,99.83,100.03,15556
2024-01-05 10:17:00,100.08,100.22,99.82,100.01,3132
2024-01-05 10:18:00,100.0,100.2,99.87,100.14,5081
2024-01-05 10:19:00,100.08,100.38,99.9,100.13,8503
2024-01-05 10:20:00,100.13,100.44,99.9,100.19,40782
2024-01-05 10:21:00,100.22,100.53,100.17,100.26,1809
2024-01-05 10:22:00,100.28,100.4,100.08,100.27,37846
2024-01-05 10:23:00,100.19,100.52,99.97,100.23,31042
2024-01-05 10:24:00,100.14,100.31,100.03,100.11,3587
2024-01-05 10:25:00,100.2,100.37,99.98,100.14,16042
2024-01-05 10:26:00,100.07,100.35,99.92,100.1,70534
2024-01-05 10:27:00,100.06,100.24,99.99,100.11,7551
2024-01-05 10:28:00,100.16,100.23,99.89,100.05,12683
2024-01-05 10:29:00,100.03,100.17,99.84,100.03,348382
2024-01-05 10:30:00,99.97,100.26,99.91,100.04,30512
2024-01-05 10:31:00,100.03,100.22,99.76,100.05,17017
2024-01-05 10:32:00,100.06,100.23,99.81,99.99,13669
2024-01-05 10:33:00,99.98,100.23,99.84,100.05,31986
2024-01-05 10:34:00,100.14,100.21,99.94,100.02,43691
2024-01-05 10:35:00,99.98,100.08,99.69,99.94,2550
2024-01-05 10:36:00,99.97,100.09,99.65,99.93,2359
2024-01-05 10:37:00,99.86,100.19,99.64,99.94,8118
2024-01-05 10:38:00,99.91,100.17,99.85,99.94,18885
2024-01-05 10:39:00,99.99,100.2,99.71,100.01,23755
2024-01-05 10:40:00,99.96,100.06,99.83,100.0,4009
2024-01-05 10:41:00,100.02,100.08,99.8,99.99,17947
2024-01-05 10:42:00,99.93,100.02,99.76,99.94,20499
2024-01-05 10:43:00,99.86,100.21,99.77,99.98,9415
2024-01-05 10:44:00,99.98,100.23,99.92,99.99,12906
2024-01-05 10:45:00,100.02,100.11,99.85,99.97,10651
2024-01-05 10:46:00,99.89,100.14,99.61,99.87,35041
2024-01-05 10:47:00,99.96,100.06,99.87,99.95,22178
2024-01-05 10:48:00,99.89,100.15,99.67,99.88,7028
2024-01-05 10:49:00,99.81,99.94,99.62,99.85,57242
2024-01-05 10:50:00,99.8,100.14,99.73,99.87,5612
2024-01-05 10:51:00,99.81,99.88,99.69,99.81,3972
2024-01-05 10:52:00,99.73,99.95,99.64,99.74,17237
2024-01-05 10:53:00,99.8,100.05,99.4,99.63,17150
2024-01-05 10:54:00,99.63,99.86,99.55,99.67,23689
2024-01-05 10:55:00,99.65,99.94,99.47,99.64,6759
2024-01-05 10:56:00,99.73,99.95,99.43,99.79,53802
2024-01-05 10:57:00,99.76,100.03,99.57,99.74,122361
2024-01-05 10:58:00,99.67,99.85,99.6,99.69,21554
2024-01-05 10:59:00,99.65,99.94,99.39,99.66,30212
2024-01-05 11:00:00,99.61,99.8,99.37,99.68,2656
2024-01-05 11:01:00,99.68,99.92,99.55,99.65,14258
2024-01-05 11:02:00,99.61,99.89,99.5,99.68,10981
2024-01-05 11:03:00,99.69,99.93,99.55,99.63,9338
2024-01-05 11:04:00,99.67,99.88,99.43,99.56,11412
2024-01-05 11:05:00,99.62,99.68,99.4,99.48,12610
2024-01-05 11:06:00,99.52,99.73,99.26,99.36,5141
2024-01-05 11:07:00,99.31,99.55,99.15,99.34,13530
2024-01-05 11:08:00,99.26,99.55,99.09,99.32,7772
2024-01-05 11:09:00,99.33,99.46,99.21,99.29,48452
2024-01-05 11:10:00,99.23,99.49,99.03,99.35,30648
2024-01-05 11:11:00,99.27,99.65,99.18,99.42,30690
2024-01-05 11:12:00,99.42,99.64,99.3,99.4,58500
2024-01-05 11:13:00,99.36,99.47,99.13,99.31,9640
2024-01-05 11:14:00,99.36,99.48,99.07,99.28,28847
2024-01-05 11:15:00,99.24,99.54,99.16,99.25,64229
2024-01-05 11:16:00,99.35,99.54,98.94,99.22,8989
2024-01-05 11:17:00,99.27,99.36,99.04,99.18,2895
2024-01-05 11:18:00,99.1,99.23,98.89,99.15,11040
2024-01-05 11:19:00,99.15,99.37,98.92,99.13,57326
2024-01-05 11:20:00,99.15,99.33,98.87,99.1,8492
2024-01-05 11:21:00,99.14,99.2,98.83,99.11,13834
2024-01-05 11:22:00,99.11,99.23,99.03,99.13,10100
2024-01-05 11:23:00,99.13,99.41,98.83,99.08,18208
2024-01-05 11:24:00,99.06,99.39,98.98,99.15,7719
2024-01-05 11:25:00,99.1,99.35,98.9,99.1,4998
2024-01-05 11:26:00,99.19,99.42,98.73,99.02,14173
2024-01-05 11:27:00,98.98,99.14,98.81,99.04,16807
2024-01-05 11:28:00,98.95,99.23,98.79,99.0,67270
2024-01-05 11:29:00,98.93,99.08,98.85,99.01,23535
2024-01-05 11:30:00,99.08,99.28,98.77,98.89,6824
2024-01-05 11:31:00,98.91,99.05,98.78,98.96,10596
2024-01-05 11:32:00,99.02,99.12,98.94,99.0,44958
2024-01-05 11:33:00,99.06,99.14,98.65,98.92,14417
2024-01-05 11:34:00,98.99,99.04,98.61,98.85,7382
2024-01-05 11:35:00,98.86,99.17,98.67,98.93,23916
2024-01-05 11:36:00,98.87,99.0,98.6,98.9,9997
2024-01-05 11:37:00,98.83,99.02,98.73,98.85,35530
2024-01-05 11:38:00,98.87,99.02,98.64,98.74,31664
2024-01-05 11:39:00,98.72,98.87,98.54,98.73,6992
2024-01-05 11:40:00,98.74,98.87,98.5,98.71,131264
2024-01-05 11:41:00,98.71,99.03,98.58,98.75,19478
2024-01-05 11:42:00,98.77,98.91,98.45,98.68,1534
2024-01-05 11:43:00,98.59,98.79,98.43,98.61,32226
2024-01-05 11:44:00,98.51,98.88,98.24,98.63,1638
2024-01-05 11:45:00,98.67,98.87,98.58,98.68,62307
2024-01-05 11:46:00,98.62,98.78,98.43,98.6,23319
2024-01-05 11:47:00,98.63,98.81,98.52,98.65,19030
2024-01-05 11:48:00,98.66,98.83,98.5,98.65,20238
2024-01-05 11:49:00,98.75,98.85,98.44,98.71,36378
2024-01-05 11:50:00,98.77,99.04,98.47,98.71,12517
2024-01-05 11:51:00,98.69,98.84,98.44,98.58,20032
2024-01-05 11:52:00,98.6,98.83,98.37,98.57,22773
2024-01-05 11:53:00,98.5,98.82,98.42,98.63,1134
2024-01-05 11:54:00,98.6,98.8,98.31,98.58,36654
2024-01-05 11:55:00,98.63,98.7,98.43,98.56,43395
2024-01-05 11:56:00,98.59,98.76,98.34,98.55,31806
2024-01-05 11:57:00,98.55,98.62,98.15,98.41,29635
2024-01-05 11:58:00,98.35,98.55,98.09,98.49,99852
2024-01-05 11:59:00,98.55,98.61,98.36,98.45,19359
2024-01-05 12:00:00,98.4,98.72,98.14,98.47,20037
2024-01-05 12:01:00,98.54,98.83,98.39,98.47,10539
2024-01-05 12:02:00,98.49,98.71,98.42,98.53,2984
2024-01-05 12:03:00,98.51,98.64,98.41,98.55,31982
2024-01-05 12:04:00,98.46,98.6,98.19,98.54,11740
2024-01-05 12:05:00,98.49,98.58,98.28,98.5,2952
2024-01-05 12:06:00,98.57,98.78,98.44,98.53,18766
2024-01-05 12:07:00,98.6,98.89,98.31,98.44,18248
2024-01-05 12:08:00,98.46,98.75,98.17,98.47,16071
2024-01-05 12:09:00,98.47,98.75,98.19,98.42,23171
2024-01-05 12:10:00,98.45,98.59,98.37,98.48,4247
2024-01-05 12:11:00,98.48,98.68,98.34,98.49,54565
2024-01-05 12:12:00,98.52,98.78,98.29,98.52,31211
2024-01-05 12:13:00,98.48,98.64,98.43,98.53,70106
2024-01-05 12:14:00,98.59,98.7,98.25,98.44,11619
2024-01-05 12:15:00,98.48,98.55,98.19,98.4,31106
2024-01-05 12:16:00,98.36,98.64,98.27,98.43,3122
2024-01-05 12:17:00,98.5,98.69,98.24,98.44,8791
2024-01-05 12:18:00,98.44,98.66,98.15,98.5,5129
2024-01-05 12:19:00,98.43,98.59,98.28,98.52,26235
2024-01-05 12:20:00,98.43,98.74,98.29,98.47,6704
2024-01-05 12:21:00,98.51,98.66,98.22,98.43,13064
2024-01-05 12:22:00,98.5,98.71,98.38,98.43,20151
2024-01-05 12:23:00,98.5,98.66,98.19,98.32,13460
2024-01-05 12:24:00,98.35,98.61,98.17,98.4,5425
2024-01-05 12:25:00,98.33,98.63,98.12,98.42,104936
2024-01-05 12:26:00,98.34,98.6,98.24,98.49,22706
2024-01-05 12:27:00,98.45,98.6,98.3,98.41,105884
2024-01-05 12:28:00,98.48,98.69,98.27,98.47,7209
2024-01-05 12:29:00,98.56,98.68,98.29,98.58,13895
2024-01-05 12:30:00,98.53,98.69,98.43,98.51,22072
2024-01-05 12:31:00,98.57,98.67,98.37,98.55,93666
2024-01-05 12:32:00,98.57,98.7,98.29,98.55,105138
2024-01-05 12:33:00,98.46,98.65,98.18,98.48,13107
2024-01-05 12:34:00,98.48,98.57,98.27,98.5,9754
2024-01-05 12:35:00,98.56,98.83,98.42,98.54,20123
2024-01-05 12:36:00,98.5,98.59,98.34,98.51,67198
2024-01-05 12:37:00,98.59,98.88,98.36,98.57,23176
2024-01-05 12:38:00,98.52,98.72,98.27,98.49,27814
2024-01-05 12:39:00,98.4,98.47,98.24,98.41,66577
2024-01-05 12:40:00,98.35,98.49,98.22,98.42,56659
2024-01-05 12:41:00,98.49,98.74,98.21,98.42,58892
2024-01-05 12:42:00,98.4,98.7,98.29,98.39,41029
2024-01-05 12:43:00,98.44,98.59,98.18,98.43,85143
2024-01-05 12:44:00,98.43,98.55,98.34,98.45,6535
2024-01-05 12:45:00,98.45,98.65,98.3,98.49,208827
2024-01-05 12:46:00,98.55,98.85,98.33,98.49,63599
2024-01-05 12:47:00,98.47,98.78,98.21,98.52,18763
2024-01-05 12:48:00,98.58,98.67,98.27,98.5,66817
2024-01-05 12:49:00,98.42,98.71,98.34,98.6,15561
2024-01-05 12:50:00,98.62,98.89,98.44,98.56,35412
2024-01-05 12:51:00,98.6,98.8,98.47,98.66,39814
2024-01-05 12:52:00,98.74,98.84,98.51,98.66,52164
2024-01-05 12:53:00,98.61,98.76,98.44,98.59,13909
2024-01-05 12:54:00,98.62,98.94,98.48,98.66,53283
2024-01-05 12:55:00,98.65,98.72,98.56,98.67,14158
2024-01-05 12:56:00,98.65,98.94,98.45,98.71,45751
2024-01-05 12:57:00,98.63,99.05,98.41,98.77,21636
2024-01-05 12:58:00,98.7,98.88,98.62,98.79,3554
2024-01-05 12:59:00,98.85,99.03,98.54,98.76,10543
2024-01-05 13:00:00,98.81,98.9,98.61,98.81,51437
2024-01-05 13:01:00,98.78,99.07,98.55,98.81,16258
2024-01-05 13:02:00,98.87,99.08,98.6,98.84,74127
2024-01-05 13:03:00,98.76,98.83,98.63,98.73,6546
2024-01-05 13:04:00,98.76,98.82,98.67,98.76,44184
2024-01-05 13:05:00,98.83,99.1,98.62,98.72,21003
2024-01-05 13:06:00,98.79,99.02,98.57,98.81,17209
2024-01-05 13:07:00,98.78,99.05,98.59,98.84,6779
2024-01-05 13:08:00,98.89,99.05,98.7,98.85,27174
2024-01-05 13:09:00,98.83,99.15,98.78,98.87,8031
2024-01-05 13:10:00,98.94,99.0,98.65,98.82,11660
2024-01-05 13:11:00,98.83,99.03,98.68,98.9,19136
2024-01-05 13:12:00,98.96,99.3,98.71,99.0,15279
2024-01-05 13:13:00,98.92,99.29,98.78,99.02,61561
2024-01-05 13:14:00,99.04,99.21,98.8,99.1,1652
2024-01-05 13:15:00,99.11,99.36,98.89,99.07,18427
2024-01-05 13:16:00,99.09,99.37,98.74,99.03,15324
2024-01-05 13:17:00,99.07,99.24,98.93,99.03,21839
2024-01-05 13:18:00,99.12,99.3,98.76,99.06,12781
2024-01-05 13:19:00,99.11,99.23,98.83,99.04,61321
2024-01-05 13:20:00,98.98,99.28,98.88,99.06,17022
2024-01-05 13:21:00,99.13,99.32,98.95,99.08,25158
2024-01-05 13:22:00,99.0,99.29,98.78,99.03,53758
2024-01-05 13:23:00,99.05,99.31,98.95,99.05,23202
2024-01-05 13:24:00,99.13,99.19,98.84,99.1,6190
2024-01-05 13:25:00,99.02,99.25,98.92,99.11,14377
2024-01-05 13:26:00,99.18,99.25,98.99,99.16,19455
2024-01-05 13:27:00,99.22,99.31,98.91,99.1,4244
2024-01-05 13:28:00,99.1,99.36,98.92,99.13,10809
2024-01-05 13:29:00,99.09,99.36,98.98,99.07,20572
2024-01-05 13:30:00,99.05,99.22,98.92,99.01,164753
2024-01-05 13:31:00,99.11,99.37,98.7,98.98,31923
2024-01-05 13:32:00,98.92,99.08,98.8,98.93,25789
2024-01-05 13:33:00,98.95,99.07,98.65,98.91,119446
2024-01-05 13:34:00,98.83,99.12,98.56,98.9,39650
2024-01-05 13:35:00,98.84,99.02,98.67,98.94,45656
2024-01-05 13:36:00,98.99,99.21,98.65,98.92,14663
2024-01-05 13:37:00,98.88,99.03,98.72,98.84,6213
2024-01-05 13:38:00,98.94,99.22,98.84,98.9,28613
2024-01-05 13:39:00,98.9,99.07,98.7,98.86,136243
2024-01-05 13:40:00,98.86,98.95,98.71,98.86,100010
2024-01-05 13:41:00,98.76,99.11,98.62,98.88,42524
2024-01-05 13:42:00,98.97,99.09,98.65,98.89,11085
2024-01-05 13:43:00,98.82,99.24,98.58,98.94,4672
2024-01-05 13:44:00,98.95,99.23,98.67,98.97,9679
2024-01-05 13:45:00,98.95,99.19,98.63,98.92,27383
2024-01-05 13:46:00,98.91,99.27,98.69,99.03,13752
2024-01-05 13:47:00,99.06,99.28,98.77,99.04,59997
2024-01-05 13:48:00,99.07,99.29,98.8,99.03,4968
2024-01-05 13:49:00,98.97,99.18,98.69,99.08,19365
2024-01-05 13:50:00,99.08,99.25,98.99,99.09,10232
2024-01-05 13:51:00,99.15,99.4,98.98,99.11,59354
2024-01-05 13:52:00,99.1,99.33,98.99,99.24,37896
2024-01-05 13:53:00,99.17,99.28,99.1,99.22,9594
2024-01-05 13:54:00,99.19,99.4,98.92,99.21,51751
2024-01-05 13:55:00,99.15,99.37,98.95,99.21,4346
2024-01-05 13:56:00,99.14,99.52,99.0,99.27,3690
2024-01-05 13:57:00,99.24,99.45,99.06,99.19,9089
2024-01-05 13:58:00,99.2,99.41,98.99,99.09,3032
2024-01-05 13:59:00,99.01,99.36,98.94,99.07,19681
2024-01-05 14:00:00,99.09,99.26,98.86,98.98,20316
2024-01-05 14:01:00,99.08,99.28,98.81,98.96,14683
2024-01-05 14:02:00,99.06,99.18,98.88,98.99,37756
2024-01-05 14:03:00,99.05,99.15,98.7,98.94,10685
2024-01-05 14:04:00,98.9,99.0,98.63,98.87,6017
2024-01-05 14:05:00,98.78,99.05,98.71,98.88,9924
2024-01-05 14:06:00,98.94,99.03,98.65,98.92,6500
2024-01-05 14:07:00,98.83,99.03,98.74,98.84,11947
2024-01-05 14:08:00,98.78,99.1,98.53,98.88,39975
2024-01-05 14:09:00,98.89,99.05,98.7,98.92,3803
2024-01-05 14:10:00,98.85,99.09,98.78,98.96,15682
2024-01-05 14:11:00,99.03,99.18,98.79,99.02,57389
2024-01-05 14:12:00,99.08,99.3,98.93,99.13,64325
2024-01-05 14:13:00,99.18,99.32,98.95,99.12,11136
2024-01-05 14:14:00,99.18,99.31,98.92,99.12,201435
2024-01-05 14:15:00,99.07,99.17,98.82,99.1,7695
2024-01-05 14:16:00,99.15,99.24,98.89,99.1,17527
2024-01-05 14:17:00,99.07,99.34,98.83,99.18,6834
2024-01-05 14:18:00,99.21,99.46,99.01,99.11,33965
2024-01-05 14:19:00,99.04,99.28,98.94,99.07,362659
2024-01-05 14:20:00,99.11,99.22,98.83,99.14,139210
2024-01-05 14:21:00,99.23,99.32,99.08,99.19,51348
2024-01-05 14:22:00,99.1,99.25,98.93,99.17,11998
2024-01-05 14:23:00,99.09,99.49,98.97,99.21,18621
2024-01-05 14:24:00,99.14,99.41,98.98,99.23,67241
2024-01-05 14:25:00,99.21,99.44,99.02,99.3,46607
2024-01-05 14:26:00,99.26,99.49,99.12,99.31,23930
2024-01-05 14:27:00,99.37,99.63,99.29,99.36,25384
2024-01-05 14:28:00,99.35,99.56,99.06,99.49,63303
2024-01-05 14:29:00,99.48,99.75,99.24,99.52,81095
2024-01-05 14:30:00,99.56,99.76,99.37,99.52,4911
2024-01-05 14:31:00,99.49,99.76,99.42,99.56,27640
2024-01-05 14:32:00,99.53,99.78,99.34,99.54,39268
2024-01-05 14:33:00,99.59,99.95,99.38,99.66,12936
2024-01-05 14:34:00,99.71,99.8,99.5,99.67,79143
2024-01-05 14:35:00,99.57,99.72,99.33,99.65,16506
2024-01-05 14:36:00,99.58,99.79,99.44,99.61,81372
2024-01-05 14:37:00,99.55,99.96,99.27,99.67,15239
2024-01-05 14:38:00,99.64,100.0,99.53,99.71,28548
2024-01-05 14:39:00,99.67,99.92,99.38,99.68,27924
2024-01-05 14:40:00,99.72,99.91,99.61,99.71,116148
2024-01-05 14:41:00,99.78,100.03,99.37,99.64,46212
2024-01-05 14:42:00,99.58,99.87,99.45,99.65,13937
2024-01-05 14:43:00,99.66,99.77,99.45,99.67,16776
2024-01-05 14:44:00,99.64,99.92,99.43,99.75,16711
2024-01-05 14:45:00,99.76,99.83,99.63,99.72,22437
2024-01-05 14:46:00,99.74,99.88,99.54,99.65,8565
2024-01-05 14:47:00,99.73,99.93,99.47,99.61,20305
2024-01-05 14:48:00,99.55,99.77,99.3,99.54,86515
2024-01-05 14:49:00,99.46,99.7,99.18,99.61,82755
2024-01-05 14:50:00,99.63,99.93,99.43,99.68,4606
2024-01-05 14:51:00,99.66,99.98,99.55,99.7,3931
2024-01-05 14:52:00,99.63,99.92,99.56,99.76,12171
2024-01-05 14:53:00,99.69,99.93,99.51,99.77,3717
2024-01-05 14:54:00,99.78,99.98,99.7,99.76,6226
2024-01-05 14:55:00,99.72,99.8,99.57,99.75,31294
2024-01-05 14:56:00,99.85,99.94,99.49,99.73,21207
2024-01-05 14:57:00,99.71,99.93,99.52,99.65,3940
2024-01-05 14:58:00,99.6,99.73,99.5,99.67,70971
2024-01-05 14:59:00,99.69,99.92,99.37,99.67,14444
2024-01-05 15:00:00,99.61,99.83,99.36,99.7,13117
2024-01-05 15:01:00,99.7,99.97,99.64,99.71,60873
2024-01-05 15:02:00,99.7,99.98,99.53,99.7,33219
2024-01-05 15:03:00,99.69,99.98,99.47,99.66,21111
2024-01-05 15:04:00,99.71,99.82,99.37,99.66,13432
2024-01-05 15:05:00,99.6,99.81,99.33,99.7,38933
2024-01-05 15:06:00,99.78,99.87,99.42,99.64,14288
2024-01-05 15:07:00,99.7,99.85,99.35,99.64,17529
2024-01-05 15:08:00,99.61,99.75,99.46,99.66,6792
2024-01-05 15:09:00,99.59,99.83,99.3,99.62,69048
2024-01-05 15:10:00,99.58,99.72,99.43,99.59,104046
2024-01-05 15:11:00,99.56,99.77,99.44,99.6,27225
2024-01-05 15:12:00,99.61,99.87,99.47,99.55,13546
2024-01-05 15:13:00,99.45,99.79,99.27,99.56,56131
2024-01-05 15:14:00,99.64,99.76,99.35,99.52,39681
2024-01-05 15:15:00,99.44,99.83,99.28,99.57,14132
2024-01-05 15:16:00,99.53,99.77,99.47,99.69,69643
2024-01-05 15:17:00,99.61,99.89,99.48,99.64,14408
2024-01-05 15:18:00,99.6,99.95,99.39,99.67,6086
2024-01-05 15:19:00,99.74,99.9,99.44,99.63,20623
2024-01-05 15:20:00,99.66,99.85,99.38,99.69,65143
2024-01-05 15:21:00,99.63,99.8,99.55,99.62,24410
2024-01-05 15:22:00,99.7,99.9,99.44,99.65,6818
2024-01-05 15:23:00,99.71,99.95,99.32,99.6,14718
2024-01-05 15:24:00,99.65,99.81,99.46,99.59,72861
2024-01-05 15:25:00,99.66,99.84,99.27,99.54,28964
2024-01-05 15:26:00,99.57,99.88,99.27,99.58,21614
2024-01-05 15:27:00,99.58,99.69,99.37,99.54,19333
2024-01-05 15:28:00,99.52,99.68,99.38,99.57,64852
2024-01-05 15:29:00,99.51,99.61,99.42,99.55,60758
2024-01-05 15:30:00,99.56,99.71,99.41,99.55,5425
2024-01-05 15:31:00,99.62,99.74,99.45,99.55,56383
2024-01-05 15:32:00,99.57,99.81,99.39,99.52,36916
2024-01-05 15:33:00,99.6,99.83,99.38,99.53,108335
2024-01-05 15:34:00,99.5,99.85,99.41,99.6,20555
2024-01-05 15:35:00,99.64,99.73,99.34,99.56,68544
2024-01-05 15:36:00,99.59,99.9,99.51,99.62,35204
2024-01-05 15:37:00,99.66,99.76,99.37,99.7,7230
2024-01-05 15:38:00,99.73,99.8,99.54,99.66,61120
2024-01-05 15:39:00,99.6,99.88,99.33,99.58,49484
2024-01-05 15:40:00,99.51,99.73,99.23,99.6,11499
2024-01-05 15:41:00,99.69,99.89,99.5,99.57,29422
2024-01-05 15:42:00,99.48,99.89,99.3,99.66,181272
2024-01-05 15:43:00,99.66,99.86,99.36,99.67,13588
2024-01-05 15:44:00,99.65,99.74,99.41,99.63,45531
2024-01-05 15:45:00,99.6,99.76,99.45,99.57,7369
2024-01-05 15:46:00,99.63,99.85,99.41,99.62,12452
2024-01-05 15:47:00,99.67,99.94,99.33,99.59,49541
2024-01-05 15:48:00,99.68,99.87,99.47,99.6,28472
2024-01-05 15:49:00,99.58,99.83,99.44,99.64,18011
2024-01-05 15:50:00,99.66,99.78,99.43,99.62,120873
2024-01-05 15:51:00,99.7,99.91,99.42,99.62,8762
2024-01-05 15:52:00,99.72,100.0,99.49,99.62,19034
2024-01-05 15:53:00,99.71,99.85,99.44,99.65,36017
2024-01-05 15:54:00,99.69,99.89,99.63,99.68,9214
2024-01-05 15:55:00,99.61,99.8,99.5,99.67,36652
2024-01-05 15:56:00,99.57,99.93,99.31,99.67,64516
2024-01-05 15:57:00,99.74,99.86,99.58,99.65,19641
2024-01-05 15:58:00,99.72,99.82,99.49,99.58,11100
2024-01-05 15:59:00,99.63,99.74,99.49,99.59,16115
2024-01-05 16:00:00,99.55,99.86,99.42,99.69,1512
2024-01-05 16:01:00,99.72,99.91,99.51,99.64,60241
2024-01-05 16:02:00,99.61,99.86,99.32,99.61,28698
2024-01-05 16:03:00,99.6,99.75,99.5,99.56,18463
2024-01-05 16:04:00,99.54,99.71,99.46,99.6,4159
2024-01-05 16:05:00,99.68,99.82,99.41,99.62,66772
2024-01-05 16:06:00,99.57,99.79,99.46,99.61,14219
2024-01-05 16:07:00,99.63,99.87,99.48,99.57,38763
2024-01-05 16:08:00,99.54,99.68,99.32,99.57,21776
2024-01-05 16:09:00,99.6,99.7,99.28,99.49,4381
2024-01-05 16:10:00,99.51,99.8,99.24,99.5,78318
2024-01-05 16:11:00,99.59,99.67,99.36,99.54,64769
2024-01-05 16:12:00,99.46,99.64,99.17,99.48,47289
2024-01-05 16:13:00,99.43,99.72,99.32,99.41,30177
2024-01-05 16:14:00,99.46,99.76,99.36,99.48,6650
2024-01-05 16:15:00,99.46,99.59,99.32,99.45,52520
2024-01-05 16:16:00,99.39,99.63,99.13,99.51,199785
2024-01-05 16:17:00,99.51,99.64,99.25,99.5,24738
2024-01-05 16:18:00,99.53,99.83,99.24,99.49,25227
2024-01-05 16:19:00,99.4,99.65,99.18,99.52,7318
2024-01-05 16:20:00,99.47,99.66,99.23,99.47,2778
2024-01-05 16:21:00,99.53,99.62,99.27,99.48,15380
2024-01-05 16:22:00,99.48,99.73,99.22,99.46,96922
2024-01-05 16:23:00,99.37,99.68,99.3,99.39,84436
2024-01-05 16:24:00,99.35,99.55,99.18,99.41,20631
2024-01-05 16:25:00,99.44,99.57,99.27,99.4,33864
2024-01-05 16:26:00,99.34,99.48,99.09,99.39,6513
2024-01-05 16:27:00,99.46,99.73,99.26,99.33,24617
2024-01-05 16:28:00,99.37,99.5,99.26,99.41,13037
2024-01-05 16:29:00,99.4,99.63,99.16,99.45,23264
2024-01-05 16:30:00,99.54,99.6,99.29,99.5,16736
2024-01-05 16:31:00,99.48,99.57,99.19,99.49,16440
2024-01-05 16:32:00,99.43,99.71,99.11,99.4,59658
2024-01-05 16:33:00,99.43,99.57,99.26,99.5,156987
2024-01-05 16:34:00,99.51,99.6,99.29,99.49,18593
2024-01-05 16:35:00,99.46,99.57,99.22,99.46,91001
2024-01-05 16:36:00,99.43,99.69,99.23,99.48,6364
2024-01-05 16:37:00,99.46,99.79,99.28,99.54,20085
2024-01-05 16:38:00,99.49,99.65,99.29,99.53,6025
2024-01-05 16:39:00,99.58,99.89,99.38,99.6,16117
2024-01-05 16:40:00,99.63,99.86,99.35,99.65,45057
2024-01-05 16:41:00,99.64,99.82,99.3,99.6,67415
2024-01-05 16:42:00,99.58,99.67,99.38,99.56,10111
2024-01-05 16:43:00,99.54,99.72,99.38,99.61,34824
2024-01-05 16:44:00,99.57,99.66,99.37,99.48,75357
2024-01-05 16:45:00,99.39,99.57,99.27,99.47,65364
2024-01-05 16:46:00,99.42,99.51,99.15,99.4,28537
2024-01-05 16:47:00,99.36,99.48,99.21,99.37,12219
2024-01-05 16:48:00,99.38,99.44,99.28,99.36,11060
2024-01-05 16:49:00,99.41,99.69,99.08,99.34,9483
2024-01-05 16:50:00,99.32,99.58,99.16,99.31,21341
2024-01-05 16:51:00,99.4,99.49,99.18,99.26,9670
2024-01-05 16:52:00,99.33,99.57,99.07,99.37,43392
2024-01-05 16:53:00,99.47,99.74,99.35,99.47,27676
2024-01-05 16:54:00,99.54,99.67,99.33,99.41,26450
2024-01-05 16:55:00,99.43,99.73,99.31,99.49,3496
2024-01-05 16:56:00,99.51,99.68,99.19,99.47,22646
2024-01-05 16:57:00,99.39,99.71,99.33,99.47,13917
2024-01-05 16:58:00,99.52,99.57,99.23,99.47,192224
2024-01-05 16:59:00,99.49,99.68,99.21,99.44,6124
2024-01-05 17:00:00,99.44,99.58,99.17,99.49,17936
2024-01-05 17:01:00,99.53,99.77,99.22,99.49,32308
2024-01-05 17:02:00,99.48,99.62,99.35,99.47,8327
2024-01-05 17:03:00,99.47,99.56,99.12,99.41,151486
2024-01-05 17:04:00,99.38,99.48,99.28,99.36,154629
2024-01-05 17:05:00,99.4,99.5,99.04,99.28,9335
2024-01-05 17:06:00,99.35,99.62,99.03,99.28,12187
2024-01-05 17:07:00,99.35,99.54,98.92,99.22,188492
2024-01-05 17:08:00,99.28,99.34,98.94,99.21,88900
2024-01-05 17:09:00,99.11,99.43,98.95,99.28,15224
2024-01-05 17:10:00,99.36,99.44,99.28,99.33,33909
2024-01-05 17:11:00,99.29,99.46,99.2,99.33,5504
2024-01-05 17:12:00,99.41,99.58,99.24,99.33,198141
2024-01-05 17:13:00,99.27,99.51,99.0,99.42,23691
2024-01-05 17:14:00,99.41,99.73,99.12,99.45,39560
2024-01-05 17:15:00,99.5,99.72,99.19,99.43,8646
2024-01-05 17:16:00,99.46,99.72,99.15,99.36,7072
2024-01-05 17:17:00,99.34,99.51,99.26,99.38,34582
2024-01-05 17:18:00,99.42,99.53,99.16,99.42,149686
2024-01-05 17:19:00,99.43,99.65,99.23,99.39,12829
2024-01-05 17:20:00,99.35,99.46,99.23,99.4,8274
2024-01-05 17:21:00,99.43,99.66,99.21,99.39,29885
2024-01-05 17:22:00,99.33,99.54,99.2,99.38,113231
2024-01-05 17:23:00,99.42,99.62,98.96,99.25,11630
2024-01-05 17:24:00,99.16,99.52,99.1,99.24,17156
2024-01-05 17:25:00,99.25,99.46,99.12,99.29,50874
2024-01-05 17:26:00,99.27,99.45,99.06,99.26,56636
2024-01-05 17:27:00,99.22,99.36,98.98,99.26,16573
2024-01-05 17:28:00,99.27,99.43,98.93,99.23,65949
2024-01-05 17:29:00,99.25,99.31,99.15,99.24,37375
2024-01-05 17:30:00,99.34,99.56,99.01,99.23,22386
2024-01-05 17:31:00,99.3,99.49,98.89,99.19,54309
2024-01-05 17:32:00,99.23,99.4,99.08,99.25,47316
2024-01-05 17:33:00,99.25,99.57,99.06,99.3,7730
2024-01-05 17:34:00,99.28,99.41,99.04,99.27,97101
2024-01-05 17:35:00,99.17,99.5,99.05,99.29,31113
2024-01-05 17:36:00,99.26,99.44,99.12,99.32,87169
2024-01-05 17:37:00,99.39,99.46,99.07,99.35,23197
2024-01-05 17:38:00,99.33,99.42,99.17,99.27,28215
2024-01-05 17:39:00,99.26,99.53,99.03,99.32,32823
2024-01-05 17:40:00,99.27,99.52,99.13,99.29,38057
2024-01-05 17:41:00,99.24,99.54,99.06,99.27,101539
2024-01-05 17:42:00,99.18,99.56,98.93,99.4,35117
2024-01-05 17:43:00,99.42,99.53,99.15,99.42,21418
2024-01-05 17:44:00,99.41,99.59,99.12,99.4,60447
2024-01-05 17:45:00,99.42,99.52,99.01,99.29,33874
2024-01-05 17:46:00,99.3,99.58,99.09,99.36,423171
2024-01-05 17:47:00,99.42,99.57,99.0,99.29,29478
2024-01-05 17:48:00,99.34,99.5,99.07,99.24,75937
2024-01-05 17:49:00,99.29,99.54,99.1,99.22,53214
2024-01-05 17:50:00,99.22,99.42,98.98,99.29,2835
2024-01-05 17:51:00,99.27,99.41,99.01,99.33,10542
2024-01-05 17:52:00,99.42,99.62,99.14,99.32,14194
2024-01-05 17:53:00,99.24,99.45,98.99,99.34,4916
2024-01-05 17:54:00,99.27,99.56,99.1,99.31,14834
2024-01-05 17:55:00,99.29,99.46,99.18,99.32,5590
2024-01-05 17:56:00,99.34,99.58,99.11,99.32,7265
2024-01-05 17:57:00,99.22,99.47,98.98,99.37,28045
2024-01-05 17:58:00,99.41,99.69,99.35,99.42,150151
2024-01-05 17:59:00,99.43,99.68,99.17,99.44,5640
2024-01-05 18:00:00,99.44,99.73,99.32,99.42,6532
2024-01-05 18:01:00,99.41,99.6,99.12,99.46,12929
2024-01-05 18:02:00,99.46,99.54,99.28,99.46,19011
2024-01-05 18:03:00,99.39,99.58,99.19,99.4,4711
2024-01-05 18:04:00,99.32,99.51,99.04,99.38,10948
2024-01-05 18:05:00,99.34,99.5,99.13,99.39,9982
2024-01-05 18:06:00,99.43,99.6,99.31,99.43,30283
2024-01-05 18:07:00,99.45,99.55,99.14,99.42,33712
2024-01-05 18:08:00,99.42,99.61,99.16,99.36,18906
2024-01-05 18:09:00,99.38,99.62,99.3,99.37,15096
2024-01-05 18:10:00,99.38,99.6,99.28,99.37,10832
2024-01-05 18:11:00,99.33,99.61,99.25,99.38,23192
2024-01-05 18:12:00,99.3,99.68,99.08,99.43,8299
2024-01-05 18:13:00,99.5,99.65,99.34,99.48,103490
2024-01-05 18:14:00,99.5,99.58,99.17,99.45,4925
2024-01-05 18:15:00,99.49,99.57,99.25,99.42,11426
2024-01-05 18:16:00,99.41,99.52,99.07,99.36,52480
2024-01-05 18:17:00,99.42,99.61,99.31,99.4,14784
2024-01-05 18:18:00,99.42,99.69,99.12,99.47,43129
2024-01-05 18:19:00,99.38,99.66,99.22,99.46,122662
2024-01-05 18:20:00,99.53,99.66,99.37,99.44,50670
2024-01-05 18:21:00,99.41,99.62,99.22,99.52,6620
2024-01-05 18:22:00,99.44,99.78,99.18,99.54,6944
2024-01-05 18:23:00,99.46,99.81,99.38,99.56,18262
2024-01-05 18:24:00,99.61,99.85,99.31,99.5,34305
2024-01-05 18:25:00,99.54,99.71,99.35,99.54,73580
2024-01-05 18:26:00,99.58,99.63,99.43,99.49,10046
2024-01-05 18:27:00,99.57,99.76,99.34,99.44,13562
2024-01-05 18:28:00,99.41,99.6,99.27,99.42,17143
2024-01-05 18:29:00,99.43,99.71,99.1,99.39,16802
2024-01-05 18:30:00,99.41,99.71,99.11,99.38,98286
2024-01-05 18:31:00,99.47,99.77,99.08,99.31,19849
2024-01-05 18:32:00,99.27,99.64,99.06,99.35,25669
2024-01-05 18:33:00,99.44,99.7,99.33,99.41,54802
2024-01-05 18:34:00,99.34,99.56,99.03,99.31,108129
2024-01-05 18:35:00,99.37,99.55,99.27,99.36,21264
2024-01-05 18:36:00,99.39,99.57,99.1,99.32,77589
2024-01-05 18:37:00,99.38,99.63,99.18,99.36,137004
2024-01-05 18:38:00,99.27,99.46,98.99,99.36,19725
2024-01-05 18:39:00,99.28,99.6,99.16,99.36,12536
2024-01-05 18:40:00,99.28,99.6,99.14,99.35,196234
2024-01-05 18:41:00,99.37,99.54,99.11,99.41,67580
2024-01-05 18:42:00,99.43,99.7,99.2,99.35,22303
2024-01-05 18:43:00,99.43,99.48,99.29,99.38,42190
2024-01-05 18:44:00,99.38,99.71,99.1,99.44,7746
2024-01-05 18:45:00,99.35,99.63,99.23,99.47,66797
2024-01-05 18:46:00,99.41,99.71,99.14,99.59,3640
2024-01-05 18:47:00,99.49,99.69,99.31,99.56,64256
2024-01-05 18:48:00,99.62,99.85,99.51,99.61,10703
2024-01-05 18:49:00,99.67,99.79,99.47,99.6,4213
2024-01-05 18:50:00,99.7,99.92,99.41,99.67,2976
2024-01-05 18:51:00,99.65,99.85,99.57,99.67,13682
2024-01-05 18:52:00,99.57,99.81,99.49,99.65,44851
2024-01-05 18:53:00,99.59,99.78,99.4,99.71,5486
2024-01-05 18:54:00,99.73,100.02,99.43,99.69,6402
2024-01-05 18:55:00,99.78,100.02,99.39,99.62,13437
2024-01-05 18:56:00,99.54,99.86,99.3,99.59,49392
2024-01-05 18:57:00,99.51,99.83,99.37,99.62,55967
2024-01-05 18:58:00,99.66,99.77,99.5,99.69,25333
2024-01-05 18:59:00,99.72,100.0,99.5,99.7,58886
2024-01-05 19:00:00,99.65,99.86,99.43,99.76,43809
2024-01-05 19:01:00,99.82,99.99,99.41,99.69,14516
2024-01-05 19:02:00,99.62,99.76,99.39,99.67,54694
2024-01-05 19:03:00,99.76,99.98,99.36,99.66,6098
2024-01-05 19:04:00,99.6,99.84,99.33,99.65,35828
2024-01-05 19:05:00,99.57,99.71,99.49,99.66,6863
2024-01-05 19:06:00,99.62,99.83,99.42,99.69,25407
2024-01-05 19:07:00,99.63,99.83,99.53,99.67,74500
2024-01-05 19:08:00,99.67,99.87,99.48,99.68,27260
2024-01-05 19:09:00,99.71,99.89,99.6,99.67,21751
2024-01-05 19:10:00,99.67,99.95,99.43,99.63,27612
2024-01-05 19:11:00,99.66,99.77,99.4,99.62,42757
2024-01-05 19:12:00,99.59,99.74,99.42,99.61,186093
2024-01-05 19:13:00,99.52,99.74,99.25,99.61,42295
2024-01-05 19:14:00,99.7,100.0,99.52,99.61,13326
2024-01-05 19:15:00,99.67,99.73,99.51,99.61,17878
2024-01-05 19:16:00,99.53,99.79,99.43,99.59,8945
2024-01-05 19:17:00,99.58,99.91,99.43,99.65,6378
2024-01-05 19:18:00,99.68,99.88,99.43,99.59,1934
2024-01-05 19:19:00,99.53,99.83,99.47,99.56,13882
2024-01-05 19:20:00,99.57,99.93,99.36,99.7,5407
2024-01-05 19:21:00,99.7,99.92,99.49,99.65,24271
2024-01-05 19:22:00,99.59,99.64,99.36,99.58,13233
2024-01-05 19:23:00,99.51,99.87,99.44,99.61,7438
2024-01-05 19:24:00,99.67,99.83,99.42,99.51,2687
2024-01-05 19:25:00,99.48,99.7,99.23,99.5,15532
2024-01-05 19:26:00,99.45,99.82,99.32,99.61,3818
2024-01-05 19:27:00,99.65,99.74,99.28,99.53,44630
2024-01-05 19:28:00,99.58,99.71,99.38,99.43,28421
2024-01-05 19:29:00,99.39,99.58,99.25,99.36,17556
2024-01-05 19:30:00,99.43,99.69,99.32,99.4,93971
2024-01-05 19:31:00,99.44,99.61,99.33,99.46,22243
2024-01-05 19:32:00,99.43,99.65,99.24,99.43,32405
2024-01-05 19:33:00,99.42,99.71,99.25,99.47,43803
2024-01-05 19:34:00,99.51,99.59,99.41,99.53,13136
2024-01-05 19:35:00,99.48,99.92,99.33,99.62,13209
2024-01-05 19:36:00,99.62,99.82,99.34,99.61,22958
2024-01-05 19:37:00,99.64,99.7,99.28,99.5,5730
2024-01-05 19:38:00,99.5,99.63,99.34,99.46,131309
2024-01-05 19:39:00,99.48,99.58,99.18,99.43,25868
2024-01-05 19:40:00,99.44,99.59,99.36,99.42,18016
2024-01-05 19:41:00,99.36,99.49,99.28,99.41,177287
2024-01-05 19:42:00,99.39,99.74,99.24,99.47,7321
2024-01-05 19:43:00,99.47,99.81,99.22,99.53,102349
2024-01-05 19:44:00,99.59,99.85,99.4,99.52,49676
2024-01-05 19:45:00,99.55,99.7,99.36,99.58,67307
2024-01-05 19:46:00,99.56,99.75,99.39,99.6,18480
2024-01-05 19:47:00,99.69,99.75,99.31,99.6,23292
2024-01-05 19:48:00,99.52,99.71,99.43,99.64,15626
2024-01-05 19:49:00,99.59,99.87,99.5,99.65,59655
2024-01-05 19:50:00,99.62,99.83,99.53,99.75,32589
2024-01-05 19:51:00,99.7,99.76,99.57,99.68,12600
2024-01-05 19:52:00,99.7,99.82,99.48,99.65,13192
2024-01-05 19:53:00,99.56,99.81,99.39,99.65,21702
2024-01-05 19:54:00,99.58,99.87,99.47,99.67,15799
2024-01-05 19:55:00,99.63,99.81,99.36,99.73,93131
2024-01-05 19:56:00,99.77,99.98,99.67,99.73,49425
2024-01-05 19:57:00,99.81,100.09,99.44,99.66,49321
2024-01-05 19:58:00,99.72,99.81,99.41,99.7,27831
2024-01-05 19:59:00,99.64,99.88,99.34,99.74,9638
2024-01-05 20:00:00,99.75,99.83,99.55,99.64,44183
2024-01-05 20:01:00,99.55,99.86,99.49,99.64,2702
2024-01-05 20:02:00,99.6,99.66,99.32,99.56,26214
2024-01-05 20:03:00,99.62,99.72,99.25,99.53,9777
2024-01-05 20:04:00,99.52,99.68,99.22,99.48,9053
2024-01-05 20:05:00,99.42,99.68,99.23,99.53,13858
2024-01-05 20:06:00,99.51,99.66,99.3,99.53,20253
2024-01-05 20:07:00,99.47,99.6,99.36,99.47,21516
2024-01-05 20:08:00,99.45,99.58,99.38,99.51,48544
2024-01-05 20:09:00,99.51,99.63,99.21,99.44,18510
2024-01-05 20:10:00,99.41,99.56,99.29,99.46,19895
2024-01-05 20:11:00,99.54,99.82,99.21,99.42,5455
2024-01-05 20:12:00,99.43,99.71,99.12,99.4,6214
2024-01-05 20:13:00,99.47,99.53,99.14,99.42,29350
2024-01-05 20:14:00,99.47,99.54,99.17,99.45,41384
2024-01-05 20:15:00,99.48,99.7,99.3,99.51,16975
2024-01-05 20:16:00,99.51,99.74,99.24,99.51,55991
2024-01-05 20:17:00,99.41,99.73,99.26,99.53,5388
2024-01-05 20:18:00,99.55,99.63,99.26,99.5,32811
2024-01-05 20:19:00,99.48,99.59,99.25,99.51,9397
2024-01-05 20:20:00,99.44,99.72,99.29,99.54,8684
2024-01-05 20:21:00,99.52,99.73,99.28,99.53,10250
2024-01-05 20:22:00,99.58,99.86,99.32,99.44,20317
2024-01-05 20:23:00,99.53,99.82,99.17,99.46,34162
2024-01-05 20:24:00,99.43,99.73,99.16,99.48,31665
2024-01-05 20:25:00,99.48,99.71,99.38,99.44,16473
2024-01-05 20:26:00,99.51,99.7,99.14,99.38,41451
2024-01-05 20:27:00,99.34,99.73,99.15,99.45,118983
2024-01-05 20:28:00,99.38,99.72,99.15,99.48,19547
2024-01-05 20:29:00,99.43,99.58,99.34,99.46,24216
2024-01-05 20:30:00,99.54,99.78,99.3,99.41,11947
2024-01-05 20:31:00,99.34,99.48,99.13,99.37,14883
2024-01-05 20:32:00,99.33,99.68,99.14,99.43,76752
2024-01-05 20:33:00,99.42,99.71,99.32,99.44,77548
2024-01-05 20:34:00,99.51,99.62,99.2,99.41,18014
2024-01-05 20:35:00,99.5,99.75,99.25,99.44,35963
2024-01-05 20:36:00,99.42,99.47,99.18,99.4,55296
2024-01-05 20:37:00,99.48,99.73,99.35,99.47,14093
2024-01-05 20:38:00,99.4,99.6,99.22,99.54,5967
2024-01-05 20:39:00,99.47,99.57,99.32,99.51,43884
2024-01-05 20:40:00,99.6,99.66,99.38,99.48,53981
2024-01-05 20:41:00,99.48,99.63,99.28,99.35,46596
2024-01-05 20:42:00,99.29,99.37,99.02,99.28,15151
2024-01-05 20:43:00,99.28,99.34,98.99,99.21,101023
2024-01-05 20:44:00,99.27,99.52,99.14,99.22,29268
2024-01-05 20:45:00,99.28,99.38,98.99,99.2,6991
2024-01-05 20:46:00,99.28,99.4,98.97,99.14,4464
2024-01-05 20:47:00,99.15,99.41,99.04,99.12,16363
2024-01-05 20:48:00,99.2,99.4,98.86,99.15,27579
2024-01-05 20:49:00,99.15,99.24,99.09,99.17,16515
2024-01-05 20:50:00,99.2,99.38,98.79,99.08,161710
2024-01-05 20:51:00,99.13,99.24,98.94,99.07,32990
2024-01-05 20:52:00,99.06,99.13,98.87,99.0,8323
2024-01-05 20:53:00,98.92,99.11,98.77,99.05,2274
2024-01-05 20:54:00,99.02,99.28,98.73,99.09,27861
2024-01-05 20:55:00,99.11,99.37,98.79,99.04,59216
2024-01-05 20:56:00,98.98,99.11,98.91,99.01,142026
2024-01-05 20:57:00,98.94,99.18,98.76,98.98,17990
2024-01-05 20:58:00,98.94,99.12,98.8,98.87,123253
2024-01-05 20:59:00,98.78,99.06,98.69,98.89,5659
2024-01-05 21:00:00,98.94,99.09,98.81,98.87,15616
2024-01-05 21:01:00,98.83,99.18,98.77,98.92,7987
2024-01-05 21:02:00,98.85,99.15,98.59,98.87,48635
2024-01-05 21:03:00,98.91,99.14,98.55,98.84,5996
2024-01-05 21:04:00,98.91,98.97,98.56,98.76,32917
2024-01-05 21:05:00,98.67,98.97,98.59,98.71,6362
2024-01-05 21:06:00,98.66,98.85,98.51,98.66,127743
2024-01-05 21:07:00,98.74,98.9,98.43,98.7,15149
2024-01-05 21:08:00,98.68,98.86,98.6,98.67,32143
2024-01-05 21:09:00,98.76,99.04,98.58,98.68,3682
2024-01-05 21:10:00,98.63,98.93,98.34,98.66,4940
2024-01-05 21:11:00,98.6,98.87,98.38,98.59,10163
2024-01-05 21:12:00,98.54,98.82,98.32,98.59,51560
2024-01-05 21:13:00,98.5,98.78,98.39,98.62,42577
2024-01-05 21:14:00,98.69,98.81,98.33,98.56,65211
2024-01-05 21:15:00,98.65,98.85,98.4,98.6,4867
2024-01-05 21:16:00,98.69,98.9,98.31,98.55,36565
2024-01-05 21:17:00,98.62,98.86,98.46,98.53,12583
2024-01-05 21:18:00,98.6,98.74,98.44,98.56,9817
2024-01-05 21:19:00,98.59,98.77,98.46,98.52,12871
2024-01-05 21:20:00,98.59,98.83,98.45,98.53,19604
2024-01-05 21:21:00,98.47,98.63,98.23,98.51,42661
2024-01-05 21:22:00,98.49,98.58,98.28,98.52,67697
2024-01-05 21:23:00,98.54,98.82,98.2,98.4,37088
2024-01-05 21:24:00,98.47,98.7,98.07,98.31,41492
2024-01-05 21:25:00,98.34,98.45,98.15,98.34,136359
2024-01-05 21:26:00,98.41,98.53,98.28,98.39,44226
2024-01-05 21:27:00,98.39,98.48,98.15,98.35,17785
2024-01-05 21:28:00,98.39,98.63,98.07,98.33,39383
2024-01-05 21:29:00,98.43,98.58,98.21,98.35,121497
2024-01-05 21:30:00,98.28,98.6,98.04,98.38,9224
2024-01-05 21:31:00,98.47,98.58,98.16,98.28,14314
2024-01-05 21:32:00,98.29,98.47,98.08,98.24,93913
2024-01-05 21:33:00,98.27,98.49,98.05,98.22,16473
2024-01-05 21:34:00,98.3,98.37,98.17,98.26,47301
2024-01-05 21:35:00,98.24,98.65,98.14,98.38,79944
2024-01-05 21:36:00,98.36,98.43,98.14,98.37,6274
2024-01-05 21:37:00,98.37,98.59,98.1,98.3,14640
2024-01-05 21:38:00,98.21,98.49,97.92,98.32,73474
2024-01-05 21:39:00,98.32,98.46,98.14,98.39,19410
2024-01-05 21:40:00,98.34,98.58,98.29,98.39,2926
2024-01-05 21:41:00,98.47,98.63,98.1,98.35,13227
2024-01-05 21:42:00,98.26,98.56,98.0,98.39,48750
2024-01-05 21:43:00,98.38,98.63,98.15,98.43,78943
2024-01-05 21:44:00,98.51,98.76,98.16,98.38,23175
2024-01-05 21:45:00,98.45,98.69,98.17,98.39,35731
2024-01-05 21:46:00,98.43,98.63,98.24,98.44,15228
2024-01-05 21:47:00,98.46,98.6,98.21,98.5,54349
2024-01-05 21:48:00,98.46,98.62,98.28,98.5,91600
2024-01-05 21:49:00,98.47,98.59,98.25,98.48,47486
2024-01-05 21:50:00,98.4,98.83,98.15,98.54,19571
2024-01-05 21:51:00,98.6,98.8,98.29,98.48,33999
2024-01-05 21:52:00,98.45,98.67,98.35,98.5,57095
2024-01-05 21:53:00,98.54,98.67,98.29,98.44,22645
2024-01-05 21:54:00,98.41,98.77,98.25,98.49,49046
2024-01-05 21:55:00,98.48,98.67,98.2,98.47,31898
2024-01-05 21:56:00,98.49,98.71,98.37,98.54,91067
2024-01-05 21:57:00,98.6,98.74,98.42,98.56,44361
2024-01-05 21:58:00,98.5,98.73,98.38,98.5,13379
2024-01-05 21:59:00,98.48,98.8,98.21,98.57,89724
2024-01-05 22:00:00,98.5,98.78,98.42,98.65,34893
2024-01-05 22:01:00,98.56,98.9,98.43,98.69,19153
2024-01-05 22:02:00,98.71,98.89,98.45,98.65,5687
2024-01-05 22:03:00,98.59,98.79,98.32,98.64,27760
2024-01-05 22:04:00,98.55,98.79,98.43,98.65,137983
2024-01-05 22:05:00,98.72,98.99,98.53,98.61,1437
2024-01-05 22:06:00,98.62,98.77,98.34,98.69,1495
2024-01-05 22:07:00,98.62,98.8,98.54,98.7,47445
2024-01-05 22:08:00,98.61,98.8,98.51,98.57,27894
2024-01-05 22:09:00,98.49,98.79,98.33,98.59,43147
2024-01-05 22:10:00,98.58,98.79,98.45,98.57,13011
2024-01-05 22:11:00,98.6,98.87,98.45,98.56,2586
2024-01-05 22:12:00,98.59,98.8,98.26,98.55,9585
2024-01-05 22:13:00,98.48,98.73,98.39,98.59,104820
2024-01-05 22:14:00,98.61,98.71,98.33,98.64,14022
2024-01-05 22:15:00,98.62,98.89,98.35,98.66,14144
2024-01-05 22:16:00,98.65,98.87,98.5,98.64,1588
2024-01-05 22:17:00,98.7,98.78,98.36,98.64,3624
2024-01-05 22:18:00,98.6,98.81,98.46,98.64,66847
2024-01-05 22:19:00,98.57,98.79,98.49,98.6,16993
2024-01-05 22:20:00,98.67,98.8,98.42,98.63,59349
2024-01-05 22:21:00,98.57,98.72,98.49,98.65,10366
2024-01-05 22:22:00,98.61,98.9,98.41,98.73,5075
2024-01-05 22:23:00,98.77,98.88,98.71,98.79,16967
2024-01-05 22:24:00,98.82,99.11,98.7,98.75,12419
2024-01-05 22:25:00,98.81,98.86,98.66,98.79,9574
2024-01-05 22:26:00,98.73,98.85,98.54,98.75,9827
2024-01-05 22:27:00,98.72,99.05,98.55,98.78,19246
2024-01-05 22:28:00,98.71,99.0,98.43,98.76,13472
2024-01-05 22:29:00,98.76,98.86,98.54,98.71,8670
2024-01-05 22:30:00,98.66,98.93,98.53,98.72,133882
2024-01-05 22:31:00,98.76,98.99,98.36,98.59,34820
2024-01-05 22:32:00,98.49,98.65,98.42,98.5,25809
2024-01-05 22:33:00,98.41,98.54,98.27,98.49,20608
2024-01-05 22:34:00,98.48,98.57,98.24,98.5,42856
2024-01-05 22:35:00,98.59,98.72,98.26,98.48,37489
2024-01-05 22:36:00,98.55,98.69,98.16,98.4,7830
2024-01-05 22:37:00,98.5,98.77,98.1,98.36,4758
2024-01-05 22:38:00,98.34,98.55,98.27,98.38,2266
2024-01-05 22:39:00,98.29,98.55,98.14,98.41,132181
2024-01-05 22:40:00,98.37,98.69,98.18,98.41,14110
2024-01-05 22:41:00,98.44,98.67,98.2,98.46,39817
2024-01-05 22:42:00,98.39,98.67,98.2,98.48,26958
2024-01-05 22:43:00,98.44,98.56,98.38,98.45,54861
2024-01-05 22:44:00,98.36,98.66,98.1,98.43,20649
2024-01-05 22:45:00,98.43,98.58,98.18,98.36,5837
2024-01-05 22:46:00,98.31,98.48,98.15,98.36,7807
2024-01-05 22:47:00,98.28,98.51,98.04,98.41,15510
2024-01-05 22:48:00,98.4,98.62,98.21,98.45,4513
2024-01-05 22:49:00,98.42,98.57,98.22,98.52,9373
2024-01-05 22:50:00,98.52,98.62,98.36,98.5,6642
2024-01-05 22:51:00,98.55,98.72,98.39,98.57,15856
2024-01-05 22:52:00,98.49,98.66,98.23,98.56,13412
2024-01-05 22:53:00,98.62,98.79,98.42,98.63,24821
2024-01-05 22:54:00,98.54,98.83,98.34,98.63,51764
2024-01-05 22:55:00,98.62,98.85,98.37,98.66,17281
2024-01-05 22:56:00,98.68,98.99,98.53,98.74,4902
2024-01-05 22:57:00,98.83,99.03,98.65,98.73,2840
2024-01-05 22:58:00,98.74,98.81,98.57,98.74,25908
2024-01-05 22:59:00,98.67,99.07,98.46,98.8,11321
2024-01-05 23:00:00,98.81,99.02,98.71,98.8,18819
2024-01-05 23:01:00,98.77,98.94,98.58,98.73,30624
2024-01-05 23:02:00,98.73,99.08,98.64,98.84,93262
2024-01-05 23:03:00,98.78,99.0,98.5,98.81,3837
2024-01-05 23:04:00,98.81,99.09,98.55,98.82,8002
2024-01-05 23:05:00,98.75,99.02,98.47,98.88,20226
2024-01-05 23:06:00,98.93,99.17,98.59,98.85,7043
2024-01-05 23:07:00,98.87,99.15,98.52,98.8,4968
2024-01-05 23:08:00,98.71,98.92,98.63,98.81,81599
2024-01-05 23:09:00,98.89,99.11,98.53,98.72,7723
2024-01-05 23:10:00,98.74,98.88,98.49,98.71,5948
2024-01-05 23:11:00,98.67,98.78,98.61,98.72,6987
2024-01-05 23:12:00,98.63,98.84,98.53,98.71,65250
2024-01-05 23:13:00,98.73,98.96,98.35,98.63,10988
2024-01-05 23:14:00,98.61,98.92,98.39,98.71,5510
2024-01-05 23:15:00,98.79,98.84,98.54,98.71,9507
2024-01-05 23:16:00,98.62,99.04,98.41,98.78,20990
2024-01-05 23:17:00,98.69,98.88,98.43,98.77,53732
2024-01-05 23:18:00,98.86,99.15,98.61,98.73,49403
2024-01-05 23:19:00,98.82,98.92,98.61,98.74,10119
2024-01-05 23:20:00,98.65,98.8,98.38,98.73,12950
2024-01-05 23:21:00,98.77,99.05,98.47,98.67,180391
2024-01-05 23:22:00,98.62,98.98,98.4,98.75,59616
2024-01-05 23:23:00,98.79,98.93,98.51,98.71,17123
2024-01-05 23:24:00,98.79,99.04,98.37,98.62,2219
2024-01-05 23:25:00,98.55,98.76,98.38,98.69,13921
2024-01-05 23:26:00,98.64,98.81,98.4,98.66,5845
2024-01-05 23:27:00,98.57,98.81,98.44,98.63,9295
2024-01-05 23:28:00,98.54,98.77,98.38,98.55,8388
2024-01-05 23:29:00,98.45,98.75,98.19,98.63,17479
2024-01-05 23:30:00,98.69,98.77,98.52,98.57,23617
2024-01-05 23:31:00,98.53,98.66,98.44,98.57,10597
2024-01-05 23:32:00,98.57,98.8,98.37,98.62,6138
2024-01-05 23:33:00,98.67,98.83,98.54,98.64,18417
2024-01-05 23:34:00,98.64,98.72,98.46,98.64,13382
2024-01-05 23:35:00,98.62,98.81,98.43,98.55,3302
2024-01-05 23:36:00,98.46,98.62,98.39,98.51,40439
2024-01-05 23:37:00,98.53,98.58,98.45,98.52,10626
2024-01-05 23:38:00,98.45,98.71,98.31,98.48,16823
2024-01-05 23:39:00,98.53,98.59,98.32,98.49,17679
2024-01-05 23:40:00,98.44,98.71,98.29,98.53,21688
2024-01-05 23:41:00,98.56,98.65,98.32,98.57,25490
2024-01-05 23:42:00,98.6,98.82,98.37,98.51,5975
2024-01-05 23:43:00,98.54,98.76,98.45,98.62,30102
2024-01-05 23:44:00,98.58,98.89,98.38,98.66,15613
2024-01-05 23:45:00,98.61,98.73,98.47,98.66,65149
2024-01-05 23:46:00,98.73,99.0,98.55,98.71,49760
2024-01-05 23:47:00,98.62,98.96,98.41,98.83,82682
2024-01-05 23:48:00,98.77,98.87,98.58,98.76,8618
2024-01-05 23:49:00,98.78,98.99,98.49,98.75,79751
2024-01-05 23:50:00,98.81,99.03,98.49,98.63,24199
2024-01-05 23:51:00,98.6,98.88,98.33,98.64,43922
2024-01-05 23:52:00,98.67,98.84,98.61,98.66,43233
2024-01-05 23:53:00,98.67,98.94,98.57,98.66,34858
2024-01-05 23:54:00,98.57,98.7,98.44,98.62,7418
2024-01-05 23:55:00,98.65,98.79,98.28,98.52,57244
2024-01-05 23:56:00,98.58,98.73,98.48,98.54,31309
2024-01-05 23:57:00,98.64,98.84,98.4,98.61,5048
2024-01-05 23:58:00,98.52,98.83,98.37,98.58,13579
2024-01-05 23:59:00,98.61,98.69,98.42,98.6,6548
2024-01-06 00:00:00,98.59,98.67,98.47,98.53,5291
2024-01-06 00:01:00,98.43,98.79,98.28,98.55,51705
2024-01-06 00:02:00,98.57,98.75,98.32,98.53,5017
2024-01-06 00:03:00,98.46,98.64,98.39,98.49,5877
2024-01-06 00:04:00,98.47,98.58,98.36,98.46,159248
2024-01-06 00:05:00,98.41,98.73,98.18,98.44,14074
2024-01-06 00:06:00,98.41,98.62,98.34,98.46,42517
2024-01-06 00:07:00,98.45,98.53,98.14,98.39,67834
2024-01-06 00:08:00,98.36,98.65,98.31,98.37,47772
2024-01-06 00:09:00,98.38,98.65,98.23,98.37,25580
2024-01-06 00:10:00,98.32,98.42,98.24,98.32,21220
2024-01-06 00:11:00,98.34,98.64,98.18,98.4,37707
2024-01-06 00:12:00,98.47,98.73,98.26,98.36,17594
2024-01-06 00:13:00,98.31,98.54,98.23,98.33,44129
2024-01-06 00:14:00,98.33,98.4,98.2,98.28,17001
2024-01-06 00:15:00,98.31,98.62,98.1,98.37,19043
2024-01-06 00:16:00,98.38,98.49,98.24,98.4,144604
2024-01-06 00:17:00,98.37,98.61,98.23,98.35,13624
2024-01-06 00:18:00,98.38,98.68,98.1,98.4,22454
2024-01-06 00:19:00,98.31,98.6,98.11,98.41,33879
2024-01-06 00:20:00,98.39,98.64,98.28,98.43,36126
2024-01-06 00:21:00,98.43,98.57,98.33,98.41,29521
2024-01-06 00:22:00,98.32,98.65,98.09,98.37,6308
2024-01-06 00:23:00,98.37,98.45,98.19,98.39,25901
2024-01-06 00:24:00,98.42,98.55,98.11,98.36,28080
2024-01-06 00:25:00,98.41,98.59,98.21,98.45,68868
2024-01-06 00:26:00,98.38,98.48,98.19,98.39,46131
2024-01-06 00:27:00,98.49,98.61,98.38,98.47,73560
2024-01-06 00:28:00,98.49,98.69,98.25,98.46,8077
2024-01-06 00:29:00,98.43,98.77,98.22,98.47,8135
2024-01-06 00:30:00,98.43,98.69,98.15,98.52,30579
2024-01-06 00:31:00,98.53,98.78,98.3,98.48,68381
2024-01-06 00:32:00,98.56,98.74,98.25,98.53,18025
2024-01-06 00:33:00,98.53,98.73,98.17,98.39,10506
2024-01-06 00:34:00,98.43,98.5,98.13,98.36,4440
2024-01-06 00:35:00,98.33,98.44,98.24,98.31,31666
2024-01-06 00:36:00,98.29,98.55,98.03,98.25,19674
2024-01-06 00:37:00,98.21,98.39,98.05,98.24,14271
2024-01-06 00:38:00,98.28,98.38,98.21,98.26,54458
2024-01-06 00:39:00,98.23,98.43,98.15,98.29,20195
2024-01-06 00:40:00,98.23,98.46,97.98,98.31,22046
2024-01-06 00:41:00,98.28,98.36,98.2,98.27,54169
2024-01-06 00:42:00,98.34,98.61,98.06,98.29,196956
2024-01-06 00:43:00,98.34,98.4,98.23,98.3,14122
2024-01-06 00:44:00,98.27,98.56,98.13,98.34,9170
2024-01-06 00:45:00,98.42,98.65,98.23,98.38,8192
2024-01-06 00:46:00,98.3,98.67,98.08,98.38,35483
2024-01-06 00:47:00,98.29,98.4,98.16,98.34,7401
2024-01-06 00:48:00,98.27,98.49,98.18,98.31,15165
2024-01-06 00:49:00,98.23,98.33,98.16,98.28,16559
2024-01-06 00:50:00,98.2,98.44,97.99,98.26,104443
2024-01-06 00:51:00,98.3,98.37,98.07,98.28,72610
2024-01-06 00:52:00,98.3,98.51,98.02,98.31,4737
2024-01-06 00:53:00,98.34,98.6,98.03,98.31,107454
2024-01-06 00:54:00,98.35,98.63,98.15,98.31,6527
2024-01-06 00:55:00,98.36,98.53,98.2,98.32,25855
2024-01-06 00:56:00,98.26,98.47,98.17,98.29,9561
2024-01-06 00:57:00,98.32,98.53,98.19,98.25,14938
2024-01-06 00:58:00,98.26,98.37,98.06,98.16,8263
2024-01-06 00:59:00,98.25,98.53,98.04,98.13,117656
2024-01-06 01:00:00,98.07,98.42,98.0,98.15,19147
2024-01-06 01:01:00,98.06,98.32,97.94,98.12,27600
2024-01-06 01:02:00,98.15,98.27,97.81,98.1,7538
2024-01-06 01:03:00,98.15,98.26,98.03,98.13,5350
2024-01-06 01:04:00,98.08,98.35,97.85,98.15,14127
2024-01-06 01:05:00,98.17,98.46,97.88,98.1,37103
2024-01-06 01:06:00,98.01,98.34,97.86,98.15,19507
2024-01-06 01:07:00,98.24,98.43,98.01,98.2,58368
2024-01-06 01:08:00,98.13,98.25,97.91,98.15,24938
2024-01-06 01:09:00,98.06,98.21,97.89,98.11,22169
2024-01-06 01:10:00,98.02,98.28,97.89,98.17,37613
2024-01-06 01:11:00,98.15,98.36,98.09,98.16,24350
2024-01-06 01:12:00,98.08,98.13,97.97,98.05,56614
2024-01-06 01:13:00,98.1,98.19,97.88,97.98,38376
2024-01-06 01:14:00,98.06,98.3,97.81,97.97,54773
2024-01-06 01:15:00,97.92,98.09,97.71,97.91,45091
2024-01-06 01:16:00,97.94,98.17,97.84,97.89,85842
2024-01-06 01:17:00,97.8,98.15,97.51,97.89,50459
2024-01-06 01:18:00,97.87,98.04,97.66,97.97,126449
2024-01-06 01:19:00,97.93,98.0,97.86,97.95,12820
2024-01-06 01:20:00,97.9,98.12,97.64,98.0,50755
2024-01-06 01:21:00,98.03,98.28,97.87,98.07,5537
2024-01-06 01:22:00,98.0,98.3,97.84,98.14,56787
2024-01-06 01:23:00,98.22,98.34,97.89,98.16,23305
2024-01-06 01:24:00,98.19,98.38,97.89,98.06,56207
2024-01-06 01:25:00,98.1,98.27,97.81,98.08,118126
2024-01-06 01:26:00,98.17,98.4,98.05,98.14,49074
2024-01-06 01:27:00,98.22,98.38,98.01,98.13,14577
2024-01-06 01:28:00,98.14,98.51,97.99,98.22,7420
2024-01-06 01:29:00,98.22,98.33,98.07,98.26,37647
2024-01-06 01:30:00,98.23,98.42,98.03,98.29,16548
2024-01-06 01:31:00,98.33,98.45,98.27,98.34,42770
2024-01-06 01:32:00,98.35,98.43,98.23,98.36,13269
2024-01-06 01:33:00,98.44,98.58,97.98,98.24,8695
2024-01-06 01:34:00,98.18,98.33,98.13,98.21,17296
2024-01-06 01:35:00,98.17,98.51,97.91,98.27,36350
2024-01-06 01:36:00,98.23,98.4,98.11,98.23,24889
2024-01-06 01:37:00,98.29,98.53,98.17,98.22,9768
2024-01-06 01:38:00,98.14,98.44,97.88,98.17,133320
2024-01-06 01:39:00,98.16,98.44,98.04,98.26,19172
2024-01-06 01:40:00,98.24,98.4,97.95,98.34,2294
2024-01-06 01:41:00,98.25,98.53,98.12,98.29,55954
2024-01-06 01:42:00,98.28,98.36,98.07,98.3,21783
2024-01-06 01:43:00,98.3,98.6,98.05,98.27,18573
2024-01-06 01:44:00,98.18,98.37,98.03,98.3,18207
2024-01-06 01:45:00,98.3,98.4,98.03,98.32,18310
2024-01-06 01:46:00,98.41,98.54,98.13,98.36,116888
2024-01-06 01:47:00,98.46,98.53,98.3,98.38,35050
2024-01-06 01:48:00,98.39,98.74,98.13,98.52,28577
2024-01-06 01:49:00,98.53,98.63,98.32,98.47,16937
2024-01-06 01:50:00,98.43,98.63,98.14,98.39,124054
2024-01-06 01:51:00,98.49,98.69,98.3,98.37,51171
2024-01-06 01:52:00,98.33,98.51,98.03,98.29,59222
2024-01-06 01:53:00,98.28,98.55,98.03,98.22,29090
2024-01-06 01:54:00,98.12,98.46,98.05,98.17,59870
2024-01-06 01:55:00,98.14,98.31,97.89,98.13,32636
2024-01-06 01:56:00,98.04,98.16,97.75,98.08,15194
2024-01-06 01:57:00,98.13,98.26,97.97,98.1,31869
2024-01-06 01:58:00,98.12,98.22,97.96,98.08,179348
2024-01-06 01:59:00,98.09,98.28,97.92,98.07,27006
2024-01-06 02:00:00,98.03,98.21,97.78,98.11,78446
2024-01-06 02:01:00,98.18,98.24,97.82,98.08,72502
2024-01-06 02:02:00,97.98,98.18,97.81,98.06,38671
2024-01-06 02:03:00,98.03,98.22,97.84,98.08,115470
2024-01-06 02:04:00,98.11,98.36,97.69,97.99,2507
2024-01-06 02:05:00,98.07,98.19,97.68,97.87,3510
2024-01-06 02:06:00,97.82,98.05,97.52,97.89,123973
2024-01-06 02:07:00,97.89,98.16,97.75,97.91,11528
2024-01-06 02:08:00,97.92,98.18,97.81,98.01,24631
2024-01-06 02:09:00,98.08,98.32,97.76,98.02,126826
2024-01-06 02:10:00,97.93,98.35,97.74,98.06,26893
2024-01-06 02:11:00,98.04,98.26,97.89,98.05,119325
2024-01-06 02:12:00,97.99,98.26,97.85,98.06,14939
2024-01-06 02:13:00,97.97,98.38,97.92,98.15,40777
2024-01-06 02:14:00,98.08,98.13,97.82,98.04,23344
2024-01-06 02:15:00,98.14,98.41,97.86,98.06,97795
2024-01-06 02:16:00,98.01,98.39,97.76,98.17,16956
2024-01-06 02:17:00,98.25,98.39,98.11,98.18,8397
2024-01-06 02:18:00,98.12,98.54,97.84,98.26,13799
2024-01-06 02:19:00,98.35,98.5,98.13,98.23,14425
2024-01-06 02:20:00,98.26,98.53,98.01,98.23,11531
2024-01-06 02:21:00,98.15,98.28,98.08,98.23,11062
2024-01-06 02:22:00,98.25,98.54,98.06,98.12,67623
2024-01-06 02:23:00,98.09,98.21,97.88,98.07,90022
2024-01-06 02:24:00,98.04,98.14,97.91,98.01,32595
2024-01-06 02:25:00,98.0,98.19,97.88,98.05,11529
2024-01-06 02:26:00,98.04,98.34,97.86,98.09,12282
2024-01-06 02:27:00,98.13,98.24,97.98,98.11,2771
2024-01-06 02:28:00,98.16,98.22,98.09,98.15,32198
2024-01-06 02:29:00,98.12,98.37,98.04,98.14,11128
2024-01-06 02:30:00,98.23,98.39,97.95,98.2,95903
2024-01-06 02:31:00,98.29,98.43,98.07,98.2,5551
2024-01-06 02:32:00,98.11,98.47,97.85,98.2,12181
2024-01-06 02:33:00,98.11,98.46,97.92,98.19,20019
2024-01-06 02:34:00,98.18,98.51,97.93,98.23,35074
2024-01-06 02:35:00,98.24,98.39,98.0,98.2,133645
2024-01-06 02:36:00,98.16,98.33,97.98,98.25,5594
2024-01-06 02:37:00,98.21,98.32,98.08,98.2,16286
2024-01-06 02:38:00,98.23,98.31,98.01,98.14,5280
2024-01-06 02:39:00,98.16,98.34,97.97,98.18,48530
2024-01-06 02:40:00,98.11,98.3,97.87,98.17,11534
2024-01-06 02:41:00,98.25,98.43,97.94,98.15,19864
2024-01-06 02:42:00,98.19,98.31,97.94,98.19,18540
2024-01-06 02:43:00,98.17,98.37,97.9,98.16,24742
2024-01-06 02:44:00,98.2,98.29,98.01,98.15,18839
2024-01-06 02:45:00,98.08,98.3,97.98,98.22,8335
2024-01-06 02:46:00,98.22,98.44,97.95,98.3,23978
2024-01-06 02:47:00,98.23,98.56,98.1,98.38,9952
2024-01-06 02:48:00,98.29,98.59,98.23,98.36,49739
2024-01-06 02:49:00,98.33,98.56,98.13,98.42,23328
2024-01-06 02:50:00,98.35,98.57,98.16,98.38,7787
2024-01-06 02:51:00,98.4,98.5,98.2,98.33,244476
2024-01-06 02:52:00,98.37,98.64,97.93,98.22,115711
2024-01-06 02:53:00,98.15,98.42,97.94,98.3,253589
2024-01-06 02:54:00,98.2,98.36,98.07,98.26,15632
2024-01-06 02:55:00,98.31,98.56,98.08,98.25,9554
2024-01-06 02:56:00,98.15,98.46,97.95,98.2,49340
2024-01-06 02:57:00,98.17,98.44,98.12,98.24,66704
2024-01-06 02:58:00,98.24,98.47,97.93,98.22,26815
2024-01-06 02:59:00,98.28,98.45,98.07,98.16,2687
2024-01-06 03:00:00,98.22,98.51,98.06,98.18,8257
2024-01-06 03:01:00,98.22,98.37,98.04,98.11,33607
2024-01-06 03:02:00,98.06,98.14,97.96,98.07,11382
2024-01-06 03:03:00,98.11,98.29,97.78,97.96,5625
2024-01-06 03:04:00,97.91,98.11,97.7,97.89,17023
2024-01-06 03:05:00,97.84,98.07,97.59,97.9,856
2024-01-06 03:06:00,97.91,98.19,97.69,97.81,12048
2024-01-06 03:07:00,97.84,97.92,97.58,97.73,14385
2024-01-06 03:08:00,97.65,97.79,97.38,97.73,30043
2024-01-06 03:09:00,97.65,97.81,97.46,97.71,38086
2024-01-06 03:10:00,97.76,97.88,97.58,97.8,32135
2024-01-06 03:11:00,97.87,97.95,97.64,97.89,54027
2024-01-06 03:12:00,97.91,98.2,97.73,97.85,18620
2024-01-06 03:13:00,97.84,97.99,97.68,97.88,5137
2024-01-06 03:14:00,97.95,98.15,97.82,97.92,23021
2024-01-06 03:15:00,97.96,98.21,97.79,97.89,9177
2024-01-06 03:16:00,97.9,97.95,97.64,97.81,5670
2024-01-06 03:17:00,97.78,97.89,97.56,97.81,39301
2024-01-06 03:18:00,97.75,97.89,97.5,97.8,5362
2024-01-06 03:19:00,97.79,97.95,97.6,97.78,43486
2024-01-06 03:20:00,97.74,97.9,97.66,97.8,6050
2024-01-06 03:21:00,97.77,97.98,97.66,97.77,16472
2024-01-06 03:22:00,97.77,97.91,97.55,97.71,12531
2024-01-06 03:23:00,97.65,97.82,97.4,97.72,68658
2024-01-06 03:24:00,97.78,98.06,97.58,97.74,39908
2024-01-06 03:25:00,97.67,97.95,97.4,97.68,9660
2024-01-06 03:26:00,97.67,97.81,97.58,97.72,18814
2024-01-06 03:27:00,97.77,97.94,97.46,97.64,83234
2024-01-06 03:28:00,97.63,97.77,97.48,97.61,98029
2024-01-06 03:29:00,97.58,97.75,97.36,97.6,5603
2024-01-06 03:30:00,97.59,97.66,97.34,97.57,82141
2024-01-06 03:31:00,97.63,97.91,97.3,97.54,76088
2024-01-06 03:32:00,97.63,97.73,97.56,97.63,26333
2024-01-06 03:33:00,97.65,97.82,97.31,97.59,20115
2024-01-06 03:34:00,97.64,97.96,97.46,97.71,12702
2024-01-06 03:35:00,97.61,97.81,97.39,97.73,6289
2024-01-06 03:36:00,97.8,98.05,97.46,97.73,30913
2024-01-06 03:37:00,97.82,98.02,97.58,97.76,18581
2024-01-06 03:38:00,97.77,98.08,97.49,97.88,34027
2024-01-06 03:39:00,97.93,98.13,97.72,97.83,34850
2024-01-06 03:40:00,97.83,98.04,97.51,97.78,273184
2024-01-06 03:41:00,97.73,97.93,97.56,97.74,72888
2024-01-06 03:42:00,97.81,98.04,97.53,97.74,38059
2024-01-06 03:43:00,97.76,97.82,97.43,97.66,2599
2024-01-06 03:44:00,97.67,97.82,97.38,97.66,32607
2024-01-06 03:45:00,97.69,98.03,97.53,97.74,107180
2024-01-06 03:46:00,97.81,98.1,97.62,97.75,14372
2024-01-06 03:47:00,97.79,98.01,97.67,97.73,196945
2024-01-06 03:48:00,97.68,97.79,97.42,97.7,37943
2024-01-06 03:49:00,97.7,98.01,97.52,97.75,29571
2024-01-06 03:50:00,97.84,97.97,97.55,97.71,8178
2024-01-06 03:51:00,97.72,98.06,97.62,97.8,99081
2024-01-06 03:52:00,97.88,98.01,97.64,97.89,9598
2024-01-06 03:53:00,97.95,98.23,97.83,97.9,12526
2024-01-06 03:54:00,97.94,98.18,97.7,97.9,3357
2024-01-06 03:55:00,97.87,98.06,97.64,97.95,53968
2024-01-06 03:56:00,97.92,98.24,97.83,98.01,39642
2024-01-06 03:57:00,98.04,98.21,97.73,97.97,22252
2024-01-06 03:58:00,97.95,98.05,97.78,97.94,46177
2024-01-06 03:59:00,98.0,98.08,97.75,97.88,42023
2024-01-06 04:00:00,97.93,98.03,97.73,97.9,15282
2024-01-06 04:01:00,97.86,98.01,97.72,97.93,10048
2024-01-06 04:02:00,97.97,98.09,97.63,97.86,3962
2024-01-06 04:03:00,97.86,98.08,97.77,97.84,18440
2024-01-06 04:04:00,97.81,98.09,97.55,97.78,5954
2024-01-06 04:05:00,97.76,97.96,97.57,97.73,25917
2024-01-06 04:06:00,97.81,97.9,97.48,97.76,18761
2024-01-06 04:07:00,97.73,97.78,97.51,97.72,14734
2024-01-06 04:08:00,97.68,97.88,97.41,97.71,62725
2024-01-06 04:09:00,97.68,97.82,97.45,97.63,8214
2024-01-06 04:10:00,97.57,97.87,97.51,97.64,3470
2024-01-06 04:11:00,97.65,97.71,97.54,97.64,17581
2024-01-06 04:12:00,97.57,97.68,97.52,97.6,10509
2024-01-06 04:13:00,97.66,97.86,97.35,97.59,24873
2024-01-06 04:14:00,97.54,97.88,97.38,97.6,8834
2024-01-06 04:15:00,97.62,97.74,97.3,97.56,33541
2024-01-06 04:16:00,97.49,97.74,97.29,97.49,8325
2024-01-06 04:17:00,97.58,97.7,97.31,97.58,8236
2024-01-06 04:18:00,97.57,97.66,97.49,97.55,40799
2024-01-06 04:19:00,97.61,97.85,97.35,97.54,21026
2024-01-06 04:20:00,97.59,97.7,97.38,97.59,6720
2024-01-06 04:21:00,97.63,98.0,97.38,97.76,8503
2024-01-06 04:22:00,97.83,97.94,97.65,97.7,15171
2024-01-06 04:23:00,97.62,97.9,97.37,97.72,7023
2024-01-06 04:24:00,97.76,97.86,97.54,97.69,16515
2024-01-06 04:25:00,97.64,97.77,97.59,97.66,17107
2024-01-06 04:26:00,97.72,97.99,97.55,97.63,8803
2024-01-06 04:27:00,97.72,97.95,97.44,97.57,42194
2024-01-06 04:28:00,97.65,97.77,97.29,97.57,7939
2024-01-06 04:29:00,97.5,97.71,97.28,97.5,76547
2024-01-06 04:30:00,97.47,97.78,97.34,97.54,17703
2024-01-06 04:31:00,97.52,97.73,97.4,97.55,11388
2024-01-06 04:32:00,97.47,97.82,97.28,97.57,37773
2024-01-06 04:33:00,97.49,97.65,97.22,97.55,22798
2024-01-06 04:34:00,97.52,97.72,97.35,97.53,47093
2024-01-06 04:35:00,97.62,97.68,97.27,97.54,2977
2024-01-06 04:36:00,97.55,97.84,97.3,97.48,36932
2024-01-06 04:37:00,97.51,97.67,97.33,97.47,13104
2024-01-06 04:38:00,97.46,97.58,97.24,97.43,22870
2024-01-06 04:39:00,97.46,97.54,97.11,97.38,20167
2024-01-06 04:40:00,97.47,97.56,97.05,97.28,84678
2024-01-06 04:41:00,97.3,97.47,97.19,97.34,3427
2024-01-06 04:42:00,97.26,97.5,97.03,97.31,110646
2024-01-06 04:43:00,97.31,97.59,97.2,97.37,44642
2024-01-06 04:44:00,97.46,97.59,97.16,97.42,25645
2024-01-06 04:45:00,97.4,97.62,97.14,97.36,5252
2024-01-06 04:46:00,97.38,97.49,97.06,97.3,4137
2024-01-06 04:47:00,97.23,97.56,97.08,97.43,12569
2024-01-06 04:48:00,97.36,97.63,97.28,97.51,41568
2024-01-06 04:49:00,97.59,97.74,97.46,97.51,21894
2024-01-06 04:50:00,97.47,97.69,97.25,97.53,39270
2024-01-06 04:51:00,97.49,97.78,97.42,97.49,5098
2024-01-06 04:52:00,97.47,97.63,97.3,97.52,23026
2024-01-06 04:53:00,97.61,97.7,97.4,97.48,65866
2024-01-06 04:54:00,97.4,97.56,97.19,97.38,94078
2024-01-06 04:55:00,97.44,97.69,97.03,97.32,6285
2024-01-06 04:56:00,97.29,97.56,97.18,97.32,15491
2024-01-06 04:57:00,97.39,97.62,97.08,97.26,15665
2024-01-06 04:58:00,97.36,97.52,96.98,97.26,11773
2024-01-06 04:59:00,97.23,97.45,96.99,97.21,54598
2024-01-06 05:00:00,97.14,97.22,96.88,97.17,389054
2024-01-06 05:01:00,97.1,97.45,96.98,97.21,7232
2024-01-06 05:02:00,97.26,97.38,97.16,97.22,33683
2024-01-06 05:03:00,97.15,97.28,96.94,97.22,29600
2024-01-06 05:04:00,97.18,97.36,96.9,97.27,30241
2024-01-06 05:05:00,97.21,97.54,97.07,97.29,83533
2024-01-06 05:06:00,97.26,97.5,97.13,97.36,31993
2024-01-06 05:07:00,97.28,97.41,97.22,97.34,2601
2024-01-06 05:08:00,97.41,97.57,97.04,97.32,5235
2024-01-06 05:09:00,97.39,97.66,97.01,97.25,7578
2024-01-06 05:10:00,97.24,97.44,96.98,97.23,10419
2024-01-06 05:11:00,97.25,97.45,97.16,97.28,19156
2024-01-06 05:12:00,97.31,97.56,97.03,97.34,17770
2024-01-06 05:13:00,97.39,97.44,97.28,97.39,3556
2024-01-06 05:14:00,97.39,97.51,97.23,97.3,4408
2024-01-06 05:15:00,97.3,97.46,97.16,97.35,2646
2024-01-06 05:16:00,97.38,97.66,97.01,97.26,4656
2024-01-06 05:17:00,97.3,97.59,97.23,97.31,59347
2024-01-06 05:18:00,97.28,97.35,97.2,97.29,16806
2024-01-06 05:19:00,97.26,97.6,97.17,97.32,8495
2024-01-06 05:20:00,97.28,97.47,97.16,97.26,3237
2024-01-06 05:21:00,97.27,97.37,97.2,97.32,7999
2024-01-06 05:22:00,97.29,97.51,97.15,97.25,40424
2024-01-06 05:23:00,97.25,97.36,97.07,97.21,35442
2024-01-06 05:24:00,97.19,97.4,97.0,97.16,17112
2024-01-06 05:25:00,97.23,97.51,96.93,97.08,16864
2024-01-06 05:26:00,97.0,97.18,96.82,97.08,3747
2024-01-06 05:27:00,97.1,97.33,96.86,97.17,10136
2024-01-06 05:28:00,97.19,97.58,96.93,97.3,38391
2024-01-06 05:29:00,97.28,97.45,97.18,97.31,11216
2024-01-06 05:30:00,97.29,97.63,97.15,97.36,111689
2024-01-06 05:31:00,97.42,97.66,97.08,97.37,73538
2024-01-06 05:32:00,97.33,97.59,97.16,97.4,13991
2024-01-06 05:33:00,97.47,97.69,97.28,97.38,16892
2024-01-06 05:34:00,97.46,97.62,97.26,97.39,203429
2024-01-06 05:35:00,97.42,97.51,97.22,97.41,51389
2024-01-06 05:36:00,97.47,97.66,97.15,97.39,23630
2024-01-06 05:37:00,97.41,97.67,97.28,97.38,26521
2024-01-06 05:38:00,97.39,97.63,97.24,97.38,25562
2024-01-06 05:39:00,97.47,97.67,97.16,97.42,21655
2024-01-06 05:40:00,97.38,97.49,97.17,97.37,7547
2024-01-06 05:41:00,97.3,97.53,97.06,97.37,14730
2024-01-06 05:42:00,97.32,97.68,97.09,97.46,5239
2024-01-06 05:43:00,97.48,97.63,97.26,97.52,45470
2024-01-06 05:44:00,97.45,97.78,97.29,97.58,19293
2024-01-06 05:45:00,97.66,97.8,97.45,97.58,47833
2024-01-06 05:46:00,97.57,97.65,97.48,97.6,6158
2024-01-06 05:47:00,97.67,97.73,97.39,97.65,91315
2024-01-06 05:48:00,97.6,97.98,97.34,97.72,80636
2024-01-06 05:49:00,97.69,97.94,97.53,97.63,4562
2024-01-06 05:50:00,97.54,97.73,97.27,97.56,13281
2024-01-06 05:51:00,97.52,97.86,97.47,97.63,14804
2024-01-06 05:52:00,97.63,97.79,97.56,97.61,5229
2024-01-06 05:53:00,97.7,97.82,97.43,97.58,16985
2024-01-06 05:54:00,97.56,97.83,97.31,97.52,38487
2024-01-06 05:55:00,97.55,97.68,97.33,97.49,13774
2024-01-06 05:56:00,97.48,97.73,97.3,97.43,3972
2024-01-06 05:57:00,97.34,97.73,97.22,97.53,47690
2024-01-06 05:58:00,97.53,97.69,97.47,97.53,9979
2024-01-06 05:59:00,97.44,97.78,97.38,97.52,11089
2024-01-06 06:00:00,97.6,97.7,97.42,97.55,118337
2024-01-06 06:01:00,97.6,97.8,97.37,97.6,32749
2024-01-06 06:02:00,97.58,97.71,97.52,97.64,9807
2024-01-06 06:03:00,97.67,97.94,97.45,97.7,6706
2024-01-06 06:04:00,97.62,97.92,97.41,97.67,57866
2024-01-06 06:05:00,97.71,97.94,97.51,97.65,54016
2024-01-06 06:06:00,97.72,97.91,97.44,97.69,13270
2024-01-06 06:07:00,97.75,97.84,97.51,97.66,6254
2024-01-06 06:08:00,97.62,97.89,97.44,97.66,32389
2024-01-06 06:09:00,97.62,97.9,97.5,97.68,39891
2024-01-06 06:10:00,97.69,97.78,97.63,97.72,15172
2024-01-06 06:11:00,97.81,98.09,97.36,97.63,7308
2024-01-06 06:12:00,97.72,97.82,97.58,97.67,22578
2024-01-06 06:13:00,97.64,97.71,97.54,97.66,34952
2024-01-06 06:14:00,97.71,97.84,97.58,97.69,13533
2024-01-06 06:15:00,97.77,98.02,97.5,97.73,28620
2024-01-06 06:16:00,97.68,97.88,97.46,97.81,31601
2024-01-06 06:17:00,97.87,98.05,97.79,97.88,69248
2024-01-06 06:18:00,97.83,98.17,97.76,97.94,14462
2024-01-06 06:19:00,97.91,98.1,97.83,98.01,7049
2024-01-06 06:20:00,97.95,98.31,97.73,98.03,20592
2024-01-06 06:21:00,98.03,98.18,97.78,98.03,119074
2024-01-06 06:22:00,98.1,98.2,97.79,98.07,3777
2024-01-06 06:23:00,98.08,98.33,97.89,98.11,2179
2024-01-06 06:24:00,98.03,98.34,97.83,98.09,19770
2024-01-06 06:25:00,98.04,98.38,97.79,98.11,15073
2024-01-06 06:26:00,98.12,98.22,98.0,98.11,17883
2024-01-06 06:27:00,98.13,98.19,97.96,98.07,17230
2024-01-06 06:28:00,98.08,98.26,98.03,98.13,60208
2024-01-06 06:29:00,98.05,98.26,97.81,98.13,21110
2024-01-06 06:30:00,98.18,98.49,98.13,98.23,49990
2024-01-06 06:31:00,98.31,98.37,98.07,98.15,1849
2024-01-06 06:32:00,98.16,98.42,97.96,98.13,12977
2024-01-06 06:33:00,98.17,98.46,97.86,98.13,9746
2024-01-06 06:34:00,98.21,98.48,98.1,98.18,2242
2024-01-06 06:35:00,98.21,98.38,97.91,98.2,24425
2024-01-06 06:36:00,98.24,98.32,98.03,98.22,19924
2024-01-06 06:37:00,98.26,98.4,98.02,98.16,13807
2024-01-06 06:38:00,98.12,98.38,97.91,98.11,19419
2024-01-06 06:39:00,98.12,98.36,97.91,98.12,24425
2024-01-06 06:40:00,98.19,98.37,97.81,98.06,60663
2024-01-06 06:41:00,98.02,98.32,97.73,98.03,41878
2024-01-06 06:42:00,98.11,98.35,97.89,98.05,30593
2024-01-06 06:43:00,98.08,98.17,97.95,98.01,221292
2024-01-06 06:44:00,97.99,98.19,97.86,98.09,10850
2024-01-06 06:45:00,98.11,98.23,98.01,98.15,5653
2024-01-06 06:46:00,98.13,98.2,97.89,98.07,71264
2024-01-06 06:47:00,98.13,98.21,97.79,98.02,142463
2024-01-06 06:48:00,98.02,98.15,97.7,97.91,11670
2024-01-06 06:49:00,97.99,98.25,97.8,97.87,87360
2024-01-06 06:50:00,97.87,98.2,97.67,97.91,12920
2024-01-06 06:51:00,97.94,98.0,97.76,97.89,39527
2024-01-06 06:52:00,97.99,98.25,97.72,97.91,41784
2024-01-06 06:53:00,97.84,97.96,97.56,97.84,11718
2024-01-06 06:54:00,97.88,98.13,97.65,97.88,139626
2024-01-06 06:55:00,97.81,98.12,97.57,97.85,156620
2024-01-06 06:56:00,97.92,98.03,97.66,97.85,7933
2024-01-06 06:57:00,97.87,98.12,97.75,97.85,26931
2024-01-06 06:58:00,97.93,98.02,97.7,97.78,54967
2024-01-06 06:59:00,97.85,97.95,97.65,97.73,3352
2024-01-06 07:00:00,97.64,98.03,97.4,97.77,22611
2024-01-06 07:01:00,97.7,97.88,97.48,97.79,4216
2024-01-06 07:02:00,97.81,98.05,97.7,97.85,42936
2024-01-06 07:03:00,97.85,97.97,97.74,97.86,24003
2024-01-06 07:04:00,97.8,98.1,97.67,97.87,15157
2024-01-06 07:05:00,97.8,97.91,97.73,97.78,4596
2024-01-06 07:06:00,97.8,98.07,97.54,97.77,12105
2024-01-06 07:07:00,97.68,97.93,97.4,97.77,37019
2024-01-06 07:08:00,97.84,97.99,97.63,97.86,21142
2024-01-06 07:09:00,97.92,98.05,97.77,97.9,72586
2024-01-06 07:10:00,97.95,98.23,97.71,97.97,68033
2024-01-06 07:11:00,97.88,98.12,97.81,98.0,65205
2024-01-06 07:12:00,97.91,98.1,97.68,97.97,12864
2024-01-06 07:13:00,97.98,98.05,97.76,97.97,29583
2024-01-06 07:14:00,98.07,98.34,97.89,97.99,8389
2024-01-06 07:15:00,97.95,98.21,97.88,97.94,6248
2024-01-06 07:16:00,97.91,98.13,97.67,97.92,71815
2024-01-06 07:17:00,97.85,98.07,97.75,97.91,6724
2024-01-06 07:18:00,97.94,98.26,97.89,97.99,6039
2024-01-06 07:19:00,98.02,98.2,97.75,97.89,24469
2024-01-06 07:20:00,97.81,98.11,97.63,97.95,16803
2024-01-06 07:21:00,97.94,98.12,97.8,97.9,18320
2024-01-06 07:22:00,97.93,98.15,97.78,97.83,220941
2024-01-06 07:23:00,97.83,97.94,97.67,97.89,8148
2024-01-06 07:24:00,97.92,98.11,97.81,97.93,36135
2024-01-06 07:25:00,97.99,98.17,97.81,97.99,24021
2024-01-06 07:26:00,98.02,98.16,97.82,98.03,60435
2024-01-06 07:27:00,98.05,98.41,97.88,98.13,10038
2024-01-06 07:28:00,98.2,98.44,98.05,98.16,17597
2024-01-06 07:29:00,98.23,98.47,97.94,98.15,24689
2024-01-06 07:30:00,98.13,98.37,97.86,98.16,5251
2024-01-06 07:31:00,98.1,98.33,97.96,98.23,3620
2024-01-06 07:32:00,98.29,98.36,97.96,98.19,21573
2024-01-06 07:33:00,98.13,98.41,97.98,98.16,83921
2024-01-06 07:34:00,98.24,98.38,97.93,98.14,15487
2024-01-06 07:35:00,98.05,98.11,97.92,98.04,17763
2024-01-06 07:36:00,98.12,98.26,97.87,98.04,69612
2024-01-06 07:37:00,98.06,98.23,97.85,97.95,18980
2024-01-06 07:38:00,98.01,98.19,97.68,97.95,47901
2024-01-06 07:39:00,97.93,98.05,97.72,98.0,316939
2024-01-06 07:40:00,98.09,98.3,97.7,97.97,12368
2024-01-06 07:41:00,97.92,98.26,97.72,98.06,18452
2024-01-06 07:42:00,98.01,98.25,97.87,97.98,32735
2024-01-06 07:43:00,97.9,98.24,97.72,98.04,97892
2024-01-06 07:44:00,98.13,98.29,98.01,98.08,19631
2024-01-06 07:45:00,98.07,98.19,97.87,97.99,45673
2024-01-06 07:46:00,98.03,98.35,97.75,98.12,31191
2024-01-06 07:47:00,98.16,98.27,98.05,98.12,20491
2024-01-06 07:48:00,98.19,98.49,97.86,98.08,14466
2024-01-06 07:49:00,98.11,98.38,97.92,98.01,11977
2024-01-06 07:50:00,98.02,98.27,97.75,98.0,472373
2024-01-06 07:51:00,98.04,98.13,97.9,97.99,4717
2024-01-06 07:52:00,98.04,98.16,97.89,98.0,5185
2024-01-06 07:53:00,97.94,98.27,97.8,97.98,28134
2024-01-06 07:54:00,97.91,98.25,97.66,98.01,26991
2024-01-06 07:55:00,97.93,98.14,97.71,97.99,33737
2024-01-06 07:56:00,97.97,98.05,97.75,97.9,9186
2024-01-06 07:57:00,97.9,98.18,97.8,97.89,7891
2024-01-06 07:58:00,97.91,98.06,97.53,97.78,16555
2024-01-06 07:59:00,97.87,98.08,97.59,97.79,54590
2024-01-06 08:00:00,97.76,98.02,97.69,97.75,7960
2024-01-06 08:01:00,97.8,98.03,97.49,97.75,25619
2024-01-06 08:02:00,97.76,97.87,97.57,97.82,13196
2024-01-06 08:03:00,97.76,97.91,97.7,97.77,4795
2024-01-06 08:04:00,97.79,97.97,97.59,97.82,6115
2024-01-06 08:05:00,97.92,98.19,97.6,97.8,54739
2024-01-06 08:06:00,97.73,98.15,97.65,97.89,12042
2024-01-06 08:07:00,97.89,97.99,97.58,97.87,76405
2024-01-06 08:08:00,97.78,98.1,97.68,97.83,21221
2024-01-06 08:09:00,97.79,98.06,97.66,97.86,5609
2024-01-06 08:10:00,97.89,98.05,97.58,97.84,35496
2024-01-06 08:11:00,97.91,98.14,97.69,97.8,9883
2024-01-06 08:12:00,97.85,97.97,97.66,97.78,15110
2024-01-06 08:13:00,97.77,98.01,97.6,97.77,68372
2024-01-06 08:14:00,97.85,98.14,97.59,97.84,6065
2024-01-06 08:15:00,97.8,97.9,97.5,97.75,14050
2024-01-06 08:16:00,97.8,97.97,97.64,97.75,7453
2024-01-06 08:17:00,97.74,97.92,97.46,97.78,6698
2024-01-06 08:18:00,97.86,98.02,97.56,97.79,13722
2024-01-06 08:19:00,97.85,98.02,97.71,97.85,9343
2024-01-06 08:20:00,97.93,98.17,97.59,97.85,16748
2024-01-06 08:21:00,97.79,97.9,97.67,97.84,41724
2024-01-06 08:22:00,97.87,98.04,97.74,97.87,10395
2024-01-06 08:23:00,97.91,98.15,97.8,97.87,5073
2024-01-06 08:24:00,97.92,98.16,97.65,97.85,41834
2024-01-06 08:25:00,97.85,98.0,97.72,97.88,10326
2024-01-06 08:26:00,97.78,97.94,97.67,97.85,137004
2024-01-06 08:27:00,97.8,98.04,97.66,97.82,14632
2024-01-06 08:28:00,97.78,98.01,97.61,97.79,19226
2024-01-06 08:29:00,97.86,97.94,97.69,97.86,2199
2024-01-06 08:30:00,97.92,98.16,97.58,97.7,6893
2024-01-06 08:31:00,97.62,97.93,97.52,97.72,2254
2024-01-06 08:32:00,97.81,97.89,97.58,97.72,29557
2024-01-06 08:33:00,97.66,97.8,97.4,97.64,20296
2024-01-06 08:34:00,97.62,97.81,97.55,97.65,41362
2024-01-06 08:35:00,97.6,97.88,97.43,97.68,49385
2024-01-06 08:36:00,97.75,97.88,97.46,97.71,57611
2024-01-06 08:37:00,97.75,97.84,97.3,97.58,17587
2024-01-06 08:38:00,97.55,97.77,97.39,97.64,23990
2024-01-06 08:39:00,97.68,97.95,97.37,97.61,39298
2024-01-06 08:40:00,97.55,97.71,97.36,97.64,9949
2024-01-06 08:41:00,97.62,97.8,97.44,97.68,8621
2024-01-06 08:42:00,97.65,97.88,97.46,97.63,102751
2024-01-06 08:43:00,97.58,97.73,97.4,97.67,3618
2024-01-06 08:44:00,97.74,97.79,97.51,97.65,36315
2024-01-06 08:45:00,97.68,97.85,97.34,97.55,30983
2024-01-06 08:46:00,97.5,97.78,97.42,97.6,7162
2024-01-06 08:47:00,97.55,97.84,97.35,97.57,11295
2024-01-06 08:48:00,97.47,97.65,97.19,97.52,15415
2024-01-06 08:49:00,97.49,97.77,97.41,97.5,27355
2024-01-06 08:50:00,97.51,97.73,97.32,97.52,31309
2024-01-06 08:51:00,97.47,97.61,97.37,97.51,21355
2024-01-06 08:52:00,97.55,97.74,97.41,97.54,26592
2024-01-06 08:53:00,97.52,97.78,97.4,97.48,42593
2024-01-06 08:54:00,97.44,97.71,97.19,97.44,40670
2024-01-06 08:55:00,97.53,97.75,97.32,97.43,102161
2024-01-06 08:56:00,97.39,97.75,97.23,97.53,62513
2024-01-06 08:57:00,97.51,97.72,97.38,97.52,22421
2024-01-06 08:58:00,97.5,97.83,97.44,97.57,41801
2024-01-06 08:59:00,97.52,97.79,97.27,97.58,33651
2024-01-06 09:00:00,97.52,97.76,97.42,97.55,25962
2024-01-06 09:01:00,97.51,97.66,97.34,97.54,9240
2024-01-06 09:02:00,97.61,97.74,97.48,97.53,25906
2024-01-06 09:03:00,97.58,97.64,97.33,97.56,2792
2024-01-06 09:04:00,97.6,97.7,97.32,97.63,64364
2024-01-06 09:05:00,97.62,97.8,97.39,97.65,31267
2024-01-06 09:06:00,97.65,97.78,97.37,97.7,18785
2024-01-06 09:07:00,97.66,97.72,97.6,97.66,14462
2024-01-06 09:08:00,97.57,97.7,97.5,97.64,42382
2024-01-06 09:09:00,97.6,97.77,97.36,97.6,138346
2024-01-06 09:10:00,97.6,97.73,97.37,97.62,32050
2024-01-06 09:11:00,97.53,97.84,97.26,97.6,147598
2024-01-06 09:12:00,97.52,97.72,97.44,97.63,48259
2024-01-06 09:13:00,97.59,97.67,97.45,97.59,9843
2024-01-06 09:14:00,97.56,97.76,97.4,97.59,35872
2024-01-06 09:15:00,97.57,97.74,97.37,97.62,32534
2024-01-06 09:16:00,97.55,97.68,97.39,97.52,9838
2024-01-06 09:17:00,97.47,97.7,97.28,97.63,14651
2024-01-06 09:18:00,97.58,97.82,97.35,97.61,14363
2024-01-06 09:19:00,97.53,97.8,97.28,97.51,24348
2024-01-06 09:20:00,97.48,97.63,97.37,97.52,16646
2024-01-06 09:21:00,97.44,97.8,97.2,97.52,28815
2024-01-06 09:22:00,97.56,97.8,97.3,97.52,33883
2024-01-06 09:23:00,97.5,97.68,97.24,97.57,78250
2024-01-06 09:24:00,97.53,97.69,97.4,97.61,38144
2024-01-06 09:25:00,97.53,97.75,97.35,97.62,10916
2024-01-06 09:26:00,97.57,97.8,97.41,97.64,181880
2024-01-06 09:27:00,97.59,97.82,97.44,97.64,10987
2024-01-06 09:28:00,97.73,97.84,97.51,97.72,14949
2024-01-06 09:29:00,97.79,98.03,97.49,97.65,40034
2024-01-06 09:30:00,97.56,97.87,97.38,97.66,398435
2024-01-06 09:31:00,97.68,97.74,97.51,97.66,32911
2024-01-06 09:32:00,97.61,97.75,97.4,97.7,11596
2024-01-06 09:33:00,97.62,97.83,97.54,97.66,4275
2024-01-06 09:34:00,97.7,97.88,97.31,97.57,4000
2024-01-06 09:35:00,97.5,97.71,97.21,97.58,22269
2024-01-06 09:36:00,97.57,97.88,97.33,97.6,37977
2024-01-06 09:37:00,97.62,97.92,97.47,97.67,5325
2024-01-06 09:38:00,97.68,97.83,97.32,97.61,27500
2024-01-06 09:39:00,97.7,97.84,97.59,97.66,5921
2024-01-06 09:40:00,97.72,97.86,97.5,97.78,8739
2024-01-06 09:41:00,97.83,97.97,97.66,97.76,41429
2024-01-06 09:42:00,97.73,97.98,97.53,97.7,10429
2024-01-06 09:43:00,97.6,97.86,97.51,97.68,81640
2024-01-06 09:44:00,97.72,97.82,97.6,97.68,12278
2024-01-06 09:45:00,97.78,97.95,97.47,97.71,66798
2024-01-06 09:46:00,97.69,97.91,97.56,97.68,212185
2024-01-06 09:47:00,97.77,98.03,97.68,97.75,10449
2024-01-06 09:48:00,97.68,97.77,97.43,97.7,259374
2024-01-06 09:49:00,97.66,97.77,97.39,97.61,22325
2024-01-06 09:50:00,97.55,97.72,97.48,97.67,11701
2024-01-06 09:51:00,97.66,97.86,97.46,97.56,16382
2024-01-06 09:52:00,97.61,97.67,97.38,97.55,14713
2024-01-06 09:53:00,97.51,97.83,97.27,97.7,89481
2024-01-06 09:54:00,97.78,98.03,97.5,97.7,82276
2024-01-06 09:55:00,97.71,97.83,97.48,97.64,81305
2024-01-06 09:56:00,97.64,97.86,97.57,97.64,6006
2024-01-06 09:57:00,97.7,97.83,97.39,97.64,26616
2024-01-06 09:58:00,97.56,97.79,97.36,97.65,4676
2024-01-06 09:59:00,97.7,97.77,97.44,97.68,60542
2024-01-06 10:00:00,97.63,97.7,97.37,97.63,13579
2024-01-06 10:01:00,97.58,97.78,97.32,97.71,36427
2024-01-06 10:02:00,97.73,97.87,97.52,97.72,13334
2024-01-06 10:03:00,97.8,98.06,97.71,97.76,3805
2024-01-06 10:04:00,97.77,97.89,97.46,97.73,53377
2024-01-06 10:05:00,97.76,97.93,97.53,97.79,57664
2024-01-06 10:06:00,97.84,97.93,97.56,97.78,25320
2024-01-06 10:07:00,97.73,97.86,97.51,97.79,2666
2024-01-06 10:08:00,97.85,97.98,97.58,97.74,46646
2024-01-06 10:09:00,97.73,97.82,97.49,97.7,10534
2024-01-06 10:10:00,97.63,97.86,97.49,97.73,36922
2024-01-06 10:11:00,97.7,97.92,97.61,97.71,13485
2024-01-06 10:12:00,97.66,97.92,97.43,97.67,14943
2024-01-06 10:13:00,97.61,97.82,97.53,97.63,36229
2024-01-06 10:14:00,97.59,97.89,97.54,97.67,9692
2024-01-06 10:15:00,97.61,97.88,97.48,97.64,18644
2024-01-06 10:16:00,97.67,97.75,97.54,97.63,36665
2024-01-06 10:17:00,97.65,97.93,97.4,97.63,192230
2024-01-06 10:18:00,97.66,97.77,97.26,97.54,20445
2024-01-06 10:19:00,97.51,97.59,97.24,97.47,50995
2024-01-06 10:20:00,97.52,97.73,97.24,97.48,6823
2024-01-06 10:21:00,97.41,97.59,97.27,97.45,119926
2024-01-06 10:22:00,97.46,97.7,97.32,97.5,9817
2024-01-06 10:23:00,97.46,97.61,97.23,97.55,19298
2024-01-06 10:24:00,97.55,97.79,97.4,97.58,36725
2024-01-06 10:25:00,97.55,97.79,97.42,97.67,10097
2024-01-06 10:26:00,97.73,97.96,97.44,97.67,64919
2024-01-06 10:27:00,97.74,97.99,97.46,97.7,11363
2024-01-06 10:28:00,97.75,97.98,97.56,97.67,50545
2024-01-06 10:29:00,97.61,97.86,97.37,97.79,64068
2024-01-06 10:30:00,97.75,97.96,97.46,97.89,39278
2024-01-06 10:31:00,97.97,98.23,97.71,97.89,44731
2024-01-06 10:32:00,97.88,98.04,97.7,97.91,276751
2024-01-06 10:33:00,97.99,98.22,97.74,97.97,33407
2024-01-06 10:34:00,97.95,98.03,97.71,97.97,24583
2024-01-06 10:35:00,98.05,98.26,97.87,97.93,30829
2024-01-06 10:36:00,98.02,98.14,97.8,97.98,78537
2024-01-06 10:37:00,98.01,98.1,97.89,97.98,226222
2024-01-06 10:38:00,97.88,98.04,97.61,97.99,18648
2024-01-06 10:39:00,97.97,98.03,97.81,97.95,8845
2024-01-06 10:40:00,98.03,98.13,97.63,97.86,70442
2024-01-06 10:41:00,97.94,98.16,97.63,97.88,5635
2024-01-06 10:42:00,97.81,98.12,97.62,97.92,28502
2024-01-06 10:43:00,97.9,98.06,97.7,97.91,29870
2024-01-06 10:44:00,97.97,98.06,97.76,97.98,19784
2024-01-06 10:45:00,97.99,98.07,97.68,97.94,20982
2024-01-06 10:46:00,98.01,98.19,97.71,97.89,4219
2024-01-06 10:47:00,97.96,98.15,97.65,97.89,9243
2024-01-06 10:48:00,97.97,98.14,97.73,97.89,56223
2024-01-06 10:49:00,97.81,98.04,97.73,97.92,2860
2024-01-06 10:50:00,97.85,97.98,97.8,97.89,20211
2024-01-06 10:51:00,97.8,98.21,97.57,97.95,16113
2024-01-06 10:52:00,98.04,98.15,97.99,98.05,3003
2024-01-06 10:53:00,98.04,98.22,97.89,98.05,119656
2024-01-06 10:54:00,97.96,98.35,97.81,98.11,7861
2024-01-06 10:55:00,98.07,98.33,97.98,98.06,38136
2024-01-06 10:56:00,98.03,98.25,97.75,98.11,13781
2024-01-06 10:57:00,98.17,98.22,98.02,98.16,9462
2024-01-06 10:58:00,98.21,98.32,98.02,98.2,17396
2024-01-06 10:59:00,98.24,98.36,97.94,98.2,15423
2024-01-06 11:00:00,98.11,98.39,97.8,98.06,18274
2024-01-06 11:01:00,98.14,98.28,97.73,98.03,10027
2024-01-06 11:02:00,97.97,98.22,97.83,98.0,7990
2024-01-06 11:03:00,98.02,98.09,97.73,97.95,60141
2024-01-06 11:04:00,97.86,98.18,97.78,97.95,22179
2024-01-06 11:05:00,97.87,98.12,97.58,97.93,20737
2024-01-06 11:06:00,97.84,98.02,97.71,97.89,9031
2024-01-06 11:07:00,97.91,98.18,97.76,97.84,106340
2024-01-06 11:08:00,97.87,98.14,97.57,97.81,20182
2024-01-06 11:09:00,97.72,98.0,97.65,97.86,3308
2024-01-06 11:10:00,97.82,97.88,97.68,97.83,29022
2024-01-06 11:11:00,97.9,98.12,97.63,97.8,10257
2024-01-06 11:12:00,97.72,98.01,97.51,97.78,54766
2024-01-06 11:13:00,97.73,97.99,97.44,97.8,62219
2024-01-06 11:14:00,97.78,98.05,97.51,97.82,55433
2024-01-06 11:15:00,97.89,97.99,97.45,97.67,13885
2024-01-06 11:16:00,97.62,97.92,97.35,97.72,19674
2024-01-06 11:17:00,97.82,97.99,97.67,97.79,28243
2024-01-06 11:18:00,97.76,97.91,97.64,97.74,53780
2024-01-06 11:19:00,97.72,97.82,97.53,97.69,7802
2024-01-06 11:20:00,97.62,97.94,97.52,97.67,24183
2024-01-06 11:21:00,97.71,97.82,97.38,97.63,142617
2024-01-06 11:22:00,97.58,97.78,97.3,97.64,12895
2024-01-06 11:23:00,97.67,97.78,97.39,97.55,21459
2024-01-06 11:24:00,97.49,97.57,97.2,97.49,300585
2024-01-06 11:25:00,97.47,97.84,97.22,97.57,17305
2024-01-06 11:26:00,97.64,97.73,97.24,97.52,4727
2024-01-06 11:27:00,97.57,97.86,97.42,97.58,20798
2024-01-06 11:28:00,97.52,97.82,97.23,97.6,117351
2024-01-06 11:29:00,97.62,97.77,97.44,97.51,63368
2024-01-06 11:30:00,97.54,97.81,97.37,97.54,8269
2024-01-06 11:31:00,97.47,97.83,97.28,97.54,33369
2024-01-06 11:32:00,97.53,97.59,97.35,97.52,18474
2024-01-06 11:33:00,97.47,97.75,97.42,97.53,49614
2024-01-06 11:34:00,97.52,97.7,97.44,97.55,11903
2024-01-06 11:35:00,97.61,97.81,97.3,97.59,36116
2024-01-06 11:36:00,97.52,97.85,97.3,97.64,148784
2024-01-06 11:37:00,97.57,97.81,97.38,97.66,1615
2024-01-06 11:38:00,97.62,97.8,97.36,97.6,39850
2024-01-06 11:39:00,97.69,97.94,97.36,97.57,82377
2024-01-06 11:40:00,97.62,98.01,97.37,97.72,4645
2024-01-06 11:41:00,97.62,97.83,97.45,97.75,10715
2024-01-06 11:42:00,97.73,98.14,97.45,97.87,14858
2024-01-06 11:43:00,97.82,98.08,97.59,97.94,10605
2024-01-06 11:44:00,97.96,98.11,97.87,97.95,9839
2024-01-06 11:45:00,97.94,98.23,97.66,97.96,15142
2024-01-06 11:46:00,98.05,98.23,97.91,97.96,51621
2024-01-06 11:47:00,97.91,98.16,97.71,97.88,97504
2024-01-06 11:48:00,97.89,97.96,97.78,97.88,81036
2024-01-06 11:49:00,97.92,98.02,97.7,97.94,59504
2024-01-06 11:50:00,98.0,98.12,97.83,97.91,137601
2024-01-06 11:51:00,97.89,98.2,97.61,97.93,167934
2024-01-06 11:52:00,97.96,98.05,97.86,97.97,26005
2024-01-06 11:53:00,97.93,98.12,97.84,97.92,92130
2024-01-06 11:54:00,97.91,98.0,97.77,97.9,33655
2024-01-06 11:55:00,97.98,98.26,97.57,97.85,17743
2024-01-06 11:56:00,97.94,98.2,97.59,97.81,20957
2024-01-06 11:57:00,97.86,98.08,97.59,97.75,60628
2024-01-06 11:58:00,97.73,97.9,97.5,97.71,95376
2024-01-06 11:59:00,97.77,98.0,97.7,97.78,39357
2024-01-06 12:00:00,97.68,97.83,97.4,97.73,14823
2024-01-06 12:01:00,97.65,97.87,97.54,97.74,13501
2024-01-06 12:02:00,97.77,97.92,97.59,97.71,3452
2024-01-06 12:03:00,97.67,97.84,97.57,97.77,31600
2024-01-06 12:04:00,97.86,98.06,97.73,97.83,29522
2024-01-06 12:05:00,97.82,98.08,97.75,97.88,7749
2024-01-06 12:06:00,97.86,97.95,97.6,97.89,35351
2024-01-06 12:07:00,97.93,98.16,97.67,97.88,34763
2024-01-06 12:08:00,97.93,97.99,97.71,97.82,4995
2024-01-06 12:09:00,97.82,98.16,97.73,97.92,15966
2024-01-06 12:10:00,97.86,98.13,97.67,97.88,90133
2024-01-06 12:11:00,97.93,98.16,97.71,97.91,11693
2024-01-06 12:12:00,97.88,98.11,97.76,97.96,22418
2024-01-06 12:13:00,97.9,98.15,97.65,97.94,25860
2024-01-06 12:14:00,97.96,98.05,97.82,97.99,21453
2024-01-06 12:15:00,97.91,98.16,97.72,98.02,43857
2024-01-06 12:16:00,98.12,98.19,97.83,98.11,56118
2024-01-06 12:17:00,98.14,98.32,97.81,98.09,78009
2024-01-06 12:18:00,98.18,98.43,97.93,98.02,16098
2024-01-06 12:19:00,97.99,98.08,97.73,98.0,37192
2024-01-06 12:20:00,98.09,98.27,97.96,98.01,51012
2024-01-06 12:21:00,97.94,98.29,97.77,98.01,19568
2024-01-06 12:22:00,97.92,98.12,97.75,97.99,10730
2024-01-06 12:23:00,97.9,98.15,97.82,97.9,25427
2024-01-06 12:24:00,97.89,98.06,97.77,97.92,12019
2024-01-06 12:25:00,97.84,98.27,97.6,98.02,10891
2024-01-06 12:26:00,98.02,98.19,97.81,98.04,27450
2024-01-06 12:27:00,98.01,98.22,97.82,98.07,18245
2024-01-06 12:28:00,98.04,98.39,97.86,98.1,26252
2024-01-06 12:29:00,98.13,98.42,97.89,98.12,4669
2024-01-06 12:30:00,98.05,98.24,97.81,98.16,18480
2024-01-06 12:31:00,98.22,98.31,98.0,98.18,2297
2024-01-06 12:32:00,98.2,98.4,97.9,98.17,7742
2024-01-06 12:33:00,98.25,98.35,97.87,98.13,20152
2024-01-06 12:34:00,98.1,98.4,98.03,98.12,74096
2024-01-06 12:35:00,98.21,98.48,98.02,98.13,37678
2024-01-06 12:36:00,98.15,98.22,97.83,98.12,24107
2024-01-06 12:37:00,98.21,98.36,97.93,98.13,15112
2024-01-06 12:38:00,98.04,98.34,97.94,98.15,17144
2024-01-06 12:39:00,98.2,98.41,98.13,98.2,81290
2024-01-06 12:40:00,98.26,98.36,97.98,98.26,7285
2024-01-06 12:41:00,98.17,98.55,98.0,98.26,10662
2024-01-06 12:42:00,98.28,98.37,98.05,98.2,64007
2024-01-06 12:43:00,98.26,98.52,98.11,98.18,15616
2024-01-06 12:44:00,98.19,98.27,97.91,98.18,153136
2024-01-06 12:45:00,98.1,98.25,98.02,98.09,43945
2024-01-06 12:46:00,98.13,98.24,97.87,98.16,69909
2024-01-06 12:47:00,98.07,98.34,97.99,98.17,4334
2024-01-06 12:48:00,98.23,98.5,97.93,98.19,63540
2024-01-06 12:49:00,98.1,98.31,97.91,98.25,9420
2024-01-06 12:50:00,98.18,98.33,98.0,98.22,45060
2024-01-06 12:51:00,98.18,98.37,98.05,98.25,15310
2024-01-06 12:52:00,98.28,98.47,98.06,98.25,27523
2024-01-06 12:53:00,98.34,98.49,98.16,98.24,7286
2024-01-06 12:54:00,98.16,98.49,98.07,98.2,3941
2024-01-06 12:55:00,98.13,98.49,98.06,98.28,25605
2024-01-06 12:56:00,98.25,98.48,98.18,98.26,16419
2024-01-06 12:57:00,98.33,98.43,98.09,98.3,9011
2024-01-06 12:58:00,98.29,98.41,98.02,98.2,4096
2024-01-06 12:59:00,98.17,98.34,98.07,98.26,1517
2024-01-06 13:00:00,98.27,98.54,98.22,98.31,37181
2024-01-06 13:01:00,98.27,98.4,98.16,98.32,17067
2024-01-06 13:02:00,98.3,98.36,98.23,98.31,12041
2024-01-06 13:03:00,98.27,98.45,98.2,98.33,27250
2024-01-06 13:04:00,98.39,98.7,98.32,98.44,60742
2024-01-06 13:05:00,98.52,98.78,98.1,98.35,28841
2024-01-06 13:06:00,98.4,98.48,98.34,98.39,14141
2024-01-06 13:07:00,98.38,98.44,98.15,98.35,185811
2024-01-06 13:08:00,98.35,98.56,98.14,98.35,11663
2024-01-06 13:09:00,98.27,98.52,98.18,98.33,5379
2024-01-06 13:10:00,98.38,98.64,98.18,98.31,24338
2024-01-06 13:11:00,98.33,98.62,98.17,98.31,17059
2024-01-06 13:12:00,98.39,98.5,97.99,98.26,56788
2024-01-06 13:13:00,98.2,98.5,97.97,98.31,13013
2024-01-06 13:14:00,98.36,98.51,97.95,98.22,18673
2024-01-06 13:15:00,98.25,98.53,98.09,98.25,9267
2024-01-06 13:16:00,98.2,98.34,97.99,98.23,49397
2024-01-06 13:17:00,98.26,98.55,97.97,98.17,25427
2024-01-06 13:18:00,98.25,98.54,98.05,98.18,16727
2024-01-06 13:19:00,98.26,98.54,98.03,98.11,18958
2024-01-06 13:20:00,98.15,98.29,97.94,98.11,21562
2024-01-06 13:21:00,98.02,98.25,97.9,98.04,5232
2024-01-06 13:22:00,98.11,98.39,97.79,98.06,70453
2024-01-06 13:23:00,98.09,98.34,97.94,98.01,66438
2024-01-06 13:24:00,97.98,98.06,97.81,97.99,22940
2024-01-06 13:25:00,97.93,98.24,97.85,98.01,20615
2024-01-06 13:26:00,97.93,98.18,97.75,97.97,8130
2024-01-06 13:27:00,97.88,98.19,97.73,97.97,123912
2024-01-06 13:28:00,98.02,98.23,97.8,97.89,97290
2024-01-06 13:29:00,97.84,98.02,97.57,97.92,32675
2024-01-06 13:30:00,97.83,98.14,97.54,98.01,50013
2024-01-06 13:31:00,97.99,98.21,97.82,98.15,75393
2024-01-06 13:32:00,98.14,98.28,97.85,98.15,61541
2024-01-06 13:33:00,98.09,98.48,97.98,98.19,9356
2024-01-06 13:34:00,98.1,98.22,97.87,98.1,16137
2024-01-06 13:35:00,98.04,98.44,97.83,98.18,35178
2024-01-06 13:36:00,98.21,98.48,98.15,98.21,26992
2024-01-06 13:37:00,98.13,98.4,97.91,98.19,46772
2024-01-06 13:38:00,98.2,98.35,97.96,98.25,41928
2024-01-06 13:39:00,98.18,98.52,97.91,98.24,28197
2024-01-06 13:40:00,98.18,98.33,98.05,98.22,1629
2024-01-06 13:41:00,98.2,98.41,98.11,98.24,71170
2024-01-06 13:42:00,98.16,98.47,98.07,98.19,50972
2024-01-06 13:43:00,98.12,98.47,97.99,98.24,174418
2024-01-06 13:44:00,98.21,98.4,98.12,98.19,13663
2024-01-06 13:45:00,98.15,98.25,97.98,98.13,3488
2024-01-06 13:46:00,98.18,98.4,97.85,98.09,18389
2024-01-06 13:47:00,98.01,98.18,97.92,98.13,34775
2024-01-06 13:48:00,98.2,98.43,97.85,98.1,14156
2024-01-06 13:49:00,98.16,98.27,97.92,98.03,86837
2024-01-06 13:50:00,98.08,98.15,97.91,98.0,11382
2024-01-06 13:51:00,97.96,98.05,97.77,98.0,19912
2024-01-06 13:52:00,98.06,98.33,97.86,97.94,17223
2024-01-06 13:53:00,97.88,98.12,97.69,97.88,353031
2024-01-06 13:54:00,97.81,98.27,97.57,97.99,8901
2024-01-06 13:55:00,97.9,98.2,97.69,97.95,39487
2024-01-06 13:56:00,98.03,98.28,97.8,97.93,6626
2024-01-06 13:57:00,97.89,98.01,97.62,97.91,31037
2024-01-06 13:58:00,97.99,98.22,97.82,97.89,8480
2024-01-06 13:59:00,97.85,98.18,97.71,97.92,66167
2024-01-06 14:00:00,98.0,98.12,97.77,97.97,54618
2024-01-06 14:01:00,98.05,98.24,97.77,97.95,28897
2024-01-06 14:02:00,98.04,98.15,97.61,97.89,5478
2024-01-06 14:03:00,97.89,98.24,97.84,97.96,20885
2024-01-06 14:04:00,98.03,98.16,97.89,97.95,16250
2024-01-06 14:05:00,98.04,98.3,97.77,98.04,50533
2024-01-06 14:06:00,98.0,98.18,97.67,97.93,8933
2024-01-06 14:07:00,97.91,98.16,97.74,97.93,69916
2024-01-06 14:08:00,97.98,98.17,97.86,98.03,57952
2024-01-06 14:09:00,97.99,98.12,97.8,98.01,5572
2024-01-06 14:10:00,98.06,98.15,97.91,98.0,17683
2024-01-06 14:11:00,97.92,98.07,97.72,98.02,20924
2024-01-06 14:12:00,98.02,98.31,97.72,97.99,60231
2024-01-06 14:13:00,97.91,98.19,97.67,97.97,11083
2024-01-06 14:14:00,97.93,98.11,97.81,97.96,27108
2024-01-06 14:15:00,97.91,98.06,97.84,97.93,66108
2024-01-06 14:16:00,97.99,98.2,97.89,97.99,28318
2024-01-06 14:17:00,97.93,98.24,97.83,98.01,3438
2024-01-06 14:18:00,98.07,98.17,97.74,98.02,13433
2024-01-06 14:19:00,98.08,98.15,97.89,98.06,54406
2024-01-06 14:20:00,98.06,98.12,97.98,98.05,48020
2024-01-06 14:21:00,97.99,98.21,97.79,98.01,2322
2024-01-06 14:22:00,97.96,98.08,97.69,97.98,26923
2024-01-06 14:23:00,97.97,98.2,97.85,97.98,56726
2024-01-06 14:24:00,97.88,98.04,97.65,97.93,37756
2024-01-06 14:25:00,97.93,98.16,97.82,97.9,42343
2024-01-06 14:26:00,97.99,98.13,97.78,97.88,173219
2024-01-06 14:27:00,97.81,98.1,97.69,97.98,21089
2024-01-06 14:28:00,98.0,98.28,97.61,97.85,29874
2024-01-06 14:29:00,97.94,98.18,97.72,97.84,8608
2024-01-06 14:30:00,97.91,97.97,97.84,97.92,11676
2024-01-06 14:31:00,97.99,98.17,97.81,97.93,15804
2024-01-06 14:32:00,97.99,98.09,97.9,97.96,51520
2024-01-06 14:33:00,97.93,98.23,97.73,97.97,10429
2024-01-06 14:34:00,98.05,98.12,97.7,97.94,75706
2024-01-06 14:35:00,98.02,98.26,97.71,97.83,7382
2024-01-06 14:36:00,97.83,97.93,97.58,97.84,41756
2024-01-06 14:37:00,97.81,97.94,97.54,97.8,38256
2024-01-06 14:38:00,97.78,97.84,97.59,97.76,28494
2024-01-06 14:39:00,97.73,97.83,97.51,97.74,58961
2024-01-06 14:40:00,97.68,98.11,97.53,97.82,10482
2024-01-06 14:41:00,97.84,98.01,97.72,97.94,13820
2024-01-06 14:42:00,97.95,98.22,97.71,97.95,8405
2024-01-06 14:43:00,97.94,98.05,97.64,97.93,22225
2024-01-06 14:44:00,97.85,98.07,97.76,97.87,19536
2024-01-06 14:45:00,97.93,98.12,97.73,97.89,51867
2024-01-06 14:46:00,97.83,98.23,97.7,97.98,32429
2024-01-06 14:47:00,97.9,98.23,97.66,97.97,43888
2024-01-06 14:48:00,97.99,98.21,97.74,97.85,18085
2024-01-06 14:49:00,97.83,98.17,97.65,97.88,33046
2024-01-06 14:50:00,97.8,98.2,97.7,97.93,134960
2024-01-06 14:51:00,97.9,98.19,97.61,97.85,5735
2024-01-06 14:52:00,97.91,98.19,97.76,97.86,3501
2024-01-06 14:53:00,97.89,98.04,97.81,97.88,41644
2024-01-06 14:54:00,97.86,97.96,97.74,97.88,9428
2024-01-06 14:55:00,97.82,98.12,97.61,97.84,5531
2024-01-06 14:56:00,97.87,98.02,97.59,97.89,37567
2024-01-06 14:57:00,97.97,98.2,97.6,97.87,8067
2024-01-06 14:58:00,97.9,98.18,97.57,97.8,102647
2024-01-06 14:59:00,97.86,97.97,97.41,97.7,25757
2024-01-06 15:00:00,97.7,97.89,97.49,97.76,17986
2024-01-06 15:01:00,97.8,98.06,97.7,97.79,9685
2024-01-06 15:02:00,97.87,98.07,97.65,97.8,27314
2024-01-06 15:03:00,97.85,97.96,97.72,97.77,4487
2024-01-06 15:04:00,97.85,98.12,97.67,97.75,1866
2024-01-06 15:05:00,97.73,98.0,97.5,97.7,4655
2024-01-06 15:06:00,97.77,97.98,97.42,97.67,68678
2024-01-06 15:07:00,97.7,97.87,97.44,97.57,8741
2024-01-06 15:08:00,97.64,97.73,97.35,97.54,5247
2024-01-06 15:09:00,97.45,97.7,97.33,97.52,20154
2024-01-06 15:10:00,97.55,97.75,97.39,97.55,203757
2024-01-06 15:11:00,97.62,97.86,97.36,97.55,65636
2024-01-06 15:12:00,97.48,97.86,97.31,97.59,9892
2024-01-06 15:13:00,97.62,97.92,97.44,97.65,9716
2024-01-06 15:14:00,97.72,97.9,97.57,97.7,9937
2024-01-06 15:15:00,97.66,97.87,97.39,97.73,8863
2024-01-06 15:16:00,97.71,97.83,97.63,97.73,37941
2024-01-06 15:17:00,97.74,97.99,97.49,97.68,15741
2024-01-06 15:18:00,97.68,97.83,97.53,97.72,7236
2024-01-06 15:19:00,97.63,97.98,97.43,97.8,5789
2024-01-06 15:20:00,97.72,98.06,97.57,97.81,219923
2024-01-06 15:21:00,97.74,98.12,97.48,97.91,46108
2024-01-06 15:22:00,97.86,98.12,97.72,97.83,9357
2024-01-06 15:23:00,97.78,97.92,97.58,97.78,74039
2024-01-06 15:24:00,97.82,98.09,97.58,97.82,6957
2024-01-06 15:25:00,97.83,98.03,97.54,97.83,19204
2024-01-06 15:26:00,97.88,98.05,97.63,97.9,17213
2024-01-06 15:27:00,97.81,98.15,97.54,97.9,26431
2024-01-06 15:28:00,97.89,98.18,97.68,97.85,8586
2024-01-06 15:29:00,97.82,97.94,97.66,97.84,25046
2024-01-06 15:30:00,97.91,98.17,97.51,97.77,3833
2024-01-06 15:31:00,97.81,97.94,97.65,97.71,15112
2024-01-06 15:32:00,97.78,97.96,97.6,97.76,83719
2024-01-06 15:33:00,97.67,97.87,97.43,97.8,61411
2024-01-06 15:34:00,97.85,97.96,97.61,97.82,10981
2024-01-06 15:35:00,97.83,97.9,97.48,97.74,4788
2024-01-06 15:36:00,97.8,98.03,97.58,97.72,2482
2024-01-06 15:37:00,97.72,97.92,97.56,97.66,40842
2024-01-06 15:38:00,97.67,98.01,97.42,97.72,29096
2024-01-06 15:39:00,97.63,97.93,97.54,97.69,32392
2024-01-06 15:40:00,97.72,97.77,97.44,97.64,119443
2024-01-06 15:41:00,97.59,97.72,97.35,97.64,25665
2024-01-06 15:42:00,97.54,97.76,97.41,97.61,27669
2024-01-06 15:43:00,97.52,97.74,97.23,97.68,5445
2024-01-06 15:44:00,97.77,98.05,97.56,97.64,111740
2024-01-06 15:45:00,97.61,97.74,97.43,97.57,18695
2024-01-06 15:46:00,97.65,97.77,97.19,97.47,9731
2024-01-06 15:47:00,97.56,97.78,97.19,97.47,27115
2024-01-06 15:48:00,97.55,97.82,97.21,97.44,162805
2024-01-06 15:49:00,97.51,97.73,97.11,97.37,186315
2024-01-06 15:50:00,97.45,97.66,97.33,97.43,8346
2024-01-06 15:51:00,97.39,97.67,97.21,97.46,71351
2024-01-06 15:52:00,97.39,97.75,97.22,97.46,30814
2024-01-06 15:53:00,97.49,97.58,97.37,97.53,59135
2024-01-06 15:54:00,97.52,97.83,97.24,97.56,29048
2024-01-06 15:55:00,97.48,97.74,97.42,97.52,40736
2024-01-06 15:56:00,97.55,97.61,97.3,97.47,82562
2024-01-06 15:57:00,97.48,97.8,97.22,97.51,3830
2024-01-06 15:58:00,97.58,97.85,97.33,97.53,31582
2024-01-06 15:59:00,97.55,97.81,97.41,97.53,6839
2024-01-06 16:00:00,97.55,97.6,97.22,97.49,13854
2024-01-06 16:01:00,97.48,97.63,97.26,97.52,22047
2024-01-06 16:02:00,97.52,97.73,97.4,97.49,8039
2024-01-06 16:03:00,97.57,97.67,97.35,97.48,12315
2024-01-06 16:04:00,97.41,97.79,97.35,97.55,5427
2024-01-06 16:05:00,97.54,97.69,97.31,97.52,12169
2024-01-06 16:06:00,97.55,97.64,97.37,97.44,36748
2024-01-06 16:07:00,97.43,97.57,97.27,97.39,52336
2024-01-06 16:08:00,97.35,97.65,97.06,97.44,10204
2024-01-06 16:09:00,97.4,97.5,97.13,97.45,83099
2024-01-06 16:10:00,97.4,97.6,97.19,97.45,39237
2024-01-06 16:11:00,97.42,97.68,97.23,97.42,92354
2024-01-06 16:12:00,97.49,97.57,97.36,97.45,3748
2024-01-06 16:13:00,97.45,97.69,97.3,97.4,30069
2024-01-06 16:14:00,97.35,97.61,97.2,97.42,40587
2024-01-06 16:15:00,97.4,97.52,97.14,97.38,3950
2024-01-06 16:16:00,97.31,97.57,97.1,97.34,246285
2024-01-06 16:17:00,97.42,97.56,97.2,97.31,11654
2024-01-06 16:18:00,97.29,97.46,97.04,97.29,37943
2024-01-06 16:19:00,97.38,97.57,97.0,97.29,55644
2024-01-06 16:20:00,97.26,97.35,96.97,97.3,24371
2024-01-06 16:21:00,97.36,97.58,96.87,97.12,88064
2024-01-06 16:22:00,97.07,97.21,96.9,97.08,161977
2024-01-06 16:23:00,97.0,97.3,96.77,97.06,7261
2024-01-06 16:24:00,96.97,97.26,96.84,97.13,24739
2024-01-06 16:25:00,97.16,97.36,96.81,97.08,55032
2024-01-06 16:26:00,97.05,97.25,96.91,97.09,4302
2024-01-06 16:27:00,97.08,97.43,96.86,97.16,63848
2024-01-06 16:28:00,97.22,97.37,97.04,97.1,121362
2024-01-06 16:29:00,97.05,97.34,96.92,97.12,79529
2024-01-06 16:30:00,97.08,97.15,96.88,97.08,34147
2024-01-06 16:31:00,97.15,97.27,96.92,97.05,102688
2024-01-06 16:32:00,97.05,97.22,96.79,97.02,31490
2024-01-06 16:33:00,97.08,97.19,96.91,96.98,5886
2024-01-06 16:34:00,96.96,97.26,96.89,97.11,13070
2024-01-06 16:35:00,97.09,97.37,96.81,97.15,17058
2024-01-06 16:36:00,97.09,97.42,96.97,97.21,20661
2024-01-06 16:37:00,97.29,97.38,97.13,97.23,20045
2024-01-06 16:38:00,97.31,97.41,97.03,97.15,15705
2024-01-06 16:39:00,97.25,97.32,96.91,97.17,27414
2024-01-06 16:40:00,97.15,97.49,96.95,97.22,99134
2024-01-06 16:41:00,97.29,97.35,96.94,97.18,27285
2024-01-06 16:42:00,97.17,97.29,97.09,97.23,41304
2024-01-06 16:43:00,97.22,97.39,97.07,97.26,2455
2024-01-06 16:44:00,97.33,97.49,97.24,97.35,24983
2024-01-06 16:45:00,97.29,97.41,97.03,97.33,65305
2024-01-06 16:46:00,97.28,97.42,97.18,97.28,76638
2024-01-06 16:47:00,97.24,97.43,97.19,97.26,69223
2024-01-06 16:48:00,97.32,97.53,97.21,97.33,29834
2024-01-06 16:49:00,97.31,97.5,97.05,97.24,33320
2024-01-06 16:50:00,97.22,97.46,97.04,97.14,11240
2024-01-06 16:51:00,97.24,97.4,96.87,97.15,51278
2024-01-06 16:52:00,97.12,97.35,96.84,97.13,11300
2024-01-06 16:53:00,97.08,97.4,96.88,97.13,43516
2024-01-06 16:54:00,97.15,97.28,96.92,97.17,22960
2024-01-06 16:55:00,97.23,97.45,96.95,97.15,22358
2024-01-06 16:56:00,97.06,97.28,96.86,97.05,59948
2024-01-06 16:57:00,97.08,97.33,96.93,97.15,38607
2024-01-06 16:58:00,97.06,97.16,96.8,97.11,29219
2024-01-06 16:59:00,97.11,97.37,96.86,97.05,13390
2024-01-06 17:00:00,97.01,97.22,96.95,97.11,109350
2024-01-06 17:01:00,97.07,97.14,97.0,97.09,30729
2024-01-06 17:02:00,97.08,97.22,96.99,97.09,46508
2024-01-06 17:03:00,97.17,97.28,96.89,97.11,23883
2024-01-06 17:04:00,97.15,97.44,97.05,97.16,11006
2024-01-06 17:05:00,97.25,97.41,96.86,97.15,31412
2024-01-06 17:06:00,97.18,97.49,97.04,97.22,12139
2024-01-06 17:07:00,97.12,97.25,97.01,97.12,34124
2024-01-06 17:08:00,97.07,97.24,96.91,97.15,841
2024-01-06 17:09:00,97.23,97.36,96.88,97.11,14752
2024-01-06 17:10:00,97.14,97.28,96.91,97.18,21712
2024-01-06 17:11:00,97.27,97.39,96.99,97.19,8480
2024-01-06 17:12:00,97.12,97.36,96.91,97.15,31690
2024-01-06 17:13:00,97.11,97.28,97.0,97.18,14440
2024-01-06 17:14:00,97.16,97.34,96.97,97.23,21896
2024-01-06 17:15:00,97.19,97.33,97.02,97.26,12688
2024-01-06 17:16:00,97.21,97.28,97.08,97.21,58215
2024-01-06 17:17:00,97.2,97.41,97.04,97.19,38023
2024-01-06 17:18:00,97.21,97.33,96.99,97.19,29670
2024-01-06 17:19:00,97.15,97.41,97.04,97.18,23435
2024-01-06 17:20:00,97.1,97.34,96.9,97.22,276684
2024-01-06 17:21:00,97.26,97.54,97.02,97.12,18818
2024-01-06 17:22:00,97.11,97.35,96.85,97.14,10972
2024-01-06 17:23:00,97.15,97.31,97.0,97.12,6815
2024-01-06 17:24:00,97.12,97.33,97.03,97.08,54467
2024-01-06 17:25:00,97.16,97.3,96.94,97.05,112557
2024-01-06 17:26:00,97.06,97.16,96.94,97.04,9432
2024-01-06 17:27:00,97.12,97.35,96.58,96.86,16565
2024-01-06 17:28:00,96.86,97.01,96.77,96.83,15376
2024-01-06 17:29:00,96.79,97.01,96.61,96.79,19455
2024-01-06 17:30:00,96.76,97.04,96.55,96.81,3760
2024-01-06 17:31:00,96.82,97.08,96.69,96.77,49351
2024-01-06 17:32:00,96.78,96.87,96.63,96.76,72420
2024-01-06 17:33:00,96.8,97.0,96.53,96.84,3279
2024-01-06 17:34:00,96.78,97.15,96.52,96.89,127763
2024-01-06 17:35:00,96.92,97.03,96.69,96.93,111028
2024-01-06 17:36:00,96.98,97.12,96.63,96.9,1022
2024-01-06 17:37:00,96.94,97.04,96.85,96.93,2506
2024-01-06 17:38:00,96.93,97.18,96.7,96.92,19284
2024-01-06 17:39:00,97.02,97.26,96.82,96.91,82128
2024-01-06 17:40:00,96.89,97.19,96.68,96.93,29430
2024-01-06 17:41:00,96.85,97.11,96.66,96.9,22502
2024-01-06 17:42:00,96.96,97.21,96.81,96.97,39091
2024-01-06 17:43:00,96.92,97.05,96.74,96.97,9817
2024-01-06 17:44:00,97.01,97.24,96.91,97.0,79012
2024-01-06 17:45:00,96.93,97.17,96.72,97.07,19858
2024-01-06 17:46:00,96.97,97.23,96.88,97.12,4302
2024-01-06 17:47:00,97.05,97.31,96.96,97.05,9941
2024-01-06 17:48:00,97.02,97.2,96.87,97.07,31856
2024-01-06 17:49:00,96.99,97.28,96.86,97.11,16486
2024-01-06 17:50:00,97.05,97.42,96.84,97.15,14864
2024-01-06 17:51:00,97.21,97.34,96.96,97.1,26982
2024-01-06 17:52:00,97.15,97.32,97.01,97.07,31527
2024-01-06 17:53:00,97.13,97.4,97.01,97.12,6435
2024-01-06 17:54:00,97.18,97.4,96.84,97.08,74868
2024-01-06 17:55:00,97.06,97.31,96.98,97.07,19319
2024-01-06 17:56:00,97.14,97.32,97.07,97.14,33512
2024-01-06 17:57:00,97.15,97.39,96.97,97.14,24279
2024-01-06 17:58:00,97.13,97.22,96.88,97.1,14616
2024-01-06 17:59:00,97.15,97.28,96.99,97.06,54810
2024-01-06 18:00:00,97.01,97.24,96.9,97.08,23888
2024-01-06 18:01:00,97.13,97.41,96.88,97.01,23702
2024-01-06 18:02:00,97.0,97.19,96.72,97.0,1828
2024-01-06 18:03:00,96.93,97.16,96.79,97.02,50008
2024-01-06 18:04:00,96.94,97.17,96.67,97.08,18573
2024-01-06 18:05:00,97.01,97.36,96.91,97.11,46860
2024-01-06 18:06:00,97.19,97.32,96.81,97.08,114114
2024-01-06 18:07:00,97.17,97.35,96.95,97.14,50179
2024-01-06 18:08:00,97.11,97.33,96.87,97.12,23252
2024-01-06 18:09:00,97.08,97.36,96.82,97.06,16540
2024-01-06 18:10:00,97.01,97.33,96.76,97.05,275329
2024-01-06 18:11:00,97.11,97.18,97.04,97.12,35717
2024-01-06 18:12:00,97.07,97.39,97.01,97.13,27163
2024-01-06 18:13:00,97.21,97.45,96.88,97.13,18344
2024-01-06 18:14:00,97.16,97.36,97.03,97.21,8986
2024-01-06 18:15:00,97.29,97.38,97.08,97.14,3131
2024-01-06 18:16:00,97.15,97.38,97.01,97.08,100828
2024-01-06 18:17:00,97.12,97.39,96.88,97.0,10103
2024-01-06 18:18:00,97.02,97.26,96.95,97.02,18209
2024-01-06 18:19:00,97.08,97.26,96.89,97.03,19809
2024-01-06 18:20:00,97.09,97.16,96.88,97.1,92328
2024-01-06 18:21:00,97.12,97.4,97.06,97.11,10236
2024-01-06 18:22:00,97.14,97.25,96.87,97.09,28491
2024-01-06 18:23:00,97.17,97.44,97.0,97.09,36759
2024-01-06 18:24:00,97.18,97.24,97.05,97.1,5516
2024-01-06 18:25:00,97.13,97.23,96.95,97.02,5021
2024-01-06 18:26:00,96.92,97.29,96.77,97.15,10774
2024-01-06 18:27:00,97.07,97.34,96.99,97.17,28104
2024-01-06 18:28:00,97.24,97.41,97.13,97.18,24747
2024-01-06 18:29:00,97.1,97.32,96.97,97.21,19553
2024-01-06 18:30:00,97.16,97.33,96.91,97.25,42293
2024-01-06 18:31:00,97.2,97.34,96.96,97.24,9350
2024-01-06 18:32:00,97.26,97.43,97.05,97.21,18572
2024-01-06 18:33:00,97.23,97.45,97.17,97.24,19662
2024-01-06 18:34:00,97.2,97.33,97.07,97.26,9606
2024-01-06 18:35:00,97.2,97.37,97.05,97.22,220068
2024-01-06 18:36:00,97.27,97.5,97.22,97.29,2539
2024-01-06 18:37:00,97.37,97.66,97.21,97.3,76166
2024-01-06 18:38:00,97.22,97.45,96.95,97.34,49024
2024-01-06 18:39:00,97.27,97.46,96.98,97.41,49428
2024-01-06 18:40:00,97.43,97.49,97.33,97.41,24242
2024-01-06 18:41:00,97.47,97.57,97.27,97.42,83581
2024-01-06 18:42:00,97.48,97.65,97.39,97.46,14067
2024-01-06 18:43:00,97.51,97.57,97.37,97.43,32612
2024-01-06 18:44:00,97.5,97.61,97.16,97.43,23699
2024-01-06 18:45:00,97.37,97.58,97.14,97.44,17460
2024-01-06 18:46:00,97.36,97.48,97.3,97.39,24880
2024-01-06 18:47:00,97.41,97.69,97.16,97.5,8529
2024-01-06 18:48:00,97.57,97.83,97.25,97.43,11338
2024-01-06 18:49:00,97.45,97.57,97.3,97.37,106971
2024-01-06 18:50:00,97.46,97.67,97.32,97.43,393012
2024-01-06 18:51:00,97.49,97.75,97.27,97.47,37047
2024-01-06 18:52:00,97.51,97.77,97.23,97.42,50693
2024-01-06 18:53:00,97.33,97.69,97.21,97.45,28340
2024-01-06 18:54:00,97.37,97.69,97.32,97.52,34719
2024-01-06 18:55:00,97.58,97.77,97.34,97.52,37941
2024-01-06 18:56:00,97.46,97.88,97.23,97.65,62033
2024-01-06 18:57:00,97.55,97.76,97.49,97.56,102431
2024-01-06 18:58:00,97.64,97.91,97.54,97.6,9095
2024-01-06 18:59:00,97.67,97.92,97.49,97.65,372427
2024-01-06 19:00:00,97.6,97.94,97.44,97.7,25292
2024-01-06 19:01:00,97.75,97.96,97.55,97.69,25300
2024-01-06 19:02:00,97.6,97.9,97.49,97.67,14575
2024-01-06 19:03:00,97.63,97.92,97.53,97.69,14631
2024-01-06 19:04:00,97.72,97.96,97.6,97.73,40797
2024-01-06 19:05:00,97.78,97.9,97.52,97.76,41654
2024-01-06 19:06:00,97.67,98.06,97.45,97.81,38763
2024-01-06 19:07:00,97.78,98.05,97.68,97.76,13976
2024-01-06 19:08:00,97.71,97.87,97.59,97.75,1478
2024-01-06 19:09:00,97.85,97.97,97.58,97.71,3657
2024-01-06 19:10:00,97.74,97.96,97.57,97.69,22321
2024-01-06 19:11:00,97.67,97.86,97.48,97.74,30818
2024-01-06 19:12:00,97.65,97.84,97.52,97.74,14476
2024-01-06 19:13:00,97.76,97.93,97.48,97.87,11015
2024-01-06 19:14:00,97.9,98.02,97.62,97.88,29634
2024-01-06 19:15:00,97.94,98.12,97.78,97.88,19778
2024-01-06 19:16:00,97.84,97.98,97.62,97.89,13677
2024-01-06 19:17:00,97.98,98.27,97.76,97.86,4378
2024-01-06 19:18:00,97.84,97.93,97.7,97.85,9471
2024-01-06 19:19:00,97.81,98.05,97.57,97.91,55971
2024-01-06 19:20:00,97.88,98.08,97.82,97.91,8411
2024-01-06 19:21:00,97.92,98.19,97.74,97.88,42772
2024-01-06 19:22:00,97.96,98.17,97.62,97.83,88115
2024-01-06 19:23:00,97.88,97.94,97.76,97.81,9985
2024-01-06 19:24:00,97.82,97.89,97.53,97.81,14119
2024-01-06 19:25:00,97.75,98.11,97.66,97.87,59121
2024-01-06 19:26:00,97.8,98.0,97.6,97.8,75571
2024-01-06 19:27:00,97.81,97.85,97.64,97.79,11558
2024-01-06 19:28:00,97.83,98.06,97.7,97.8,4353
2024-01-06 19:29:00,97.85,98.1,97.5,97.71,77255
2024-01-06 19:30:00,97.65,97.72,97.4,97.67,39492
2024-01-06 19:31:00,97.59,97.69,97.32,97.63,32880
2024-01-06 19:32:00,97.61,97.74,97.37,97.59,55027
2024-01-06 19:33:00,97.68,97.92,97.49,97.6,6733
2024-01-06 19:34:00,97.61,97.75,97.42,97.6,32571
2024-01-06 19:35:00,97.56,97.76,97.44,97.57,16559
2024-01-06 19:36:00,97.53,97.88,97.31,97.59,40245
2024-01-06 19:37:00,97.52,97.79,97.31,97.67,48973
2024-01-06 19:38:00,97.67,97.91,97.41,97.75,58486
2024-01-06 19:39:00,97.81,97.94,97.56,97.66,40077
2024-01-06 19:40:00,97.75,97.81,97.4,97.69,28301
2024-01-06 19:41:00,97.69,97.82,97.58,97.68,29265
2024-01-06 19:42:00,97.61,97.86,97.49,97.69,31785
2024-01-06 19:43:00,97.72,97.83,97.47,97.67,11798
2024-01-06 19:44:00,97.72,97.78,97.5,97.67,15206
2024-01-06 19:45:00,97.59,97.82,97.41,97.68,32936
2024-01-06 19:46:00,97.75,97.88,97.46,97.65,42212
2024-01-06 19:47:00,97.72,97.79,97.47,97.61,11487
2024-01-06 19:48:00,97.6,97.71,97.43,97.59,7505
2024-01-06 19:49:00,97.6,97.74,97.39,97.6,4124
2024-01-06 19:50:00,97.64,97.84,97.48,97.63,6239
2024-01-06 19:51:00,97.66,97.76,97.47,97.67,12841
2024-01-06 19:52:00,97.57,97.93,97.48,97.64,14092
2024-01-06 19:53:00,97.57,97.72,97.46,97.66,16600
2024-01-06 19:54:00,97.59,97.86,97.47,97.71,6601
2024-01-06 19:55:00,97.76,98.02,97.59,97.76,3595
2024-01-06 19:56:00,97.75,97.87,97.47,97.76,24998
2024-01-06 19:57:00,97.77,97.85,97.67,97.75,25008
2024-01-06 19:58:00,97.8,97.91,97.69,97.76,41000
2024-01-06 19:59:00,97.73,97.96,97.58,97.7,49763
2024-01-06 20:00:00,97.75,97.98,97.46,97.69,32609
2024-01-06 20:01:00,97.68,97.84,97.51,97.73,24702
2024-01-06 20:02:00,97.7,97.94,97.44,97.76,52891
2024-01-06 20:03:00,97.73,97.8,97.6,97.75,91496
2024-01-06 20:04:00,97.84,98.1,97.65,97.76,11196
2024-01-06 20:05:00,97.81,97.89,97.53,97.72,47584
2024-01-06 20:06:00,97.62,97.88,97.46,97.75,11799
2024-01-06 20:07:00,97.84,98.09,97.57,97.75,27420
2024-01-06 20:08:00,97.8,97.98,97.62,97.73,64185
2024-01-06 20:09:00,97.67,97.96,97.44,97.72,16752
2024-01-06 20:10:00,97.63,97.82,97.51,97.71,8500
2024-01-06 20:11:00,97.68,97.93,97.54,97.69,13915
2024-01-06 20:12:00,97.72,97.87,97.58,97.72,8492
2024-01-06 20:13:00,97.75,97.84,97.57,97.7,7523
2024-01-06 20:14:00,97.66,98.03,97.49,97.78,73612
2024-01-06 20:15:00,97.77,98.02,97.68,97.85,37510
2024-01-06 20:16:00,97.8,97.9,97.74,97.81,10726
2024-01-06 20:17:00,97.72,97.87,97.55,97.81,8230
2024-01-06 20:18:00,97.82,97.97,97.67,97.78,8818
2024-01-06 20:19:00,97.75,98.06,97.61,97.77,10724
2024-01-06 20:20:00,97.77,98.11,97.67,97.86,69748
2024-01-06 20:21:00,97.95,98.06,97.66,97.85,19730
2024-01-06 20:22:00,97.78,97.92,97.73,97.87,185649
2024-01-06 20:23:00,97.77,97.98,97.67,97.89,21168
2024-01-06 20:24:00,97.81,98.02,97.59,97.84,12386
2024-01-06 20:25:00,97.84,97.96,97.69,97.8,55701
2024-01-06 20:26:00,97.84,98.09,97.65,97.74,4145
2024-01-06 20:27:00,97.76,97.97,97.42,97.7,26594
2024-01-06 20:28:00,97.7,97.8,97.49,97.56,6553
2024-01-06 20:29:00,97.53,97.88,97.42,97.59,2484
2024-01-06 20:30:00,97.55,97.8,97.38,97.69,19581
2024-01-06 20:31:00,97.66,97.8,97.37,97.7,50755
2024-01-06 20:32:00,97.72,97.78,97.47,97.63,27280
2024-01-06 20:33:00,97.56,97.78,97.4,97.59,24190
2024-01-06 20:34:00,97.65,97.82,97.28,97.57,1637
2024-01-06 20:35:00,97.59,97.85,97.4,97.52,18864
2024-01-06 20:36:00,97.48,97.75,97.43,97.56,19049
2024-01-06 20:37:00,97.56,97.75,97.48,97.6,40997
2024-01-06 20:38:00,97.69,97.92,97.44,97.55,7645
2024-01-06 20:39:00,97.45,97.81,97.33,97.58,50496
2024-01-06 20:40:00,97.52,97.93,97.37,97.66,13235
2024-01-06 20:41:00,97.65,98.0,97.45,97.75,16329
2024-01-06 20:42:00,97.78,98.18,97.55,97.89,37344
2024-01-06 20:43:00,97.83,98.07,97.72,97.85,6704
2024-01-06 20:44:00,97.93,98.16,97.81,97.98,50221
2024-01-06 20:45:00,98.01,98.07,97.74,97.97,5683
2024-01-06 20:46:00,98.04,98.15,97.79,97.94,42411
2024-01-06 20:47:00,97.9,98.07,97.81,97.95,17405
2024-01-06 20:48:00,98.02,98.08,97.79,97.93,18887
2024-01-06 20:49:00,97.9,98.01,97.72,97.95,1027
2024-01-06 20:50:00,97.9,97.95,97.6,97.88,12200
2024-01-06 20:51:00,97.96,98.25,97.75,97.87,17850
2024-01-06 20:52:00,97.79,98.04,97.71,97.93,103634
2024-01-06 20:53:00,98.02,98.29,97.74,97.93,21249
2024-01-06 20:54:00,97.92,98.13,97.65,97.94,11464
2024-01-06 20:55:00,98.03,98.3,97.71,97.96,50698
2024-01-06 20:56:00,97.97,98.26,97.7,98.02,13290
2024-01-06 20:57:00,98.07,98.33,97.8,97.94,61834
2024-01-06 20:58:00,97.84,98.25,97.62,97.96,28605
2024-01-06 20:59:00,97.96,98.1,97.79,97.95,8959
2024-01-06 21:00:00,98.0,98.22,97.82,97.96,56267
2024-01-06 21:01:00,98.01,98.27,97.93,98.01,40176
2024-01-06 21:02:00,97.94,98.22,97.82,97.95,53944
2024-01-06 21:03:00,97.94,98.02,97.64,97.9,18359
2024-01-06 21:04:00,97.89,97.99,97.55,97.81,40180
2024-01-06 21:05:00,97.73,97.9,97.45,97.78,150315
2024-01-06 21:06:00,97.77,97.95,97.7,97.85,26144
2024-01-06 21:07:00,97.91,98.18,97.75,97.84,14784
2024-01-06 21:08:00,97.8,98.08,97.52,97.78,103152
2024-01-06 21:09:00,97.76,97.83,97.59,97.75,42920
2024-01-06 21:10:00,97.84,97.91,97.55,97.68,14037
2024-01-06 21:11:00,97.59,97.76,97.39,97.62,124882
2024-01-06 21:12:00,97.64,97.93,97.55,97.64,6611
2024-01-06 21:13:00,97.69,97.82,97.39,97.59,37390
2024-01-06 21:14:00,97.64,97.73,97.41,97.64,69319
2024-01-06 21:15:00,97.68,97.83,97.36,97.64,64327
2024-01-06 21:16:00,97.68,97.88,97.5,97.64,8955
2024-01-06 21:17:00,97.55,97.85,97.3,97.63,6370
2024-01-06 21:18:00,97.63,97.91,97.52,97.66,27708
2024-01-06 21:19:00,97.72,97.87,97.54,97.7,44566
2024-01-06 21:20:00,97.62,97.86,97.5,97.72,7495
2024-01-06 21:21:00,97.62,97.98,97.57,97.75,29785
2024-01-06 21:22:00,97.81,97.93,97.65,97.74,5128
2024-01-06 21:23:00,97.78,97.86,97.65,97.76,63630
2024-01-06 21:24:00,97.75,97.98,97.46,97.75,12440
2024-01-06 21:25:00,97.83,98.01,97.61,97.75,18694
2024-01-06 21:26:00,97.8,98.05,97.67,97.73,52277
2024-01-06 21:27:00,97.82,97.9,97.58,97.71,47629
2024-01-06 21:28:00,97.79,97.95,97.43,97.68,35381
2024-01-06 21:29:00,97.67,97.97,97.5,97.7,61665
2024-01-06 21:30:00,97.75,97.93,97.65,97.76,33158
2024-01-06 21:31:00,97.8,97.98,97.52,97.82,93669
2024-01-06 21:32:00,97.88,98.03,97.66,97.76,3980
2024-01-06 21:33:00,97.82,97.95,97.64,97.82,20752
2024-01-06 21:34:00,97.76,98.0,97.6,97.81,19889
2024-01-06 21:35:00,97.76,98.07,97.56,97.84,17694
2024-01-06 21:36:00,97.79,98.0,97.53,97.79,36222
2024-01-06 21:37:00,97.85,98.12,97.7,97.8,27282
2024-01-06 21:38:00,97.86,98.06,97.59,97.81,50252
2024-01-06 21:39:00,97.81,97.9,97.49,97.74,6742
2024-01-06 21:40:00,97.76,97.86,97.51,97.77,217991
2024-01-06 21:41:00,97.84,97.93,97.61,97.84,14898
2024-01-06 21:42:00,97.8,97.91,97.66,97.83,29341
2024-01-06 21:43:00,97.74,97.98,97.63,97.9,17921
2024-01-06 21:44:00,97.89,98.18,97.81,97.89,23886
2024-01-06 21:45:00,97.97,98.12,97.71,97.93,12901
2024-01-06 21:46:00,97.98,98.06,97.74,97.82,27059
2024-01-06 21:47:00,97.79,98.02,97.59,97.94,39343
2024-01-06 21:48:00,97.85,98.28,97.6,98.01,1994
2024-01-06 21:49:00,98.04,98.33,97.81,98.0,15858
2024-01-06 21:50:00,98.06,98.35,97.78,97.9,15266
2024-01-06 21:51:00,97.93,98.09,97.77,97.91,224373
2024-01-06 21:52:00,97.9,97.96,97.59,97.84,52055
2024-01-06 21:53:00,97.77,97.92,97.54,97.87,98721
2024-01-06 21:54:00,97.95,98.09,97.84,97.89,38488
2024-01-06 21:55:00,97.84,97.96,97.71,97.84,23917
2024-01-06 21:56:00,97.79,98.18,97.58,97.89,31702
2024-01-06 21:57:00,97.96,98.14,97.85,97.93,67709
2024-01-06 21:58:00,98.03,98.17,97.92,97.98,126768
2024-01-06 21:59:00,98.01,98.25,97.89,97.98,29793
2024-01-06 22:00:00,98.01,98.2,97.69,97.91,11814
2024-01-06 22:01:00,97.88,98.1,97.67,97.96,55524
2024-01-06 22:02:00,97.87,98.18,97.77,97.95,9384
2024-01-06 22:03:00,97.89,98.08,97.65,97.88,32545
2024-01-06 22:04:00,97.9,98.08,97.81,97.95,43534
2024-01-06 22:05:00,97.88,98.17,97.6,98.05,19770
2024-01-06 22:06:00,98.12,98.26,97.97,98.05,8912
2024-01-06 22:07:00,97.99,98.22,97.89,98.15,13980
2024-01-06 22:08:00,98.16,98.24,97.99,98.16,16051
2024-01-06 22:09:00,98.16,98.29,97.88,98.14,7680
2024-01-06 22:10:00,98.16,98.42,97.94,98.11,14971
2024-01-06 22:11:00,98.07,98.46,97.91,98.19,5156
2024-01-06 22:12:00,98.26,98.47,98.06,98.15,39780
2024-01-06 22:13:00,98.14,98.25,98.05,98.19,30740
2024-01-06 22:14:00,98.22,98.34,97.92,98.16,28730
2024-01-06 22:15:00,98.18,98.28,98.05,98.14,14974
2024-01-06 22:16:00,98.06,98.46,97.84,98.19,17119
2024-01-06 22:17:00,98.21,98.38,98.1,98.17,9614
2024-01-06 22:18:00,98.18,98.44,98.07,98.15,36503
2024-01-06 22:19:00,98.23,98.43,97.99,98.2,5665
2024-01-06 22:20:00,98.28,98.43,98.01,98.28,23950
2024-01-06 22:21:00,98.21,98.38,97.96,98.31,11687
2024-01-06 22:22:00,98.23,98.47,98.03,98.28,127683
2024-01-06 22:23:00,98.24,98.55,98.05,98.26,37301
2024-01-06 22:24:00,98.35,98.6,98.17,98.26,22016
2024-01-06 22:25:00,98.17,98.52,97.93,98.28,7287
2024-01-06 22:26:00,98.31,98.6,97.95,98.23,5633
2024-01-06 22:27:00,98.25,98.36,98.09,98.26,36163
2024-01-06 22:28:00,98.29,98.56,98.06,98.27,133091
2024-01-06 22:29:00,98.21,98.37,98.11,98.18,33155
2024-01-06 22:30:00,98.13,98.27,97.92,98.14,26246
2024-01-06 22:31:00,98.12,98.36,97.95,98.11,26628
2024-01-06 22:32:00,98.03,98.17,97.83,98.11,24416
2024-01-06 22:33:00,98.03,98.48,97.85,98.2,26993
2024-01-06 22:34:00,98.12,98.49,97.98,98.21,11101
2024-01-06 22:35:00,98.23,98.49,97.93,98.17,8320
2024-01-06 22:36:00,98.15,98.47,97.91,98.18,24568
2024-01-06 22:37:00,98.14,98.29,97.87,98.17,98068
2024-01-06 22:38:00,98.13,98.39,98.04,98.18,47907
2024-01-06 22:39:00,98.12,98.27,97.99,98.21,6416
2024-01-06 22:40:00,98.19,98.51,97.99,98.27,17065
2024-01-06 22:41:00,98.21,98.45,98.16,98.27,45660
2024-01-06 22:42:00,98.31,98.51,98.22,98.35,100395
2024-01-06 22:43:00,98.27,98.55,97.98,98.39,132096
2024-01-06 22:44:00,98.48,98.75,98.23,98.36,17841
2024-01-06 22:45:00,98.28,98.66,98.11,98.47,50223
2024-01-06 22:46:00,98.55,98.64,98.19,98.48,28261
2024-01-06 22:47:00,98.55,98.7,98.27,98.44,19541
2024-01-06 22:48:00,98.48,98.73,98.38,98.52,23443
2024-01-06 22:49:00,98.6,98.73,98.51,98.63,23733
2024-01-06 22:50:00,98.55,98.77,98.46,98.62,71336
2024-01-06 22:51:00,98.56,98.88,98.34,98.6,5407
2024-01-06 22:52:00,98.55,98.86,98.29,98.59,35176
2024-01-06 22:53:00,98.54,98.85,98.43,98.63,102684
2024-01-06 22:54:00,98.59,98.89,98.49,98.69,92206
2024-01-06 22:55:00,98.7,98.8,98.5,98.72,38908
2024-01-06 22:56:00,98.62,98.93,98.54,98.72,10331
2024-01-06 22:57:00,98.7,98.93,98.63,98.8,47895
2024-01-06 22:58:00,98.75,99.01,98.45,98.78,82862
2024-01-06 22:59:00,98.8,99.06,98.54,98.83,13158
2024-01-06 23:00:00,98.93,99.1,98.74,98.82,31495
2024-01-06 23:01:00,98.82,99.07,98.71,98.84,17938
2024-01-06 23:02:00,98.82,98.98,98.6,98.83,11920
2024-01-06 23:03:00,98.81,99.1,98.64,98.83,16071
2024-01-06 23:04:00,98.89,99.17,98.63,98.81,25047
2024-01-06 23:05:00,98.73,98.96,98.55,98.88,8793
2024-01-06 23:06:00,98.97,99.23,98.66,98.84,7464
2024-01-06 23:07:00,98.83,99.06,98.62,98.81,9048
2024-01-06 23:08:00,98.77,99.1,98.65,98.91,30573
2024-01-06 23:09:00,99.0,99.1,98.84,98.96,5085
2024-01-06 23:10:00,99.05,99.2,98.59,98.84,2399
2024-01-06 23:11:00,98.87,99.12,98.72,98.81,86899
2024-01-06 23:12:00,98.72,98.91,98.57,98.72,7996
2024-01-06 23:13:00,98.77,98.96,98.47,98.68,18142
2024-01-06 23:14:00,98.64,98.76,98.25,98.52,55397
2024-01-06 23:15:00,98.5,98.79,98.42,98.52,5227
2024-01-06 23:16:00,98.45,98.68,98.39,98.46,5221
2024-01-06 23:17:00,98.46,98.52,98.18,98.46,11700
2024-01-06 23:18:00,98.51,98.73,98.25,98.38,57601
2024-01-06 23:19:00,98.34,98.6,98.08,98.39,21554
2024-01-06 23:20:00,98.47,98.74,98.31,98.37,21849
2024-01-06 23:21:00,98.31,98.69,98.05,98.44,16392
2024-01-06 23:22:00,98.35,98.7,98.19,98.51,38643
2024-01-06 23:23:00,98.54,98.62,98.43,98.55,92212
2024-01-06 23:24:00,98.62,98.79,98.27,98.53,435401
2024-01-06 23:25:00,98.62,98.88,98.45,98.63,18994
2024-01-06 23:26:00,98.68,98.93,98.32,98.55,101310
2024-01-06 23:27:00,98.49,98.69,98.38,98.48,59830
2024-01-06 23:28:00,98.58,98.71,98.39,98.48,28767
2024-01-06 23:29:00,98.56,98.64,98.49,98.59,2416
2024-01-06 23:30:00,98.52,98.82,98.47,98.58,15094
2024-01-06 23:31:00,98.59,98.74,98.28,98.57,15705
2024-01-06 23:32:00,98.58,98.83,98.27,98.5,31533
2024-01-06 23:33:00,98.49,98.66,98.28,98.55,18079
2024-01-06 23:34:00,98.64,98.82,98.39,98.59,12541
2024-01-06 23:35:00,98.51,98.79,98.33,98.63,167713
2024-01-06 23:36:00,98.66,98.95,98.47,98.6,81485
2024-01-06 23:37:00,98.54,98.67,98.38,98.57,2913
2024-01-06 23:38:00,98.57,98.75,98.43,98.5,16629
2024-01-06 23:39:00,98.56,98.81,98.35,98.51,41395
2024-01-06 23:40:00,98.46,98.61,98.24,98.45,83358
2024-01-06 23:41:00,98.43,98.67,98.1,98.4,14472
2024-01-06 23:42:00,98.49,98.58,98.24,98.38,17758
2024-01-06 23:43:00,98.43,98.52,98.09,98.35,24216
2024-01-06 23:44:00,98.37,98.55,98.07,98.33,42695
2024-01-06 23:45:00,98.27,98.64,98.09,98.35,4743
2024-01-06 23:46:00,98.33,98.43,98.2,98.35,2935
2024-01-06 23:47:00,98.41,98.46,98.08,98.34,77230
2024-01-06 23:48:00,98.4,98.45,98.15,98.35,8183
2024-01-06 23:49:00,98.3,98.37,98.25,98.3,183994
2024-01-06 23:50:00,98.33,98.44,98.12,98.3,9287
2024-01-06 23:51:00,98.22,98.38,98.02,98.31,18307
2024-01-06 23:52:00,98.22,98.45,97.93,98.24,31843
2024-01-06 23:53:00,98.25,98.56,98.06,98.29,2612
2024-01-06 23:54:00,98.23,98.49,98.09,98.24,386308
2024-01-06 23:55:00,98.16,98.44,98.01,98.25,14838
2024-01-06 23:56:00,98.29,98.44,98.06,98.3,9523
2024-01-06 23:57:00,98.3,98.47,98.16,98.35,6861
2024-01-06 23:58:00,98.41,98.55,98.09,98.35,31626
2024-01-06 23:59:00,98.38,98.47,98.19,98.33,29461
2024-01-07 00:00:00,98.38,98.65,98.33,98.38,7096
2024-01-07 00:01:00,98.34,98.7,98.07,98.41,5586
2024-01-07 00:02:00,98.37,98.53,98.16,98.38,63275
2024-01-07 00:03:00,98.4,98.7,98.16,98.34,11433
2024-01-07 00:04:00,98.28,98.36,97.98,98.24,3940
2024-01-07 00:05:00,98.3,98.39,98.14,98.25,18997
2024-01-07 00:06:00,98.25,98.52,98.13,98.25,14739
2024-01-07 00:07:00,98.19,98.53,98.03,98.3,154821
2024-01-07 00:08:00,98.33,98.56,98.21,98.32,13066
2024-01-07 00:09:00,98.41,98.56,98.26,98.38,16183
2024-01-07 00:10:00,98.3,98.46,98.18,98.35,27431
2024-01-07 00:11:00,98.27,98.53,97.99,98.41,12445
2024-01-07 00:12:00,98.47,98.65,98.22,98.38,34233
2024-01-07 00:13:00,98.3,98.59,98.01,98.42,7967
2024-01-07 00:14:00,98.33,98.56,98.11,98.35,17338
2024-01-07 00:15:00,98.32,98.48,98.15,98.36,33084
2024-01-07 00:16:00,98.35,98.45,98.04,98.26,68709
2024-01-07 00:17:00,98.27,98.41,98.01,98.25,12256
2024-01-07 00:18:00,98.25,98.37,98.1,98.27,12111
2024-01-07 00:19:00,98.35,98.52,98.15,98.24,102871
2024-01-07 00:20:00,98.3,98.36,98.07,98.19,12685
2024-01-07 00:21:00,98.29,98.47,98.02,98.23,20811
2024-01-07 00:22:00,98.23,98.38,98.06,98.23,122119
2024-01-07 00:23:00,98.15,98.39,97.97,98.2,23563
2024-01-07 00:24:00,98.29,98.37,98.06,98.21,17192
2024-01-07 00:25:00,98.11,98.44,97.93,98.34,18524
2024-01-07 00:26:00,98.39,98.63,98.2,98.39,10504
2024-01-07 00:27:00,98.3,98.55,98.2,98.45,34571
2024-01-07 00:28:00,98.5,98.56,98.32,98.47,8742
2024-01-07 00:29:00,98.56,98.71,98.37,98.48,47978
2024-01-07 00:30:00,98.46,98.7,98.22,98.36,22364
2024-01-07 00:31:00,98.31,98.54,98.1,98.33,27874
2024-01-07 00:32:00,98.27,98.5,98.0,98.3,124206
2024-01-07 00:33:00,98.3,98.36,98.15,98.21,5171
2024-01-07 00:34:00,98.15,98.38,98.01,98.16,22571
2024-01-07 00:35:00,98.19,98.48,97.96,98.06,41692
2024-01-07 00:36:00,98.03,98.15,97.84,98.06,11893
2024-01-07 00:37:00,98.02,98.21,97.89,98.1,57017
2024-01-07 00:38:00,98.09,98.43,98.03,98.15,12775
2024-01-07 00:39:00,98.16,98.35,98.03,98.17,29484
2024-01-07 00:40:00,98.1,98.26,97.99,98.12,19467
2024-01-07 00:41:00,98.17,98.25,97.97,98.03,25894
2024-01-07 00:42:00,98.1,98.4,97.73,97.94,23717
2024-01-07 00:43:00,97.9,98.14,97.82,97.88,21333
2024-01-07 00:44:00,97.82,97.89,97.62,97.84,13718
2024-01-07 00:45:00,97.89,98.11,97.68,97.83,11330
2024-01-07 00:46:00,97.77,97.92,97.63,97.78,30211
2024-01-07 00:47:00,97.69,97.88,97.46,97.8,23218
2024-01-07 00:48:00,97.82,97.92,97.66,97.79,11024
2024-01-07 00:49:00,97.73,98.0,97.69,97.79,31050
2024-01-07 00:50:00,97.72,98.08,97.45,97.84,13869
2024-01-07 00:51:00,97.94,98.0,97.59,97.78,104343
2024-01-07 00:52:00,97.74,97.95,97.68,97.8,265449
2024-01-07 00:53:00,97.88,98.1,97.61,97.8,88348
2024-01-07 00:54:00,97.74,97.99,97.49,97.79,83560
2024-01-07 00:55:00,97.85,97.97,97.62,97.83,49720
2024-01-07 00:56:00,97.83,98.1,97.74,97.87,17857
2024-01-07 00:57:00,97.79,98.11,97.66,97.83,3297
2024-01-07 00:58:00,97.87,98.1,97.59,97.82,7902
2024-01-07 00:59:00,97.9,98.07,97.75,97.83,11195
2024-01-07 01:00:00,97.77,97.94,97.66,97.82,73698
2024-01-07 01:01:00,97.86,98.04,97.73,97.85,28456
2024-01-07 01:02:00,97.84,98.04,97.72,97.86,11389
2024-01-07 01:03:00,97.91,98.0,97.77,97.95,3480
2024-01-07 01:04:00,97.99,98.19,97.64,97.88,223719
2024-01-07 01:05:00,97.78,97.93,97.67,97.87,37545
2024-01-07 01:06:00,97.81,98.12,97.69,97.83,54639
2024-01-07 01:07:00,97.82,98.09,97.65,97.86,12891
2024-01-07 01:08:00,97.94,98.02,97.57,97.78,19175
2024-01-07 01:09:00,97.75,98.08,97.48,97.79,15617
2024-01-07 01:10:00,97.82,98.04,97.59,97.76,23490
2024-01-07 01:11:00,97.67,97.85,97.53,97.73,139495
2024-01-07 01:12:00,97.77,97.9,97.38,97.66,6605
2024-01-07 01:13:00,97.68,97.78,97.49,97.63,21136
2024-01-07 01:14:00,97.68,97.84,97.53,97.69,31598
2024-01-07 01:15:00,97.77,97.82,97.57,97.68,19597
2024-01-07 01:16:00,97.62,97.89,97.38,97.72,59594
2024-01-07 01:17:00,97.67,97.99,97.53,97.8,3882
2024-01-07 01:18:00,97.89,98.11,97.6,97.81,144895
2024-01-07 01:19:00,97.74,97.89,97.67,97.78,5594
2024-01-07 01:20:00,97.83,98.07,97.63,97.81,7114
2024-01-07 01:21:00,97.85,97.94,97.67,97.78,14052
2024-01-07 01:22:00,97.81,98.05,97.55,97.75,11526
2024-01-07 01:23:00,97.7,97.98,97.52,97.68,33674
2024-01-07 01:24:00,97.62,97.79,97.4,97.73,29992
2024-01-07 01:25:00,97.76,97.87,97.58,97.71,24675
2024-01-07 01:26:00,97.64,97.81,97.52,97.72,5335
2024-01-07 01:27:00,97.75,98.0,97.47,97.66,19159
2024-01-07 01:28:00,97.66,97.76,97.47,97.69,22465
2024-01-07 01:29:00,97.66,97.87,97.38,97.65,75529
2024-01-07 01:30:00,97.61,97.9,97.55,97.64,26888
2024-01-07 01:31:00,97.73,97.99,97.62,97.68,32294
2024-01-07 01:32:00,97.69,97.81,97.61,97.72,156763
2024-01-07 01:33:00,97.74,97.83,97.48,97.72,6904
2024-01-07 01:34:00,97.81,98.03,97.42,97.64,14941
2024-01-07 01:35:00,97.67,98.06,97.52,97.78,7073
2024-01-07 01:36:00,97.87,97.92,97.66,97.87,109811
2024-01-07 01:37:00,97.79,98.16,97.5,97.9,117576
2024-01-07 01:38:00,97.97,98.11,97.62,97.87,101572
2024-01-07 01:39:00,97.83,98.12,97.75,97.86,38078
2024-01-07 01:40:00,97.92,98.12,97.74,97.83,32225
2024-01-07 01:41:00,97.9,98.06,97.63,97.9,13932
2024-01-07 01:42:00,97.85,98.15,97.66,97.91,47545
2024-01-07 01:43:00,97.89,98.14,97.78,97.87,6115
2024-01-07 01:44:00,97.91,98.01,97.75,97.85,6094
2024-01-07 01:45:00,97.77,98.14,97.5,97.9,14474
2024-01-07 01:46:00,97.95,98.17,97.67,97.98,145364
2024-01-07 01:47:00,97.9,98.28,97.72,98.06,13181
2024-01-07 01:48:00,98.14,98.34,97.83,98.09,15087
2024-01-07 01:49:00,98.05,98.15,97.96,98.08,29371
2024-01-07 01:50:00,98.09,98.21,97.65,97.92,54101
2024-01-07 01:51:00,97.85,98.22,97.71,97.94,77035
2024-01-07 01:52:00,97.89,98.21,97.71,97.94,7184
2024-01-07 01:53:00,97.92,98.11,97.66,97.94,19996
2024-01-07 01:54:00,97.94,98.13,97.78,97.95,27570
2024-01-07 01:55:00,97.85,97.93,97.8,97.88,30478
2024-01-07 01:56:00,97.96,98.16,97.84,97.91,52354
2024-01-07 01:57:00,97.81,98.17,97.61,97.94,50015
2024-01-07 01:58:00,97.99,98.15,97.75,97.97,22595
2024-01-07 01:59:00,97.97,98.31,97.86,98.02,69729
2024-01-07 02:00:00,98.02,98.23,97.77,98.05,58034
2024-01-07 02:01:00,97.99,98.08,97.89,98.03,53550
2024-01-07 02:02:00,98.05,98.23,97.84,98.02,12980
2024-01-07 02:03:00,98.03,98.1,97.88,98.03,44931
2024-01-07 02:04:00,97.96,98.21,97.81,98.03,73391
2024-01-07 02:05:00,97.98,98.3,97.74,98.08,13175
2024-01-07 02:06:00,98.0,98.28,97.84,98.11,25123
2024-01-07 02:07:00,98.03,98.44,97.84,98.22,105318
2024-01-07 02:08:00,98.12,98.59,97.95,98.32,32744
2024-01-07 02:09:00,98.27,98.52,98.19,98.33,20173
2024-01-07 02:10:00,98.36,98.62,97.99,98.14,94997
2024-01-07 02:11:00,98.1,98.43,97.95,98.2,13759
2024-01-07 02:12:00,98.17,98.22,98.02,98.17,4039
2024-01-07 02:13:00,98.1,98.22,97.96,98.14,10105
2024-01-07 02:14:00,98.15,98.28,98.02,98.12,68597
2024-01-07 02:15:00,98.08,98.17,97.86,98.09,37074
2024-01-07 02:16:00,98.13,98.36,98.01,98.12,23578
2024-01-07 02:17:00,98.17,98.34,97.88,98.05,63648
2024-01-07 02:18:00,98.06,98.2,97.88,97.99,26026
2024-01-07 02:19:00,97.95,98.11,97.69,98.01,17635
2024-01-07 02:20:00,98.01,98.3,97.86,98.04,50773
2024-01-07 02:21:00,97.99,98.3,97.82,98.07,15032
2024-01-07 02:22:00,98.15,98.22,97.78,98.03,35963
2024-01-07 02:23:00,98.09,98.19,97.76,97.99,9949
2024-01-07 02:24:00,97.99,98.16,97.74,97.96,7672
2024-01-07 02:25:00,98.05,98.22,97.75,97.97,9267
2024-01-07 02:26:00,97.98,98.1,97.92,98.05,21459
2024-01-07 02:27:00,98.01,98.28,97.71,97.95,11522
2024-01-07 02:28:00,97.87,98.19,97.71,97.94,11850
2024-01-07 02:29:00,97.94,98.11,97.69,97.87,18893
2024-01-07 02:30:00,97.94,98.05,97.56,97.79,20491
2024-01-07 02:31:00,97.86,98.11,97.57,97.84,4670
2024-01-07 02:32:00,97.86,98.04,97.71,97.86,1767
2024-01-07 02:33:00,97.84,98.14,97.61,97.89,32858
2024-01-07 02:34:00,97.91,98.19,97.71,97.93,25316
2024-01-07 02:35:00,97.98,98.25,97.84,97.91,5595
2024-01-07 02:36:00,97.89,98.1,97.81,97.89,34073
2024-01-07 02:37:00,97.88,98.23,97.68,97.99,34011
2024-01-07 02:38:00,98.03,98.08,97.78,97.98,16281
2024-01-07 02:39:00,98.05,98.14,97.93,98.02,156274
2024-01-07 02:40:00,98.07,98.16,97.85,98.02,78371
2024-01-07 02:41:00,97.92,98.0,97.84,97.93,14778
2024-01-07 02:42:00,97.85,97.96,97.78,97.83,15056
2024-01-07 02:43:00,97.9,98.01,97.6,97.8,5126
2024-01-07 02:44:00,97.86,98.06,97.56,97.85,74961
2024-01-07 02:45:00,97.83,97.97,97.57,97.89,28192
2024-01-07 02:46:00,97.9,98.08,97.76,97.93,50164
2024-01-07 02:47:00,98.01,98.15,97.81,97.88,2607
2024-01-07 02:48:00,97.97,98.13,97.72,97.96,47931
2024-01-07 02:49:00,98.02,98.28,97.63,97.92,13231
2024-01-07 02:50:00,97.86,98.17,97.66,97.93,39509
2024-01-07 02:51:00,97.97,98.14,97.66,97.93,37094
2024-01-07 02:52:00,97.85,98.15,97.76,97.92,21576
2024-01-07 02:53:00,98.0,98.21,97.83,97.98,10967
2024-01-07 02:54:00,97.91,98.14,97.65,97.95,32822
2024-01-07 02:55:00,97.98,98.19,97.6,97.88,9548
2024-01-07 02:56:00,97.9,98.17,97.8,97.88,62980
2024-01-07 02:57:00,97.94,97.99,97.72,97.86,10703
2024-01-07 02:58:00,97.87,98.29,97.77,98.03,22533
2024-01-07 02:59:00,97.94,98.28,97.78,98.06,10448
2024-01-07 03:00:00,98.1,98.34,97.95,98.04,25815
2024-01-07 03:01:00,98.02,98.13,97.88,97.99,7849
2024-01-07 03:02:00,97.96,98.14,97.78,97.9,9807
2024-01-07 03:03:00,98.0,98.24,97.71,97.85,218497
2024-01-07 03:04:00,97.87,98.08,97.57,97.85,51237
2024-01-07 03:05:00,97.9,98.12,97.79,97.92,31870
2024-01-07 03:06:00,97.93,98.23,97.88,97.98,36831
2024-01-07 03:07:00,98.03,98.14,97.85,97.99,29900
2024-01-07 03:08:00,98.04,98.14,97.78,97.97,20152
2024-01-07 03:09:00,98.01,98.19,97.84,97.99,46944
2024-01-07 03:10:00,98.09,98.21,97.81,97.96,9633
2024-01-07 03:11:00,97.95,98.17,97.85,98.05,108611
2024-01-07 03:12:00,98.09,98.22,97.84,98.04,24843
2024-01-07 03:13:00,98.1,98.3,97.91,98.03,49104
2024-01-07 03:14:00,98.01,98.29,97.81,97.92,106232
2024-01-07 03:15:00,97.92,98.14,97.85,97.91,35997
2024-01-07 03:16:00,98.01,98.22,97.79,97.96,9793
2024-01-07 03:17:00,97.86,98.09,97.77,97.9,74573
2024-01-07 03:18:00,97.87,98.03,97.63,97.87,120113
2024-01-07 03:19:00,97.86,98.14,97.76,97.91,3144
2024-01-07 03:20:00,97.81,97.97,97.76,97.83,19893
2024-01-07 03:21:00,97.91,97.98,97.81,97.89,29479
2024-01-07 03:22:00,97.84,97.98,97.61,97.86,16914
2024-01-07 03:23:00,97.81,98.01,97.57,97.84,6336
2024-01-07 03:24:00,97.9,98.14,97.59,97.79,9108
2024-01-07 03:25:00,97.74,97.97,97.47,97.8,3466
2024-01-07 03:26:00,97.83,98.11,97.67,97.92,57245
2024-01-07 03:27:00,97.99,98.25,97.9,97.96,86990
2024-01-07 03:28:00,98.02,98.23,97.84,97.92,85787
2024-01-07 03:29:00,97.98,98.23,97.73,97.98,21384
2024-01-07 03:30:00,97.89,98.13,97.68,97.96,28909
2024-01-07 03:31:00,97.88,98.27,97.71,98.03,64210
2024-01-07 03:32:00,97.99,98.34,97.83,98.07,17450
2024-01-07 03:33:00,97.98,98.24,97.73,97.92,8524
2024-01-07 03:34:00,97.92,98.08,97.82,97.87,12447
2024-01-07 03:35:00,97.85,98.04,97.59,97.92,26253
2024-01-07 03:36:00,97.93,98.08,97.78,97.93,10789
2024-01-07 03:37:00,97.89,98.06,97.76,97.88,35358
2024-01-07 03:38:00,97.87,98.04,97.71,97.85,5681
2024-01-07 03:39:00,97.81,98.09,97.57,97.75,17280
2024-01-07 03:40:00,97.69,98.0,97.48,97.75,33042
2024-01-07 03:41:00,97.78,97.96,97.52,97.86,25147
2024-01-07 03:42:00,97.89,97.97,97.73,97.9,10560
2024-01-07 03:43:00,97.96,98.11,97.78,98.0,45937
2024-01-07 03:44:00,98.08,98.2,97.82,98.05,28637
2024-01-07 03:45:00,98.09,98.38,97.86,98.1,2727
2024-01-07 03:46:00,98.13,98.33,97.94,98.19,34728
2024-01-07 03:47:00,98.11,98.48,97.99,98.21,14440
2024-01-07 03:48:00,98.14,98.28,98.05,98.2,13030
2024-01-07 03:49:00,98.26,98.44,98.02,98.25,9605
2024-01-07 03:50:00,98.2,98.54,98.04,98.33,8078
2024-01-07 03:51:00,98.3,98.53,98.09,98.3,27080
2024-01-07 03:52:00,98.23,98.47,98.13,98.27,38026
2024-01-07 03:53:00,98.21,98.4,98.07,98.27,25672
2024-01-07 03:54:00,98.33,98.58,98.07,98.31,56922
2024-01-07 03:55:00,98.27,98.46,98.2,98.35,39395
2024-01-07 03:56:00,98.34,98.58,98.13,98.28,2960
2024-01-07 03:57:00,98.21,98.48,98.14,98.38,8808
2024-01-07 03:58:00,98.41,98.46,98.19,98.35,72288
2024-01-07 03:59:00,98.39,98.52,98.11,98.33,6189
2024-01-07 04:00:00,98.31,98.59,98.19,98.29,1429
2024-01-07 04:01:00,98.34,98.53,98.21,98.42,137509
2024-01-07 04:02:00,98.37,98.6,98.15,98.43,29632
2024-01-07 04:03:00,98.47,98.61,98.32,98.39,11124
2024-01-07 04:04:00,98.44,98.67,98.19,98.43,9429
2024-01-07 04:05:00,98.53,98.64,98.39,98.47,41332
2024-01-07 04:06:00,98.42,98.64,98.32,98.46,35525
2024-01-07 04:07:00,98.38,98.64,98.14,98.5,30552
2024-01-07 04:08:00,98.46,98.57,98.21,98.46,18237
2024-01-07 04:09:00,98.39,98.65,98.29,98.44,6120
2024-01-07 04:10:00,98.37,98.55,98.14,98.34,21248
2024-01-07 04:11:00,98.31,98.41,98.19,98.27,63904
2024-01-07 04:12:00,98.26,98.54,98.04,98.36,12810
2024-01-07 04:13:00,98.44,98.61,98.38,98.44,40177
2024-01-07 04:14:00,98.38,98.72,98.16,98.45,14696
2024-01-07 04:15:00,98.54,98.74,98.32,98.53,49081
2024-01-07 04:16:00,98.59,98.74,98.23,98.52,8267
2024-01-07 04:17:00,98.6,98.68,98.28,98.51,22330
2024-01-07 04:18:00,98.59,98.75,98.25,98.51,34768
2024-01-07 04:19:00,98.56,98.79,98.32,98.51,11209
2024-01-07 04:20:00,98.56,98.84,98.22,98.5,31653
2024-01-07 04:21:00,98.48,98.61,98.39,98.55,21385
2024-01-07 04:22:00,98.55,98.78,98.28,98.56,21075
2024-01-07 04:23:00,98.64,98.8,98.54,98.59,11184
2024-01-07 04:24:00,98.57,98.85,98.47,98.65,59715
2024-01-07 04:25:00,98.55,98.85,98.41,98.66,8560
2024-01-07 04:26:00,98.72,98.9,98.34,98.62,29137
2024-01-07 04:27:00,98.63,98.8,98.49,98.55,9421
2024-01-07 04:28:00,98.61,98.8,98.43,98.56,20616
2024-01-07 04:29:00,98.47,98.79,98.31,98.55,41892
2024-01-07 04:30:00,98.57,98.8,98.28,98.55,16500
2024-01-07 04:31:00,98.5,98.69,98.21,98.55,1016
2024-01-07 04:32:00,98.63,98.77,98.42,98.68,5740
2024-01-07 04:33:00,98.6,98.67,98.5,98.61,2545
2024-01-07 04:34:00,98.68,98.89,98.46,98.52,23574
2024-01-07 04:35:00,98.43,98.61,98.31,98.53,21916
2024-01-07 04:36:00,98.44,98.7,98.39,98.51,15512
2024-01-07 04:37:00,98.46,98.7,98.26,98.53,11772
2024-01-07 04:38:00,98.5,98.71,98.43,98.56,27477
2024-01-07 04:39:00,98.58,98.82,98.38,98.62,5180
2024-01-07 04:40:00,98.55,98.72,98.33,98.55,57300
2024-01-07 04:41:00,98.53,98.64,98.3,98.52,23744
2024-01-07 04:42:00,98.46,98.63,98.32,98.54,8562
2024-01-07 04:43:00,98.61,98.68,98.33,98.58,14495
2024-01-07 04:44:00,98.49,98.87,98.2,98.69,19315
2024-01-07 04:45:00,98.66,99.02,98.36,98.73,5537
2024-01-07 04:46:00,98.76,98.83,98.53,98.73,43082
2024-01-07 04:47:00,98.81,98.96,98.51,98.69,57842
2024-01-07 04:48:00,98.76,98.89,98.6,98.66,24770
2024-01-07 04:49:00,98.74,98.96,98.34,98.63,56418
2024-01-07 04:50:00,98.54,98.84,98.41,98.66,311766
2024-01-07 04:51:00,98.73,99.01,98.54,98.68,3366
2024-01-07 04:52:00,98.73,99.01,98.35,98.61,23199
2024-01-07 04:53:00,98.69,98.87,98.37,98.59,5749
2024-01-07 04:54:00,98.55,98.85,98.34,98.63,104895
2024-01-07 04:55:00,98.71,98.8,98.43,98.65,28178
2024-01-07 04:56:00,98.63,98.73,98.41,98.68,10958
2024-01-07 04:57:00,98.7,98.89,98.58,98.7,16977
2024-01-07 04:58:00,98.68,99.02,98.53,98.78,83809
2024-01-07 04:59:00,98.76,98.96,98.71,98.79,34623
2024-01-07 05:00:00,98.8,98.95,98.68,98.77,39297
2024-01-07 05:01:00,98.74,98.86,98.61,98.72,97546
2024-01-07 05:02:00,98.78,98.84,98.57,98.74,57203
2024-01-07 05:03:00,98.76,98.94,98.43,98.62,67778
2024-01-07 05:04:00,98.65,98.82,98.34,98.61,19412
2024-01-07 05:05:00,98.55,98.66,98.35,98.6,2312
2024-01-07 05:06:00,98.69,98.95,98.47,98.53,24429
2024-01-07 05:07:00,98.56,98.73,98.29,98.48,11333
2024-01-07 05:08:00,98.42,98.62,98.31,98.52,48464
2024-01-07 05:09:00,98.57,98.82,98.35,98.53,3750
2024-01-07 05:10:00,98.47,98.67,98.23,98.54,50424
2024-01-07 05:11:00,98.45,98.79,98.32,98.55,26596
2024-01-07 05:12:00,98.56,98.73,98.35,98.56,31375
2024-01-07 05:13:00,98.57,98.75,98.37,98.62,40894
2024-01-07 05:14:00,98.56,98.74,98.44,98.63,21408
2024-01-07 05:15:00,98.6,98.72,98.27,98.55,15788
2024-01-07 05:16:00,98.64,98.9,98.45,98.64,68526
2024-01-07 05:17:00,98.59,98.84,98.53,98.65,39861
2024-01-07 05:18:00,98.59,98.83,98.46,98.62,43863
2024-01-07 05:19:00,98.72,98.92,98.31,98.56,20281
2024-01-07 05:20:00,98.52,98.64,98.32,98.58,24576
2024-01-07 05:21:00,98.62,98.81,98.48,98.58,21736
2024-01-07 05:22:00,98.52,98.86,98.34,98.65,3850
2024-01-07 05:23:00,98.66,98.9,98.56,98.64,5535
2024-01-07 05:24:00,98.61,98.77,98.3,98.6,19473
2024-01-07 05:25:00,98.69,98.91,98.42,98.64,3369
2024-01-07 05:26:00,98.63,98.81,98.55,98.69,19729
2024-01-07 05:27:00,98.7,98.99,98.62,98.69,9006
2024-01-07 05:28:00,98.78,99.08,98.65,98.73,20414
2024-01-07 05:29:00,98.82,98.92,98.6,98.73,26108
2024-01-07 05:30:00,98.65,98.91,98.4,98.74,3435
2024-01-07 05:31:00,98.8,99.09,98.66,98.79,30487
2024-01-07 05:32:00,98.77,98.88,98.57,98.83,14051
2024-01-07 05:33:00,98.84,99.07,98.67,98.82,2158
2024-01-07 05:34:00,98.79,98.98,98.67,98.88,13892
2024-01-07 05:35:00,98.86,99.08,98.6,98.77,32198
2024-01-07 05:36:00,98.7,99.1,98.6,98.87,14681
2024-01-07 05:37:00,98.88,99.14,98.7,98.78,13812
2024-01-07 05:38:00,98.79,98.92,98.56,98.75,25690
2024-01-07 05:39:00,98.69,98.98,98.58,98.75,13639
2024-01-07 05:40:00,98.76,99.04,98.52,98.74,16862
2024-01-07 05:41:00,98.84,98.94,98.56,98.79,5846
2024-01-07 05:42:00,98.84,99.06,98.51,98.74,13117
2024-01-07 05:43:00,98.74,99.03,98.51,98.75,144940
2024-01-07 05:44:00,98.84,98.97,98.48,98.73,26328
2024-01-07 05:45:00,98.74,98.96,98.55,98.74,28828
2024-01-07 05:46:00,98.67,98.87,98.39,98.74,11583
2024-01-07 05:47:00,98.75,98.92,98.54,98.74,14843
2024-01-07 05:48:00,98.68,98.87,98.44,98.71,17527
2024-01-07 05:49:00,98.77,98.9,98.44,98.69,52796
2024-01-07 05:50:00,98.78,98.86,98.48,98.7,73046
2024-01-07 05:51:00,98.68,98.92,98.45,98.75,13983
2024-01-07 05:52:00,98.74,98.92,98.64,98.72,21516
2024-01-07 05:53:00,98.7,98.87,98.39,98.68,17412
2024-01-07 05:54:00,98.64,98.94,98.51,98.71,47210
2024-01-07 05:55:00,98.77,99.05,98.46,98.71,35192
2024-01-07 05:56:00,98.73,98.89,98.53,98.75,20131
2024-01-07 05:57:00,98.66,98.86,98.59,98.7,60454
2024-01-07 05:58:00,98.77,99.02,98.52,98.61,36979
2024-01-07 05:59:00,98.55,98.75,98.33,98.59,10187
2024-01-07 06:00:00,98.68,98.96,98.49,98.55,22208
2024-01-07 06:01:00,98.53,98.69,98.33,98.55,18462
2024-01-07 06:02:00,98.57,98.81,98.24,98.52,8201
2024-01-07 06:03:00,98.43,98.6,98.23,98.55,17583
2024-01-07 06:04:00,98.52,98.59,98.28,98.54,68808
2024-01-07 06:05:00,98.6,98.68,98.28,98.55,65835
2024-01-07 06:06:00,98.54,98.64,98.3,98.55,54898
2024-01-07 06:07:00,98.63,98.75,98.38,98.56,48009
2024-01-07 06:08:00,98.58,98.78,98.46,98.56,27118
2024-01-07 06:09:00,98.65,98.77,98.51,98.59,12071
2024-01-07 06:10:00,98.68,98.73,98.44,98.55,38706
2024-01-07 06:11:00,98.54,98.79,98.31,98.62,4245
2024-01-07 06:12:00,98.63,98.87,98.54,98.6,11249
2024-01-07 06:13:00,98.67,98.79,98.3,98.54,66486
2024-01-07 06:14:00,98.49,98.72,98.39,98.55,13465
2024-01-07 06:15:00,98.62,98.77,98.39,98.51,41771
2024-01-07 06:16:00,98.53,98.6,98.29,98.54,15320
2024-01-07 06:17:00,98.58,98.77,98.3,98.65,38183
2024-01-07 06:18:00,98.57,98.88,98.34,98.61,4721
2024-01-07 06:19:00,98.66,98.79,98.51,98.63,78574
2024-01-07 06:20:00,98.59,98.76,98.4,98.54,7215
2024-01-07 06:21:00,98.6,98.87,98.48,98.56,5642
2024-01-07 06:22:00,98.56,98.79,98.32,98.52,74463
2024-01-07 06:23:00,98.47,98.74,98.29,98.49,21964
2024-01-07 06:24:00,98.58,98.78,98.15,98.43,16215
2024-01-07 06:25:00,98.49,98.56,98.39,98.47,105624
2024-01-07 06:26:00,98.57,98.71,98.35,98.52,45756
2024-01-07 06:27:00,98.49,98.62,98.42,98.52,14051
2024-01-07 06:28:00,98.55,98.6,98.24,98.48,19256
2024-01-07 06:29:00,98.5,98.73,98.24,98.56,64467
2024-01-07 06:30:00,98.59,98.73,98.3,98.52,8403
2024-01-07 06:31:00,98.43,98.6,98.21,98.41,93288
2024-01-07 06:32:00,98.37,98.58,98.3,98.44,14138
2024-01-07 06:33:00,98.52,98.8,98.13,98.38,9214
2024-01-07 06:34:00,98.37,98.56,98.08,98.43,65310
2024-01-07 06:35:00,98.52,98.64,98.25,98.41,45917
2024-01-07 06:36:00,98.35,98.68,98.23,98.44,3727
2024-01-07 06:37:00,98.54,98.67,98.36,98.51,19794
2024-01-07 06:38:00,98.55,98.71,98.37,98.45,7293
2024-01-07 06:39:00,98.5,98.56,98.15,98.42,48939
2024-01-07 06:40:00,98.4,98.55,98.33,98.42,122959
2024-01-07 06:41:00,98.5,98.73,98.37,98.49,37711
2024-01-07 06:42:00,98.5,98.6,98.18,98.46,10304
2024-01-07 06:43:00,98.5,98.77,98.36,98.43,53634
2024-01-07 06:44:00,98.35,98.73,98.08,98.46,20944
2024-01-07 06:45:00,98.48,98.69,98.25,98.43,20459
2024-01-07 06:46:00,98.5,98.61,98.36,98.44,13557
2024-01-07 06:47:00,98.37,98.57,98.11,98.36,24457
2024-01-07 06:48:00,98.41,98.69,98.31,98.47,20517
2024-01-07 06:49:00,98.37,98.52,98.19,98.4,1989
2024-01-07 06:50:00,98.49,98.69,98.32,98.39,22603
2024-01-07 06:51:00,98.48,98.68,98.15,98.38,19194
2024-01-07 06:52:00,98.36,98.57,98.25,98.48,31157
2024-01-07 06:53:00,98.4,98.53,98.12,98.41,2960
2024-01-07 06:54:00,98.44,98.66,98.26,98.51,36754
2024-01-07 06:55:00,98.42,98.78,98.28,98.55,22665
2024-01-07 06:56:00,98.54,98.64,98.33,98.57,36139
2024-01-07 06:57:00,98.52,98.74,98.41,98.52,4319
2024-01-07 06:58:00,98.51,98.61,98.3,98.55,6407
2024-01-07 06:59:00,98.45,98.74,98.4,98.51,3377
2024-01-07 07:00:00,98.42,98.8,98.14,98.57,25497
2024-01-07 07:01:00,98.48,98.62,98.3,98.53,15598
2024-01-07 07:02:00,98.55,98.77,98.42,98.52,19072
2024-01-07 07:03:00,98.53,98.77,98.23,98.49,5472
2024-01-07 07:04:00,98.44,98.7,98.33,98.45,6569
2024-01-07 07:05:00,98.47,98.73,98.32,98.48,1815
2024-01-07 07:06:00,98.56,98.67,98.42,98.51,5735
2024-01-07 07:07:00,98.46,98.84,98.31,98.57,11498
2024-01-07 07:08:00,98.63,98.9,98.39,98.48,12108
2024-01-07 07:09:00,98.51,98.77,98.44,98.53,20586
2024-01-07 07:10:00,98.44,98.71,98.15,98.66,47175
2024-01-07 07:11:00,98.63,98.7,98.47,98.63,11059
2024-01-07 07:12:00,98.64,98.99,98.38,98.73,35910
2024-01-07 07:13:00,98.77,98.94,98.51,98.71,47966
2024-01-07 07:14:00,98.67,98.88,98.57,98.65,69566
2024-01-07 07:15:00,98.74,98.86,98.51,98.63,35946
2024-01-07 07:16:00,98.67,98.83,98.55,98.68,23701
2024-01-07 07:17:00,98.66,98.77,98.51,98.64,7479
2024-01-07 07:18:00,98.56,98.76,98.39,98.61,28926
2024-01-07 07:19:00,98.55,98.73,98.31,98.64,15119
2024-01-07 07:20:00,98.64,98.9,98.53,98.64,87246
2024-01-07 07:21:00,98.64,98.75,98.41,98.67,24131
2024-01-07 07:22:00,98.72,99.0,98.62,98.68,18770
2024-01-07 07:23:00,98.73,98.78,98.61,98.71,90755
2024-01-07 07:24:00,98.65,98.9,98.36,98.68,13597
2024-01-07 07:25:00,98.7,98.94,98.51,98.7,21956
2024-01-07 07:26:00,98.6,98.87,98.5,98.65,164290
2024-01-07 07:27:00,98.63,98.93,98.5,98.71,28745
2024-01-07 07:28:00,98.77,98.87,98.58,98.68,67855
2024-01-07 07:29:00,98.66,98.95,98.42,98.74,99090
2024-01-07 07:30:00,98.8,99.0,98.66,98.73,12684
2024-01-07 07:31:00,98.82,98.88,98.63,98.74,54653
2024-01-07 07:32:00,98.76,98.88,98.56,98.71,15791
2024-01-07 07:33:00,98.64,98.73,98.41,98.66,169386
2024-01-07 07:34:00,98.64,98.86,98.44,98.58,93304
2024-01-07 07:35:00,98.48,98.71,98.41,98.52,46318
2024-01-07 07:36:00,98.54,98.7,98.25,98.51,62604
2024-01-07 07:37:00,98.57,98.78,98.44,98.52,10986
2024-01-07 07:38:00,98.54,98.83,98.33,98.57,122706
2024-01-07 07:39:00,98.62,98.79,98.33,98.55,8916
2024-01-07 07:40:00,98.61,98.7,98.32,98.5,33091
2024-01-07 07:41:00,98.57,98.77,98.15,98.43,10786
2024-01-07 07:42:00,98.39,98.52,98.24,98.46,52072
2024-01-07 07:43:00,98.53,98.81,98.42,98.52,126130
2024-01-07 07:44:00,98.55,98.84,98.5,98.59,34597
2024-01-07 07:45:00,98.54,98.68,98.41,98.62,30184
2024-01-07 07:46:00,98.72,98.96,98.58,98.65,19660
2024-01-07 07:47:00,98.74,98.89,98.65,98.74,24354
2024-01-07 07:48:00,98.75,98.86,98.58,98.75,15744
2024-01-07 07:49:00,98.82,98.95,98.68,98.78,112797
2024-01-07 07:50:00,98.74,98.92,98.52,98.77,48726
2024-01-07 07:51:00,98.75,98.83,98.53,98.7,15562
2024-01-07 07:52:00,98.64,98.79,98.5,98.67,23397
2024-01-07 07:53:00,98.67,98.92,98.39,98.67,406724
2024-01-07 07:54:00,98.67,98.78,98.46,98.67,28916
2024-01-07 07:55:00,98.61,98.98,98.36,98.77,94178
2024-01-07 07:56:00,98.8,99.07,98.6,98.77,12375
2024-01-07 07:57:00,98.69,99.12,98.41,98.83,35369
2024-01-07 07:58:00,98.74,98.98,98.56,98.81,11795
2024-01-07 07:59:00,98.78,99.01,98.64,98.79,12896
2024-01-07 08:00:00,98.77,98.99,98.55,98.73,48714
2024-01-07 08:01:00,98.69,98.75,98.43,98.69,8994
2024-01-07 08:02:00,98.64,99.0,98.59,98.71,6687
2024-01-07 08:03:00,98.68,98.96,98.54,98.72,43705
2024-01-07 08:04:00,98.65,98.96,98.48,98.76,13518
2024-01-07 08:05:00,98.74,98.96,98.57,98.77,16647
2024-01-07 08:06:00,98.85,99.11,98.54,98.75,3636
2024-01-07 08:07:00,98.7,99.01,98.48,98.86,6190
2024-01-07 08:08:00,98.9,99.18,98.79,98.85,27465
2024-01-07 08:09:00,98.78,99.06,98.52,98.91,17438
2024-01-07 08:10:00,98.88,99.12,98.6,98.89,54675
2024-01-07 08:11:00,98.86,98.99,98.59,98.93,8957
2024-01-07 08:12:00,99.01,99.26,98.72,98.97,18656
2024-01-07 08:13:00,98.96,99.18,98.9,98.98,23074
2024-01-07 08:14:00,99.02,99.2,98.72,98.87,17959
2024-01-07 08:15:00,98.89,99.07,98.64,98.87,40034
2024-01-07 08:16:00,98.8,99.13,98.68,98.93,7437
2024-01-07 08:17:00,99.02,99.21,98.88,98.96,36764
2024-01-07 08:18:00,98.92,99.03,98.78,98.98,68810
2024-01-07 08:19:00,98.89,99.13,98.63,98.89,9668
2024-01-07 08:20:00,98.85,99.04,98.59,98.86,32881
2024-01-07 08:21:00,98.82,98.96,98.54,98.88,31488
2024-01-07 08:22:00,98.8,99.17,98.6,98.9,39687
2024-01-07 08:23:00,98.92,99.02,98.76,98.96,22059
2024-01-07 08:24:00,98.93,99.04,98.72,98.95,90970
2024-01-07 08:25:00,98.98,99.07,98.8,98.97,181731
2024-01-07 08:26:00,98.87,99.07,98.78,98.97,41154
2024-01-07 08:27:00,99.07,99.18,98.87,98.92,30149
2024-01-07 08:28:00,98.86,99.08,98.69,98.81,22332
2024-01-07 08:29:00,98.84,99.06,98.62,98.83,5922
2024-01-07 08:30:00,98.87,98.94,98.71,98.84,5284
2024-01-07 08:31:00,98.78,99.0,98.5,98.81,6946
2024-01-07 08:32:00,98.73,98.88,98.56,98.73,28731
2024-01-07 08:33:00,98.66,99.0,98.41,98.76,18165
2024-01-07 08:34:00,98.71,99.03,98.54,98.75,101429
2024-01-07 08:35:00,98.68,98.87,98.44,98.78,1798
2024-01-07 08:36:00,98.81,98.95,98.66,98.87,22942
2024-01-07 08:37:00,98.85,99.06,98.54,98.76,33975
2024-01-07 08:38:00,98.77,99.0,98.63,98.73,54051
2024-01-07 08:39:00,98.64,99.01,98.54,98.72,25420
2024-01-07 08:40:00,98.79,98.86,98.57,98.79,31722
2024-01-07 08:41:00,98.72,99.0,98.52,98.71,26266
2024-01-07 08:42:00,98.68,99.0,98.5,98.8,34192
2024-01-07 08:43:00,98.72,98.87,98.5,98.81,21605
2024-01-07 08:44:00,98.74,98.94,98.46,98.81,182805
2024-01-07 08:45:00,98.84,98.93,98.67,98.8,39255
2024-01-07 08:46:00,98.83,99.01,98.61,98.77,26833
2024-01-07 08:47:00,98.81,98.97,98.68,98.83,10528
2024-01-07 08:48:00,98.84,98.92,98.52,98.77,15641
2024-01-07 08:49:00,98.86,99.02,98.6,98.79,99719
2024-01-07 08:50:00,98.79,98.98,98.58,98.77,1835
2024-01-07 08:51:00,98.76,98.98,98.53,98.73,23313
2024-01-07 08:52:00,98.68,98.98,98.5,98.86,21484
2024-01-07 08:53:00,98.78,98.99,98.59,98.88,36318
2024-01-07 08:54:00,98.89,99.07,98.83,98.91,28716
2024-01-07 08:55:00,98.88,99.2,98.76,98.97,100288
2024-01-07 08:56:00,98.97,99.25,98.78,98.9,24299
2024-01-07 08:57:00,98.84,99.28,98.68,98.98,20658
2024-01-07 08:58:00,99.05,99.11,98.79,98.86,57056
2024-01-07 08:59:00,98.96,99.03,98.76,98.82,102010
2024-01-07 09:00:00,98.79,98.92,98.66,98.8,43776
2024-01-07 09:01:00,98.87,98.94,98.67,98.83,60569
2024-01-07 09:02:00,98.9,99.04,98.63,98.84,17722
2024-01-07 09:03:00,98.94,99.04,98.56,98.83,24969
2024-01-07 09:04:00,98.8,99.01,98.6,98.83,97317
2024-01-07 09:05:00,98.88,98.94,98.59,98.78,37298
2024-01-07 09:06:00,98.73,98.87,98.43,98.71,17291
2024-01-07 09:07:00,98.73,99.01,98.53,98.74,22755
2024-01-07 09:08:00,98.78,99.02,98.57,98.78,62140
2024-01-07 09:09:00,98.83,98.91,98.6,98.86,67929
2024-01-07 09:10:00,98.8,98.91,98.58,98.82,9488
2024-01-07 09:11:00,98.89,98.94,98.73,98.85,31653
2024-01-07 09:12:00,98.84,99.02,98.7,98.84,21854
2024-01-07 09:13:00,98.78,99.12,98.6,98.9,20629
2024-01-07 09:14:00,98.91,99.23,98.77,98.95,83308
2024-01-07 09:15:00,99.02,99.25,98.7,98.96,17369
2024-01-07 09:16:00,99.05,99.16,98.71,98.94,12387
2024-01-07 09:17:00,98.99,99.14,98.91,98.99,9749
2024-01-07 09:18:00,98.89,99.07,98.66,99.02,18498
2024-01-07 09:19:00,98.95,99.08,98.89,98.99,10559
2024-01-07 09:20:00,98.9,99.09,98.77,98.92,9276
2024-01-07 09:21:00,98.84,99.13,98.77,98.91,9045
2024-01-07 09:22:00,98.88,99.06,98.73,98.98,9599
2024-01-07 09:23:00,98.95,99.22,98.7,99.04,10292
2024-01-07 09:24:00,98.96,99.18,98.69,98.98,32828
2024-01-07 09:25:00,99.06,99.16,98.73,98.93,3102
2024-01-07 09:26:00,98.95,99.2,98.72,98.99,10918
2024-01-07 09:27:00,99.05,99.34,98.77,98.93,19927
2024-01-07 09:28:00,98.91,99.1,98.65,98.96,69468
2024-01-07 09:29:00,98.94,99.03,98.87,98.93,17224
2024-01-07 09:30:00,98.89,99.17,98.78,99.01,18895
2024-01-07 09:31:00,99.0,99.14,98.68,98.97,20172
2024-01-07 09:32:00,98.99,99.16,98.77,99.03,3555
2024-01-07 09:33:00,99.02,99.15,98.9,99.03,42578
2024-01-07 09:34:00,99.1,99.21,98.86,99.05,40840
2024-01-07 09:35:00,99.13,99.23,98.72,98.95,49736
2024-01-07 09:36:00,98.94,99.16,98.69,98.84,269911
2024-01-07 09:37:00,98.79,98.89,98.73,98.83,6011
2024-01-07 09:38:00,98.92,99.1,98.59,98.84,4973
2024-01-07 09:39:00,98.89,99.09,98.63,98.79,44616
2024-01-07 09:40:00,98.81,99.08,98.63,98.73,15717
2024-01-07 09:41:00,98.78,98.92,98.57,98.76,8220
2024-01-07 09:42:00,98.68,98.91,98.38,98.79,16604
2024-01-07 09:43:00,98.7,98.94,98.64,98.78,11868
2024-01-07 09:44:00,98.71,98.91,98.53,98.82,123596
2024-01-07 09:45:00,98.75,98.95,98.46,98.76,211464
2024-01-07 09:46:00,98.75,98.94,98.53,98.74,4291
2024-01-07 09:47:00,98.68,98.93,98.6,98.83,5031
2024-01-07 09:48:00,98.9,99.09,98.57,98.83,10307
2024-01-07 09:49:00,98.84,99.04,98.68,98.84,11053
2024-01-07 09:50:00,98.81,99.14,98.64,98.95,10145
2024-01-07 09:51:00,98.86,98.96,98.63,98.88,18138
2024-01-07 09:52:00,98.9,99.1,98.75,98.92,14089
2024-01-07 09:53:00,98.84,99.19,98.73,99.0,5689
2024-01-07 09:54:00,99.05,99.21,98.78,98.99,7888
2024-01-07 09:55:00,99.05,99.15,98.79,99.03,103397
2024-01-07 09:56:00,99.04,99.22,98.72,98.98,15406
2024-01-07 09:57:00,98.91,99.21,98.74,98.95,14637
2024-01-07 09:58:00,99.0,99.1,98.73,98.97,4815
2024-01-07 09:59:00,98.93,99.16,98.73,99.0,13860
2024-01-07 10:00:00,98.95,99.14,98.74,99.06,57578
2024-01-07 10:01:00,99.05,99.28,98.92,99.14,39956
2024-01-07 10:02:00,99.22,99.51,98.98,99.13,49567
2024-01-07 10:03:00,99.09,99.41,98.89,99.19,6610
2024-01-07 10:04:00,99.27,99.35,98.94,99.18,6505
2024-01-07 10:05:00,99.09,99.35,98.84,99.22,68421
2024-01-07 10:06:00,99.14,99.43,99.01,99.23,50325
2024-01-07 10:07:00,99.27,99.41,99.02,99.25,17009
2024-01-07 10:08:00,99.19,99.46,98.98,99.27,51691
2024-01-07 10:09:00,99.24,99.33,98.95,99.2,6614
2024-01-07 10:10:00,99.12,99.27,98.92,99.14,6345
2024-01-07 10:11:00,99.11,99.22,98.98,99.14,4370
2024-01-07 10:12:00,99.1,99.31,98.94,99.06,31617
2024-01-07 10:13:00,99.11,99.38,98.89,99.1,27356
2024-01-07 10:14:00,99.14,99.41,98.99,99.15,13063
2024-01-07 10:15:00,99.24,99.29,98.97,99.16,10093
2024-01-07 10:16:00,99.21,99.34,98.95,99.11,246359
2024-01-07 10:17:00,99.14,99.39,98.92,99.17,16998
2024-01-07 10:18:00,99.21,99.33,98.97,99.28,88262
2024-01-07 10:19:00,99.35,99.52,99.1,99.28,19027
2024-01-07 10:20:00,99.24,99.43,99.09,99.31,13350
2024-01-07 10:21:00,99.27,99.54,99.03,99.32,90822
2024-01-07 10:22:00,99.37,99.51,99.12,99.34,48531
2024-01-07 10:23:00,99.29,99.45,99.03,99.34,21501
2024-01-07 10:24:00,99.42,99.62,99.09,99.34,68440
2024-01-07 10:25:00,99.34,99.55,99.24,99.38,273841
2024-01-07 10:26:00,99.34,99.66,99.2,99.5,10589
2024-01-07 10:27:00,99.55,99.69,99.33,99.43,35303
2024-01-07 10:28:00,99.39,99.66,99.32,99.42,14629
2024-01-07 10:29:00,99.52,99.79,99.27,99.37,8651
2024-01-07 10:30:00,99.46,99.75,99.15,99.44,8414
2024-01-07 10:31:00,99.48,99.63,99.12,99.41,108264
2024-01-07 10:32:00,99.34,99.61,99.27,99.34,3551
2024-01-07 10:33:00,99.3,99.66,99.24,99.37,36602
2024-01-07 10:34:00,99.38,99.56,99.18,99.46,9650
2024-01-07 10:35:00,99.53,99.6,99.4,99.49,129637
2024-01-07 10:36:00,99.43,99.79,99.14,99.5,16762
2024-01-07 10:37:00,99.43,99.77,99.25,99.53,15305
2024-01-07 10:38:00,99.44,99.87,99.36,99.6,105821
2024-01-07 10:39:00,99.6,99.88,99.41,99.55,52933
2024-01-07 10:40:00,99.63,99.89,99.33,99.55,38339
2024-01-07 10:41:00,99.46,99.81,99.19,99.52,49306
2024-01-07 10:42:00,99.47,99.74,99.26,99.47,7455
2024-01-07 10:43:00,99.5,99.76,99.21,99.45,46245
2024-01-07 10:44:00,99.51,99.6,99.29,99.5,18050
2024-01-07 10:45:00,99.57,99.65,99.27,99.53,31600
2024-01-07 10:46:00,99.59,99.66,99.27,99.56,35758
2024-01-07 10:47:00,99.49,99.72,99.4,99.57,7255
2024-01-07 10:48:00,99.55,99.88,99.49,99.6,39887
2024-01-07 10:49:00,99.69,99.86,99.32,99.56,18281
2024-01-07 10:50:00,99.66,99.78,99.36,99.54,6374
2024-01-07 10:51:00,99.56,99.79,99.27,99.55,19023
2024-01-07 10:52:00,99.59,99.67,99.48,99.57,22471
2024-01-07 10:53:00,99.66,99.83,99.43,99.58,39880
2024-01-07 10:54:00,99.57,99.73,99.45,99.58,2021
2024-01-07 10:55:00,99.5,99.75,99.23,99.56,32472
2024-01-07 10:56:00,99.59,99.8,99.49,99.71,13202
2024-01-07 10:57:00,99.81,100.02,99.7,99.76,49507
2024-01-07 10:58:00,99.8,100.02,99.65,99.78,21985
2024-01-07 10:59:00,99.84,99.98,99.62,99.77,15781
2024-01-07 11:00:00,99.75,99.89,99.49,99.75,18444
2024-01-07 11:01:00,99.67,100.02,99.48,99.74,30742
2024-01-07 11:02:00,99.67,99.95,99.61,99.75,54606
2024-01-07 11:03:00,99.85,100.08,99.46,99.66,9035
2024-01-07 11:04:00,99.66,99.72,99.48,99.58,15620
2024-01-07 11:05:00,99.48,99.65,99.39,99.55,95735
2024-01-07 11:06:00,99.64,99.85,99.28,99.56,15350
2024-01-07 11:07:00,99.56,99.8,99.38,99.55,31800
2024-01-07 11:08:00,99.62,99.77,99.47,99.62,6411
2024-01-07 11:09:00,99.63,99.83,99.41,99.55,3965
2024-01-07 11:10:00,99.47,99.62,99.27,99.51,7783
2024-01-07 11:11:00,99.53,99.73,99.48,99.59,11049
2024-01-07 11:12:00,99.69,99.74,99.48,99.59,62312
2024-01-07 11:13:00,99.5,99.81,99.36,99.64,69530
2024-01-07 11:14:00,99.71,99.8,99.6,99.74,3212
2024-01-07 11:15:00,99.69,99.78,99.4,99.7,12819
2024-01-07 11:16:00,99.68,99.83,99.63,99.7,44257
2024-01-07 11:17:00,99.67,99.9,99.57,99.69,19823
2024-01-07 11:18:00,99.77,99.96,99.5,99.59,99166
2024-01-07 11:19:00,99.59,99.88,99.28,99.57,43195
2024-01-07 11:20:00,99.56,99.83,99.34,99.62,16853
2024-01-07 11:21:00,99.68,99.84,99.35,99.64,18422
2024-01-07 11:22:00,99.55,99.83,99.45,99.68,20810
2024-01-07 11:23:00,99.59,99.74,99.49,99.66,9452
2024-01-07 11:24:00,99.56,99.82,99.45,99.62,56343
2024-01-07 11:25:00,99.66,99.9,99.52,99.69,46278
2024-01-07 11:26:00,99.69,99.96,99.47,99.66,34692
2024-01-07 11:27:00,99.74,99.94,99.49,99.68,28073
2024-01-07 11:28:00,99.68,99.96,99.61,99.69,7956
2024-01-07 11:29:00,99.63,99.82,99.4,99.76,36468
2024-01-07 11:30:00,99.82,100.06,99.65,99.81,25061
2024-01-07 11:31:00,99.77,99.9,99.62,99.74,163124
2024-01-07 11:32:00,99.83,99.94,99.41,99.68,6043
2024-01-07 11:33:00,99.63,99.83,99.42,99.71,10686
2024-01-07 11:34:00,99.65,99.95,99.59,99.71,4506
2024-01-07 11:35:00,99.71,99.77,99.55,99.69,17711
2024-01-07 11:36:00,99.6,99.96,99.48,99.74,3862
2024-01-07 11:37:00,99.64,99.8,99.52,99.75,72077
2024-01-07 11:38:00,99.74,99.82,99.64,99.75,65659
2024-01-07 11:39:00,99.69,99.92,99.61,99.79,18776
2024-01-07 11:40:00,99.69,99.99,99.58,99.77,7992
2024-01-07 11:41:00,99.73,100.06,99.53,99.85,4797
2024-01-07 11:42:00,99.84,100.12,99.74,99.81,10895
2024-01-07 11:43:00,99.79,99.94,99.52,99.84,41166
2024-01-07 11:44:00,99.77,100.17,99.67,99.91,10026
2024-01-07 11:45:00,99.93,100.0,99.58,99.84,148535
2024-01-07 11:46:00,99.88,99.98,99.56,99.83,97801
2024-01-07 11:47:00,99.86,100.17,99.76,99.88,22044
2024-01-07 11:48:00,99.86,100.2,99.71,99.94,13878
2024-01-07 11:49:00,99.87,100.18,99.72,99.93,12466
2024-01-07 11:50:00,99.93,100.0,99.67,99.9,108920
2024-01-07 11:51:00,99.97,100.06,99.66,99.94,11422
2024-01-07 11:52:00,99.94,100.16,99.87,100.0,56070
2024-01-07 11:53:00,99.94,100.05,99.68,99.94,22511
2024-01-07 11:54:00,99.86,100.01,99.6,99.88,44961
2024-01-07 11:55:00,99.97,100.07,99.73,99.9,9697
2024-01-07 11:56:00,99.94,100.21,99.86,99.93,15789
2024-01-07 11:57:00,99.89,100.04,99.61,99.91,21500
2024-01-07 11:58:00,99.87,100.14,99.64,99.95,11715
2024-01-07 11:59:00,100.02,100.29,99.73,99.91,76820
2024-01-07 12:00:00,99.85,100.11,99.6,99.8,10256
2024-01-07 12:01:00,99.81,100.03,99.7,99.78,12369
2024-01-07 12:02:00,99.83,100.11,99.54,99.79,85707
2024-01-07 12:03:00,99.77,99.89,99.57,99.77,70610
2024-01-07 12:04:00,99.68,99.86,99.47,99.71,107794
2024-01-07 12:05:00,99.66,99.96,99.56,99.62,3267
2024-01-07 12:06:00,99.7,99.99,99.53,99.6,26922
2024-01-07 12:07:00,99.6,99.81,99.43,99.64,24107
2024-01-07 12:08:00,99.71,99.82,99.52,99.71,12559
2024-01-07 12:09:00,99.72,100.02,99.59,99.77,30468
2024-01-07 12:10:00,99.85,99.92,99.52,99.72,15971
2024-01-07 12:11:00,99.81,100.04,99.38,99.67,25899
2024-01-07 12:12:00,99.66,99.78,99.39,99.69,661242
2024-01-07 12:13:00,99.66,99.89,99.55,99.72,30246
2024-01-07 12:14:00,99.74,100.03,99.63,99.74,31543
2024-01-07 12:15:00,99.78,100.01,99.4,99.64,50072
2024-01-07 12:16:00,99.64,99.8,99.38,99.6,26387
2024-01-07 12:17:00,99.66,99.86,99.5,99.6,7346
2024-01-07 12:18:00,99.54,99.86,99.25,99.62,4244
2024-01-07 12:19:00,99.59,99.83,99.29,99.66,21390
2024-01-07 12:20:00,99.7,99.85,99.5,99.67,16829
2024-01-07 12:21:00,99.62,99.9,99.52,99.68,3091
2024-01-07 12:22:00,99.67,99.96,99.42,99.69,112352
2024-01-07 12:23:00,99.78,100.05,99.52,99.72,24514
2024-01-07 12:24:00,99.75,100.02,99.52,99.74,92914
2024-01-07 12:25:00,99.83,100.01,99.46,99.74,2364
2024-01-07 12:26:00,99.79,99.95,99.55,99.73,94701
2024-01-07 12:27:00,99.77,99.87,99.45,99.73,13558
2024-01-07 12:28:00,99.75,99.86,99.65,99.76,77587
2024-01-07 12:29:00,99.69,99.85,99.52,99.77,27306
2024-01-07 12:30:00,99.77,99.91,99.54,99.79,34657
2024-01-07 12:31:00,99.74,99.98,99.51,99.86,34700
2024-01-07 12:32:00,99.96,100.05,99.76,99.87,14398
2024-01-07 12:33:00,99.82,100.09,99.68,99.84,11538
2024-01-07 12:34:00,99.78,99.96,99.49,99.88,15349
2024-01-07 12:35:00,99.91,100.0,99.73,99.81,5054
2024-01-07 12:36:00,99.82,99.95,99.69,99.76,13619
2024-01-07 12:37:00,99.66,99.86,99.4,99.78,10973
2024-01-07 12:38:00,99.7,99.89,99.62,99.8,4934
2024-01-07 12:39:00,99.86,100.13,99.58,99.74,34845
2024-01-07 12:40:00,99.74,99.83,99.53,99.72,22197
2024-01-07 12:41:00,99.65,99.75,99.49,99.69,28170
2024-01-07 12:42:00,99.68,99.88,99.38,99.67,44242
2024-01-07 12:43:00,99.62,99.84,99.38,99.71,17363
2024-01-07 12:44:00,99.66,99.83,99.5,99.75,8615
2024-01-07 12:45:00,99.84,99.94,99.57,99.75,29850
2024-01-07 12:46:00,99.72,99.87,99.43,99.72,1185
2024-01-07 12:47:00,99.63,99.93,99.43,99.65,19769
2024-01-07 12:48:00,99.75,99.84,99.53,99.72,47342
2024-01-07 12:49:00,99.78,100.03,99.69,99.75,62750
2024-01-07 12:50:00,99.7,99.88,99.64,99.72,12972
2024-01-07 12:51:00,99.7,99.86,99.63,99.75,2341
2024-01-07 12:52:00,99.83,100.12,99.66,99.75,1582
2024-01-07 12:53:00,99.72,99.82,99.43,99.74,41691
2024-01-07 12:54:00,99.75,99.94,99.51,99.76,15460
2024-01-07 12:55:00,99.76,99.9,99.54,99.72,165594
2024-01-07 12:56:00,99.7,99.75,99.55,99.7,5371
2024-01-07 12:57:00,99.73,99.92,99.53,99.71,31018
2024-01-07 12:58:00,99.7,99.86,99.44,99.68,116116
2024-01-07 12:59:00,99.59,99.89,99.38,99.72,27077
2024-01-07 13:00:00,99.78,99.91,99.52,99.81,4483
2024-01-07 13:01:00,99.73,99.91,99.56,99.77,352431
2024-01-07 13:02:00,99.77,99.9,99.42,99.69,107000
2024-01-07 13:03:00,99.71,99.98,99.49,99.59,17549
2024-01-07 13:04:00,99.63,99.87,99.51,99.58,49958
2024-01-07 13:05:00,99.57,99.62,99.29,99.55,50496
2024-01-07 13:06:00,99.6,99.68,99.47,99.56,41846
2024-01-07 13:07:00,99.49,99.77,99.23,99.57,5531
2024-01-07 13:08:00,99.6,99.69,99.41,99.49,30459
2024-01-07 13:09:00,99.55,99.62,99.34,99.4,94912
2024-01-07 13:10:00,99.47,99.55,99.13,99.41,36480
2024-01-07 13:11:00,99.43,99.5,99.22,99.42,32766
2024-01-07 13:12:00,99.38,99.68,99.18,99.4,12876
2024-01-07 13:13:00,99.33,99.39,99.12,99.32,8919
2024-01-07 13:14:00,99.28,99.61,99.15,99.34,4570
2024-01-07 13:15:00,99.35,99.53,99.23,99.4,46979
2024-01-07 13:16:00,99.34,99.59,99.23,99.42,17661
2024-01-07 13:17:00,99.51,99.74,99.16,99.37,5759
2024-01-07 13:18:00,99.45,99.6,99.15,99.38,58478
2024-01-07 13:19:00,99.28,99.38,99.05,99.31,12247
2024-01-07 13:20:00,99.32,99.56,99.11,99.36,9340
2024-01-07 13:21:00,99.42,99.48,99.16,99.36,13409
2024-01-07 13:22:00,99.31,99.49,99.11,99.28,18158
2024-01-07 13:23:00,99.28,99.41,99.21,99.26,34822
2024-01-07 13:24:00,99.24,99.44,99.09,99.28,9179
2024-01-07 13:25:00,99.22,99.42,99.02,99.27,60498
2024-01-07 13:26:00,99.29,99.41,99.14,99.25,35747
2024-01-07 13:27:00,99.35,99.53,99.0,99.19,13165
2024-01-07 13:28:00,99.17,99.41,98.9,99.22,18773
2024-01-07 13:29:00,99.23,99.47,99.13,99.19,14434
2024-01-07 13:30:00,99.16,99.34,98.93,99.08,23526
2024-01-07 13:31:00,99.16,99.3,98.78,99.06,100697
2024-01-07 13:32:00,99.14,99.3,98.89,99.11,14286
2024-01-07 13:33:00,99.05,99.38,98.96,99.09,26621
2024-01-07 13:34:00,99.17,99.24,99.05,99.18,10953
2024-01-07 13:35:00,99.11,99.26,99.03,99.2,37494
2024-01-07 13:36:00,99.12,99.51,98.83,99.22,29039
2024-01-07 13:37:00,99.25,99.47,98.98,99.21,83251
2024-01-07 13:38:00,99.19,99.29,98.99,99.21,9612
2024-01-07 13:39:00,99.21,99.3,99.05,99.2,43939
2024-01-07 13:40:00,99.23,99.36,98.98,99.18,77970
2024-01-07 13:41:00,99.09,99.28,99.02,99.21,14219
2024-01-07 13:42:00,99.17,99.37,98.95,99.16,19400
2024-01-07 13:43:00,99.15,99.29,99.02,99.11,26655
2024-01-07 13:44:00,99.06,99.33,98.99,99.05,17386
2024-01-07 13:45:00,98.96,99.38,98.88,99.15,26299
2024-01-07 13:46:00,99.07,99.39,98.86,99.18,43193
2024-01-07 13:47:00,99.24,99.49,99.05,99.19,19653
2024-01-07 13:48:00,99.28,99.33,98.89,99.14,19500
2024-01-07 13:49:00,99.07,99.33,98.81,99.17,28757
2024-01-07 13:50:00,99.12,99.41,98.95,99.17,14777
2024-01-07 13:51:00,99.2,99.49,99.01,99.18,15526
2024-01-07 13:52:00,99.27,99.49,98.91,99.13,8965
2024-01-07 13:53:00,99.09,99.31,98.89,99.14,21117
2024-01-07 13:54:00,99.21,99.45,98.92,99.12,34466
2024-01-07 13:55:00,99.12,99.28,98.86,99.08,16829
2024-01-07 13:56:00,99.17,99.23,99.04,99.11,10162
2024-01-07 13:57:00,99.04,99.12,98.88,99.04,20005
2024-01-07 13:58:00,99.13,99.4,98.86,99.07,32764
2024-01-07 13:59:00,99.05,99.39,98.99,99.1,25033
2024-01-07 14:00:00,99.19,99.42,98.93,99.06,204751
2024-01-07 14:01:00,99.05,99.1,98.76,99.02,11425
2024-01-07 14:02:00,99.02,99.11,98.9,99.0,18952
2024-01-07 14:03:00,99.06,99.2,98.77,99.02,48016
2024-01-07 14:04:00,99.06,99.27,98.9,99.01,10996
2024-01-07 14:05:00,99.03,99.13,98.96,99.03,151481
2024-01-07 14:06:00,99.02,99.21,98.75,99.12,22128
2024-01-07 14:07:00,99.18,99.46,98.81,99.09,38605
2024-01-07 14:08:00,99.18,99.44,98.74,99.01,22449
2024-01-07 14:09:00,98.91,99.3,98.63,99.05,61000
2024-01-07 14:10:00,99.07,99.39,98.9,99.13,7609
2024-01-07 14:11:00,99.21,99.34,98.96,99.15,106069
2024-01-07 14:12:00,99.18,99.38,98.91,99.1,27770
2024-01-07 14:13:00,99.16,99.38,98.87,99.09,42551
2024-01-07 14:14:00,99.17,99.24,98.92,99.04,10526
2024-01-07 14:15:00,99.09,99.36,98.87,99.07,30860
2024-01-07 14:16:00,99.11,99.24,98.74,99.0,8366
2024-01-07 14:17:00,99.09,99.21,98.84,98.99,71370
2024-01-07 14:18:00,99.06,99.18,98.67,98.94,6064
2024-01-07 14:19:00,99.0,99.23,98.78,98.94,25698
2024-01-07 14:20:00,98.86,99.21,98.58,98.93,14936
2024-01-07 14:21:00,98.87,99.16,98.6,98.94,4616
2024-01-07 14:22:00,98.95,99.17,98.73,98.94,8644
2024-01-07 14:23:00,98.98,99.13,98.77,98.89,34530
2024-01-07 14:24:00,98.85,98.98,98.6,98.92,8986
2024-01-07 14:25:00,98.84,99.0,98.69,98.92,11280
2024-01-07 14:26:00,98.88,98.99,98.71,98.87,31995
2024-01-07 14:27:00,98.92,99.11,98.67,98.98,54986
2024-01-07 14:28:00,99.05,99.34,98.72,99.0,42649
2024-01-07 14:29:00,99.08,99.29,98.7,98.99,21024
2024-01-07 14:30:00,98.97,99.21,98.79,99.06,27381
2024-01-07 14:31:00,99.04,99.27,98.77,99.16,24803
2024-01-07 14:32:00,99.14,99.24,98.94,99.15,7813
2024-01-07 14:33:00,99.12,99.41,98.93,99.17,29127
2024-01-07 14:34:00,99.2,99.27,98.92,99.12,7744
2024-01-07 14:35:00,99.09,99.35,98.99,99.11,40711
2024-01-07 14:36:00,99.01,99.33,98.75,99.1,25213
2024-01-07 14:37:00,99.09,99.4,98.94,99.11,2529
2024-01-07 14:38:00,99.05,99.18,98.9,99.12,58636
2024-01-07 14:39:00,99.03,99.37,98.76,99.15,13068
2024-01-07 14:40:00,99.15,99.45,98.87,99.16,12030
2024-01-07 14:41:00,99.11,99.32,98.89,99.1,57291
2024-01-07 14:42:00,99.1,99.15,98.92,99.06,18708
2024-01-07 14:43:00,99.01,99.3,98.79,99.03,40031
2024-01-07 14:44:00,99.05,99.22,98.94,99.02,11460
2024-01-07 14:45:00,99.11,99.22,98.88,99.07,49201
2024-01-07 14:46:00,99.08,99.35,98.94,99.01,26827
2024-01-07 14:47:00,99.04,99.13,98.78,98.99,33021
2024-01-07 14:48:00,99.08,99.2,98.95,99.04,18425
2024-01-07 14:49:00,99.02,99.12,98.84,99.03,112394
2024-01-07 14:50:00,98.96,99.24,98.69,99.05,142977
2024-01-07 14:51:00,99.01,99.22,98.79,99.04,2431
2024-01-07 14:52:00,99.02,99.15,98.8,99.05,55623
2024-01-07 14:53:00,99.08,99.29,98.94,99.04,7482
2024-01-07 14:54:00,98.95,99.29,98.84,99.08,36668
2024-01-07 14:55:00,99.15,99.34,98.78,99.0,3723
2024-01-07 14:56:00,98.92,99.2,98.64,98.98,32966
2024-01-07 14:57:00,99.06,99.35,98.75,99.0,9544
2024-01-07 14:58:00,99.09,99.35,98.97,99.02,13921
2024-01-07 14:59:00,99.12,99.26,99.04,99.1,14298
2024-01-07 15:00:00,99.16,99.26,98.93,99.08,10566
2024-01-07 15:01:00,99.01,99.42,98.83,99.15,10857
2024-01-07 15:02:00,99.19,99.4,98.98,99.12,14794
2024-01-07 15:03:00,99.06,99.38,98.81,99.18,18883
2024-01-07 15:04:00,99.26,99.39,98.94,99.22,30428
2024-01-07 15:05:00,99.19,99.29,98.9,99.18,141592
2024-01-07 15:06:00,99.14,99.25,98.96,99.19,8545
2024-01-07 15:07:00,99.28,99.57,98.99,99.19,25001
2024-01-07 15:08:00,99.1,99.41,98.88,99.22,47698
2024-01-07 15:09:00,99.16,99.33,99.1,99.21,10841
2024-01-07 15:10:00,99.2,99.31,99.1,99.2,2304
2024-01-07 15:11:00,99.24,99.54,98.98,99.26,3264
2024-01-07 15:12:00,99.29,99.42,99.0,99.26,2391
2024-01-07 15:13:00,99.29,99.4,99.19,99.3,102756
2024-01-07 15:14:00,99.38,99.62,99.16,99.29,40706
2024-01-07 15:15:00,99.21,99.44,98.99,99.37,46909
2024-01-07 15:16:00,99.38,99.67,99.15,99.34,58771
2024-01-07 15:17:00,99.38,99.5,99.17,99.31,12388
2024-01-07 15:18:00,99.34,99.59,99.11,99.38,220365
2024-01-07 15:19:00,99.37,99.64,99.09,99.36,30806
2024-01-07 15:20:00,99.27,99.71,99.06,99.44,20480
2024-01-07 15:21:00,99.35,99.65,99.14,99.49,66836
2024-01-07 15:22:00,99.41,99.69,99.31,99.48,42928
2024-01-07 15:23:00,99.45,99.62,99.29,99.39,83704
2024-01-07 15:24:00,99.31,99.66,99.18,99.39,88772
2024-01-07 15:25:00,99.37,99.64,99.23,99.39,15471
2024-01-07 15:26:00,99.33,99.69,99.22,99.45,26556
2024-01-07 15:27:00,99.51,99.77,99.41,99.53,8873
2024-01-07 15:28:00,99.6,99.77,99.42,99.49,4323
2024-01-07 15:29:00,99.47,99.72,99.22,99.53,50858
2024-01-07 15:30:00,99.54,99.81,99.47,99.57,57356
2024-01-07 15:31:00,99.66,99.84,99.36,99.63,3034
2024-01-07 15:32:00,99.63,99.86,99.57,99.65,10751
2024-01-07 15:33:00,99.75,99.88,99.37,99.55,23297
2024-01-07 15:34:00,99.48,99.64,99.26,99.55,25626
2024-01-07 15:35:00,99.62,99.83,99.39,99.49,170246
2024-01-07 15:36:00,99.49,99.68,99.23,99.48,11767
2024-01-07 15:37:00,99.38,99.67,99.27,99.53,18558
2024-01-07 15:38:00,99.62,99.85,99.48,99.54,42186
2024-01-07 15:39:00,99.64,99.89,99.32,99.6,15518
2024-01-07 15:40:00,99.58,99.91,99.42,99.62,13293
2024-01-07 15:41:00,99.71,99.91,99.29,99.55,12245
2024-01-07 15:42:00,99.48,99.59,99.37,99.43,27805
2024-01-07 15:43:00,99.46,99.61,99.17,99.43,18477
2024-01-07 15:44:00,99.37,99.6,99.19,99.42,43585
2024-01-07 15:45:00,99.37,99.6,99.18,99.38,31491
2024-01-07 15:46:00,99.43,99.49,99.1,99.29,1193
2024-01-07 15:47:00,99.27,99.48,99.05,99.25,3821
2024-01-07 15:48:00,99.16,99.48,98.98,99.24,13349
2024-01-07 15:49:00,99.23,99.55,99.06,99.28,58688
2024-01-07 15:50:00,99.22,99.47,98.98,99.29,11479
2024-01-07 15:51:00,99.32,99.62,99.11,99.37,32035
2024-01-07 15:52:00,99.31,99.4,99.17,99.32,40074
2024-01-07 15:53:00,99.38,99.44,99.24,99.36,37807
2024-01-07 15:54:00,99.31,99.55,99.06,99.36,12740
2024-01-07 15:55:00,99.34,99.59,99.28,99.4,6987
2024-01-07 15:56:00,99.36,99.49,99.16,99.37,5929
2024-01-07 15:57:00,99.4,99.65,99.14,99.43,429739
2024-01-07 15:58:00,99.35,99.73,99.08,99.44,34732
2024-01-07 15:59:00,99.44,99.6,99.17,99.41,138771
2024-01-07 16:00:00,99.38,99.52,99.31,99.41,9574
2024-01-07 16:01:00,99.48,99.55,99.29,99.4,76750
2024-01-07 16:02:00,99.31,99.48,99.05,99.42,13673
2024-01-07 16:03:00,99.49,99.66,99.11,99.36,21397
2024-01-07 16:04:00,99.3,99.64,99.0,99.36,16541
2024-01-07 16:05:00,99.28,99.66,99.05,99.38,9141
2024-01-07 16:06:00,99.32,99.54,99.12,99.38,9281
2024-01-07 16:07:00,99.3,99.7,99.03,99.45,21181
2024-01-07 16:08:00,99.45,99.77,99.22,99.49,12245
2024-01-07 16:09:00,99.58,99.77,99.2,99.49,25002
2024-01-07 16:10:00,99.39,99.79,99.23,99.5,9529
2024-01-07 16:11:00,99.49,99.72,99.24,99.51,44688
2024-01-07 16:12:00,99.49,99.69,99.23,99.53,13905
2024-01-07 16:13:00,99.5,99.58,99.27,99.44,113202
2024-01-07 16:14:00,99.41,99.6,99.19,99.43,20939
2024-01-07 16:15:00,99.51,99.58,99.28,99.35,19886
2024-01-07 16:16:00,99.26,99.69,99.13,99.42,109484
2024-01-07 16:17:00,99.47,99.6,99.17,99.41,13422
2024-01-07 16:18:00,99.36,99.56,99.11,99.4,14663
2024-01-07 16:19:00,99.38,99.6,99.14,99.45,10927
2024-01-07 16:20:00,99.43,99.65,99.15,99.47,27022
2024-01-07 16:21:00,99.43,99.56,99.27,99.41,10559
2024-01-07 16:22:00,99.33,99.7,99.1,99.41,47890
2024-01-07 16:23:00,99.33,99.63,99.21,99.39,21024
2024-01-07 16:24:00,99.35,99.53,99.18,99.31,50964
2024-01-07 16:25:00,99.37,99.48,99.09,99.27,45532
2024-01-07 16:26:00,99.2,99.56,99.1,99.26,13193
2024-01-07 16:27:00,99.31,99.42,99.15,99.26,10540
2024-01-07 16:28:00,99.22,99.46,99.01,99.18,15861
2024-01-07 16:29:00,99.26,99.4,98.98,99.24,22222
2024-01-07 16:30:00,99.23,99.36,99.08,99.24,30761
2024-01-07 16:31:00,99.17,99.31,99.09,99.24,34376
2024-01-07 16:32:00,99.33,99.42,99.12,99.26,21334
2024-01-07 16:33:00,99.19,99.4,99.14,99.22,11145
2024-01-07 16:34:00,99.23,99.34,99.14,99.24,12251
2024-01-07 16:35:00,99.25,99.37,99.13,99.22,36988
2024-01-07 16:36:00,99.2,99.3,98.88,99.18,11496
2024-01-07 16:37:00,99.27,99.47,98.97,99.21,38570
2024-01-07 16:38:00,99.28,99.53,99.06,99.28,39853
2024-01-07 16:39:00,99.35,99.57,99.11,99.32,102121
2024-01-07 16:40:00,99.41,99.62,99.08,99.36,13617
2024-01-07 16:41:00,99.35,99.45,99.22,99.34,15912
2024-01-07 16:42:00,99.26,99.33,99.0,99.26,2180
2024-01-07 16:43:00,99.31,99.49,99.04,99.33,8577
2024-01-07 16:44:00,99.31,99.59,99.15,99.43,8466
2024-01-07 16:45:00,99.37,99.67,99.17,99.51,36522
2024-01-07 16:46:00,99.51,99.75,99.36,99.49,134239
2024-01-07 16:47:00,99.58,99.78,99.34,99.44,39369
2024-01-07 16:48:00,99.37,99.57,99.19,99.38,59325
2024-01-07 16:49:00,99.45,99.72,99.03,99.3,10814
2024-01-07 16:50:00,99.28,99.46,99.23,99.29,6647
2024-01-07 16:51:00,99.22,99.63,99.17,99.37,17291
2024-01-07 16:52:00,99.44,99.61,99.31,99.37,11804
2024-01-07 16:53:00,99.46,99.6,99.17,99.38,9310
2024-01-07 16:54:00,99.34,99.59,99.06,99.45,27398
2024-01-07 16:55:00,99.41,99.64,99.2,99.43,6728
2024-01-07 16:56:00,99.41,99.67,99.35,99.53,50336
2024-01-07 16:57:00,99.59,99.86,99.37,99.63,14773
2024-01-07 16:58:00,99.53,99.81,99.38,99.62,21052
2024-01-07 16:59:00,99.57,99.78,99.33,99.6,24337
2024-01-07 17:00:00,99.64,99.86,99.42,99.63,13811
2024-01-07 17:01:00,99.61,99.89,99.41,99.61,78084
2024-01-07 17:02:00,99.58,99.63,99.35,99.56,4421
2024-01-07 17:03:00,99.63,99.83,99.55,99.62,79485
2024-01-07 17:04:00,99.7,99.86,99.47,99.68,15567
2024-01-07 17:05:00,99.77,99.99,99.41,99.69,55312
2024-01-07 17:06:00,99.64,99.9,99.55,99.62,26936
2024-01-07 17:07:00,99.71,99.91,99.36,99.56,51559
2024-01-07 17:08:00,99.61,99.74,99.47,99.57,19566
2024-01-07 17:09:00,99.5,99.64,99.41,99.54,27957
2024-01-07 17:10:00,99.57,99.82,99.44,99.53,66032
2024-01-07 17:11:00,99.43,99.69,99.33,99.58,24242
2024-01-07 17:12:00,99.62,99.85,99.52,99.61,83289
2024-01-07 17:13:00,99.66,99.74,99.52,99.68,31325
2024-01-07 17:14:00,99.74,99.87,99.48,99.63,10585
2024-01-07 17:15:00,99.57,99.85,99.52,99.62,15447
2024-01-07 17:16:00,99.64,99.71,99.53,99.65,53535
2024-01-07 17:17:00,99.59,99.95,99.5,99.68,6375
2024-01-07 17:18:00,99.77,100.06,99.5,99.75,48673
2024-01-07 17:19:00,99.79,99.95,99.54,99.77,15278
2024-01-07 17:20:00,99.69,100.05,99.5,99.87,6064
2024-01-07 17:21:00,99.8,100.09,99.59,99.89,27099
2024-01-07 17:22:00,99.93,100.01,99.72,99.95,10935
2024-01-07 17:23:00,99.94,100.17,99.8,99.93,12436
2024-01-07 17:24:00,99.98,100.27,99.84,99.93,11781
2024-01-07 17:25:00,99.89,100.25,99.67,99.98,24708
2024-01-07 17:26:00,100.01,100.27,99.74,100.06,14913
2024-01-07 17:27:00,99.99,100.35,99.86,100.09,32563
2024-01-07 17:28:00,100.1,100.33,100.03,100.09,60622
2024-01-07 17:29:00,100.18,100.35,99.87,100.16,37861
2024-01-07 17:30:00,100.18,100.3,99.99,100.05,133961
2024-01-07 17:31:00,99.96,100.17,99.82,99.98,171330
2024-01-07 17:32:00,100.08,100.22,99.82,100.01,16477
2024-01-07 17:33:00,99.94,100.22,99.78,100.01,6956
2024-01-07 17:34:00,100.06,100.23,99.74,100.04,16495
2024-01-07 17:35:00,100.05,100.34,99.82,100.05,24793
2024-01-07 17:36:00,100.0,100.16,99.86,100.07,203978
2024-01-07 17:37:00,100.01,100.3,99.85,100.03,15141
2024-01-07 17:38:00,99.97,100.35,99.8,100.06,29083
2024-01-07 17:39:00,100.13,100.4,100.05,100.11,11146
2024-01-07 17:40:00,100.19,100.35,99.95,100.17,15573
2024-01-07 17:41:00,100.17,100.54,99.96,100.27,6539
2024-01-07 17:42:00,100.19,100.38,99.92,100.29,5101
2024-01-07 17:43:00,100.36,100.56,100.22,100.3,85899
2024-01-07 17:44:00,100.3,100.46,100.0,100.22,63971
2024-01-07 17:45:00,100.21,100.37,99.93,100.2,15220
2024-01-07 17:46:00,100.18,100.34,99.98,100.19,63791
2024-01-07 17:47:00,100.16,100.34,99.98,100.24,5961
2024-01-07 17:48:00,100.24,100.35,100.1,100.21,18520
2024-01-07 17:49:00,100.23,100.37,100.17,100.25,26219
2024-01-07 17:50:00,100.24,100.34,100.09,100.25,78124
2024-01-07 17:51:00,100.33,100.41,100.16,100.24,26837
2024-01-07 17:52:00,100.2,100.55,100.05,100.25,37977
2024-01-07 17:53:00,100.27,100.42,100.12,100.23,13767
2024-01-07 17:54:00,100.19,100.39,99.99,100.21,28680
2024-01-07 17:55:00,100.26,100.42,99.98,100.13,77991
2024-01-07 17:56:00,100.05,100.34,99.76,100.11,4374
2024-01-07 17:57:00,100.05,100.36,99.97,100.09,68601
2024-01-07 17:58:00,100.15,100.36,100.01,100.06,17854
2024-01-07 17:59:00,100.0,100.29,99.83,100.08,5399
2024-01-07 18:00:00,100.11,100.29,99.91,100.12,16862
2024-01-07 18:01:00,100.21,100.45,99.9,100.13,80023
2024-01-07 18:02:00,100.13,100.24,99.9,100.18,13597
2024-01-07 18:03:00,100.12,100.47,100.05,100.21,29712
2024-01-07 18:04:00,100.17,100.32,99.92,100.19,4388
2024-01-07 18:05:00,100.26,100.43,99.95,100.17,3548
2024-01-07 18:06:00,100.14,100.36,99.85,100.19,7504
2024-01-07 18:07:00,100.23,100.52,100.09,100.21,60645
2024-01-07 18:08:00,100.27,100.43,100.11,100.28,20934
2024-01-07 18:09:00,100.28,100.42,100.13,100.34,66151
2024-01-07 18:10:00,100.4,100.65,100.05,100.32,70130
2024-01-07 18:11:00,100.28,100.58,100.23,100.31,10320
2024-01-07 18:12:00,100.32,100.59,100.14,100.35,105556
2024-01-07 18:13:00,100.38,100.5,100.21,100.4,12779
2024-01-07 18:14:00,100.33,100.71,100.17,100.45,59895
2024-01-07 18:15:00,100.4,100.74,100.2,100.44,57497
2024-01-07 18:16:00,100.47,100.65,100.26,100.38,23506
2024-01-07 18:17:00,100.41,100.46,100.13,100.33,23544
2024-01-07 18:18:00,100.33,100.54,100.15,100.34,30347
2024-01-07 18:19:00,100.4,100.59,100.1,100.36,24721
2024-01-07 18:20:00,100.36,100.49,100.12,100.31,14911
2024-01-07 18:21:00,100.38,100.6,100.21,100.31,13685
2024-01-07 18:22:00,100.36,100.64,100.1,100.34,15030
2024-01-07 18:23:00,100.3,100.37,100.01,100.28,74474
2024-01-07 18:24:00,100.26,100.62,100.01,100.34,4499
2024-01-07 18:25:00,100.37,100.53,100.02,100.32,13401
2024-01-07 18:26:00,100.4,100.48,100.2,100.38,15899
2024-01-07 18:27:00,100.32,100.45,100.16,100.35,17534
2024-01-07 18:28:00,100.36,100.64,100.05,100.3,29636
2024-01-07 18:29:00,100.23,100.53,100.09,100.28,5720
2024-01-07 18:30:00,100.24,100.56,100.09,100.28,61409
2024-01-07 18:31:00,100.31,100.37,100.05,100.26,53474
2024-01-07 18:32:00,100.17,100.39,100.08,100.25,43231
2024-01-07 18:33:00,100.28,100.56,100.05,100.26,17897
2024-01-07 18:34:00,100.34,100.63,100.06,100.25,10526
2024-01-07 18:35:00,100.35,100.41,100.19,100.25,15911
2024-01-07 18:36:00,100.19,100.47,100.1,100.16,23408
2024-01-07 18:37:00,100.21,100.42,100.06,100.18,42881
2024-01-07 18:38:00,100.27,100.49,100.06,100.18,20306
2024-01-07 18:39:00,100.1,100.32,99.86,100.26,31585
2024-01-07 18:40:00,100.24,100.37,100.02,100.21,14272
2024-01-07 18:41:00,100.3,100.54,99.9,100.12,29328
2024-01-07 18:42:00,100.06,100.29,99.83,100.15,17167
2024-01-07 18:43:00,100.24,100.52,99.97,100.17,28794
2024-01-07 18:44:00,100.18,100.4,99.85,100.12,3763
2024-01-07 18:45:00,100.04,100.3,99.9,100.04,35850
2024-01-07 18:46:00,100.03,100.42,99.98,100.12,37797
2024-01-07 18:47:00,100.09,100.49,99.97,100.19,37382
2024-01-07 18:48:00,100.15,100.31,99.8,100.07,8205
2024-01-07 18:49:00,100.08,100.19,99.94,100.04,10827
2024-01-07 18:50:00,100.04,100.34,99.81,100.13,9241
2024-01-07 18:51:00,100.12,100.18,99.94,100.1,30637
2024-01-07 18:52:00,100.02,100.25,99.9,100.08,42541
2024-01-07 18:53:00,100.14,100.33,99.98,100.06,10975
2024-01-07 18:54:00,100.06,100.19,99.78,100.01,82093
2024-01-07 18:55:00,100.07,100.34,99.73,99.92,81014
2024-01-07 18:56:00,99.99,100.06,99.76,99.98,25284
2024-01-07 18:57:00,99.94,100.21,99.71,99.88,31916
2024-01-07 18:58:00,99.79,100.07,99.49,99.9,4107
2024-01-07 18:59:00,99.98,100.19,99.69,99.94,12977
2024-01-07 19:00:00,99.99,100.2,99.76,99.87,6295
2024-01-07 19:01:00,99.79,99.94,99.57,99.82,8866
2024-01-07 19:02:00,99.86,100.05,99.71,99.88,36846
2024-01-07 19:03:00,99.79,99.96,99.52,99.91,46913
2024-01-07 19:04:00,99.81,100.15,99.65,99.88,48915
2024-01-07 19:05:00,99.88,100.16,99.79,99.94,28048
2024-01-07 19:06:00,99.86,100.17,99.7,100.0,37174
2024-01-07 19:07:00,100.09,100.31,99.84,100.01,4495
2024-01-07 19:08:00,100.09,100.27,99.84,99.97,6066
2024-01-07 19:09:00,100.0,100.06,99.67,99.95,17868
2024-01-07 19:10:00,99.86,100.01,99.74,99.96,40034
2024-01-07 19:11:00,99.93,100.11,99.8,99.95,14083
2024-01-07 19:12:00,99.93,100.19,99.76,100.0,5648
2024-01-07 19:13:00,99.99,100.11,99.85,99.92,11028
2024-01-07 19:14:00,99.86,99.94,99.68,99.85,8660
2024-01-07 19:15:00,99.86,100.12,99.78,99.86,3926
2024-01-07 19:16:00,99.84,100.06,99.58,99.83,203697
2024-01-07 19:17:00,99.92,100.04,99.58,99.8,75574
2024-01-07 19:18:00,99.89,100.11,99.49,99.71,3054
2024-01-07 19:19:00,99.73,100.0,99.56,99.71,3222
2024-01-07 19:20:00,99.74,99.85,99.53,99.71,9838
2024-01-07 19:21:00,99.64,99.81,99.51,99.74,4967
2024-01-07 19:22:00,99.69,100.02,99.51,99.75,238617
2024-01-07 19:23:00,99.83,99.99,99.62,99.74,9874
2024-01-07 19:24:00,99.78,99.91,99.67,99.8,31619
2024-01-07 19:25:00,99.74,99.99,99.44,99.73,13282
2024-01-07 19:26:00,99.75,99.94,99.68,99.76,6855
2024-01-07 19:27:00,99.85,100.08,99.41,99.68,62777
2024-01-07 19:28:00,99.65,99.93,99.43,99.63,42396
2024-01-07 19:29:00,99.57,99.75,99.37,99.57,20752
2024-01-07 19:30:00,99.66,99.72,99.4,99.61,238454
2024-01-07 19:31:00,99.61,99.84,99.38,99.61,27863
2024-01-07 19:32:00,99.59,99.8,99.37,99.61,13954
2024-01-07 19:33:00,99.56,99.77,99.48,99.55,149533
2024-01-07 19:34:00,99.63,99.91,99.33,99.54,32987
2024-01-07 19:35:00,99.61,99.84,99.37,99.5,112186
2024-01-07 19:36:00,99.48,99.8,99.31,99.52,21182
2024-01-07 19:37:00,99.43,99.69,99.14,99.47,1080
2024-01-07 19:38:00,99.46,99.82,99.25,99.54,4634
2024-01-07 19:39:00,99.47,99.56,99.17,99.45,65036
2024-01-07 19:40:00,99.38,99.71,99.31,99.41,12221
2024-01-07 19:41:00,99.39,99.66,99.21,99.5,28376
2024-01-07 19:42:00,99.42,99.55,99.32,99.48,68449
2024-01-07 19:43:00,99.57,99.75,99.12,99.41,26356
2024-01-07 19:44:00,99.32,99.48,99.04,99.42,9326
2024-01-07 19:45:00,99.4,99.67,99.13,99.4,21783
2024-01-07 19:46:00,99.33,99.5,99.16,99.36,24512
2024-01-07 19:47:00,99.39,99.54,99.02,99.3,14644
2024-01-07 19:48:00,99.22,99.62,99.15,99.44,5513
2024-01-07 19:49:00,99.45,99.57,99.26,99.43,15436
2024-01-07 19:50:00,99.48,99.77,99.14,99.33,20074
2024-01-07 19:51:00,99.42,99.64,99.33,99.41,5202
2024-01-07 19:52:00,99.44,99.71,99.25,99.44,8794
2024-01-07 19:53:00,99.36,99.68,99.2,99.4,10755
2024-01-07 19:54:00,99.32,99.57,99.15,99.35,3427
2024-01-07 19:55:00,99.4,99.48,99.27,99.38,25040
2024-01-07 19:56:00,99.33,99.44,99.17,99.37,27916
2024-01-07 19:57:00,99.36,99.57,99.17,99.28,12780
2024-01-07 19:58:00,99.37,99.54,99.2,99.37,5604
2024-01-07 19:59:00,99.43,99.61,99.25,99.34,33090
2024-01-07 20:00:00,99.41,99.6,99.27,99.42,38028
2024-01-07 20:01:00,99.49,99.61,99.29,99.48,24308
2024-01-07 20:02:00,99.51,99.59,99.16,99.43,22961
2024-01-07 20:03:00,99.48,99.77,99.27,99.48,39892
2024-01-07 20:04:00,99.46,99.58,99.25,99.45,20020
2024-01-07 20:05:00,99.55,99.75,99.21,99.36,8797
2024-01-07 20:06:00,99.31,99.46,99.22,99.34,20531
2024-01-07 20:07:00,99.36,99.46,99.14,99.36,14882
2024-01-07 20:08:00,99.31,99.6,99.17,99.33,20530
2024-01-07 20:09:00,99.26,99.4,99.2,99.32,53330
2024-01-07 20:10:00,99.33,99.53,99.22,99.38,6620
2024-01-07 20:11:00,99.35,99.51,99.24,99.38,26303
2024-01-07 20:12:00,99.4,99.61,99.13,99.34,6294
2024-01-07 20:13:00,99.35,99.65,99.13,99.37,8793
2024-01-07 20:14:00,99.38,99.47,99.15,99.38,106280
2024-01-07 20:15:00,99.31,99.4,99.07,99.26,34797
2024-01-07 20:16:00,99.25,99.35,99.19,99.28,25872
2024-01-07 20:17:00,99.34,99.51,99.22,99.3,4194
2024-01-07 20:18:00,99.26,99.43,99.13,99.3,17400
2024-01-07 20:19:00,99.29,99.59,99.16,99.34,2771
2024-01-07 20:20:00,99.34,99.52,99.07,99.31,22862
2024-01-07 20:21:00,99.38,99.48,99.08,99.33,6329
2024-01-07 20:22:00,99.36,99.61,98.95,99.25,38478
2024-01-07 20:23:00,99.17,99.43,99.03,99.27,25882
2024-01-07 20:24:00,99.34,99.59,99.28,99.37,6528
2024-01-07 20:25:00,99.43,99.49,99.18,99.32,32260
2024-01-07 20:26:00,99.37,99.6,99.2,99.28,178686
2024-01-07 20:27:00,99.27,99.48,99.13,99.24,17984
2024-01-07 20:28:00,99.3,99.51,99.09,99.25,53119
2024-01-07 20:29:00,99.25,99.33,99.09,99.2,2689
2024-01-07 20:30:00,99.25,99.35,99.13,99.22,35161
2024-01-07 20:31:00,99.29,99.46,98.97,99.26,12465
2024-01-07 20:32:00,99.34,99.55,99.03,99.29,16831
2024-01-07 20:33:00,99.28,99.57,99.02,99.2,39939
2024-01-07 20:34:00,99.27,99.38,98.97,99.25,17266
2024-01-07 20:35:00,99.17,99.52,98.88,99.3,4370
2024-01-07 20:36:00,99.22,99.55,98.98,99.34,101439
2024-01-07 20:37:00,99.35,99.63,99.11,99.36,5165
2024-01-07 20:38:00,99.39,99.58,99.2,99.37,9513
2024-01-07 20:39:00,99.3,99.67,99.06,99.42,25037
2024-01-07 20:40:00,99.41,99.65,99.24,99.51,25271
2024-01-07 20:41:00,99.43,99.67,99.38,99.47,33791
2024-01-07 20:42:00,99.49,99.63,99.37,99.52,25166
2024-01-07 20:43:00,99.59,99.86,99.38,99.52,69453
2024-01-07 20:44:00,99.56,99.75,99.25,99.51,35964
2024-01-07 20:45:00,99.48,99.6,99.35,99.43,6729
2024-01-07 20:46:00,99.53,99.82,99.19,99.42,1639
2024-01-07 20:47:00,99.45,99.54,99.12,99.37,25618
2024-01-07 20:48:00,99.43,99.68,99.09,99.35,95429
2024-01-07 20:49:00,99.38,99.5,99.13,99.29,6295
2024-01-07 20:50:00,99.39,99.61,99.12,99.27,7708
2024-01-07 20:51:00,99.33,99.4,99.17,99.25,31409
2024-01-07 20:52:00,99.25,99.45,99.11,99.25,35703
2024-01-07 20:53:00,99.23,99.28,98.93,99.17,67662
2024-01-07 20:54:00,99.21,99.36,98.97,99.1,113676
2024-01-07 20:55:00,99.12,99.35,98.96,99.12,27891
2024-01-07 20:56:00,99.15,99.37,99.03,99.08,8719
2024-01-07 20:57:00,99.05,99.19,98.86,99.13,8990
2024-01-07 20:58:00,99.12,99.44,99.0,99.14,12789
2024-01-07 20:59:00,99.16,99.39,99.06,99.17,61772
2024-01-07 21:00:00,99.24,99.37,99.17,99.24,13358
2024-01-07 21:01:00,99.3,99.57,99.1,99.23,57617
2024-01-07 21:02:00,99.15,99.31,98.92,99.2,4794
2024-01-07 21:03:00,99.15,99.34,99.04,99.24,29353
2024-01-07 21:04:00,99.15,99.34,98.86,99.27,10393
2024-01-07 21:05:00,99.17,99.37,98.88,99.26,37127
2024-01-07 21:06:00,99.21,99.42,99.15,99.33,17046
2024-01-07 21:07:00,99.39,99.66,99.13,99.32,48899
2024-01-07 21:08:00,99.4,99.54,99.14,99.32,14258
2024-01-07 21:09:00,99.3,99.44,99.09,99.32,21461
2024-01-07 21:10:00,99.33,99.54,99.21,99.28,49418
2024-01-07 21:11:00,99.32,99.59,99.12,99.28,19892
2024-01-07 21:12:00,99.37,99.47,99.22,99.35,23349
2024-01-07 21:13:00,99.43,99.7,99.23,99.37,47121
2024-01-07 21:14:00,99.28,99.56,99.0,99.37,20399
2024-01-07 21:15:00,99.32,99.58,99.1,99.36,4515
2024-01-07 21:16:00,99.27,99.49,99.06,99.38,12443
2024-01-07 21:17:00,99.4,99.57,99.13,99.42,3218
2024-01-07 21:18:00,99.46,99.54,99.33,99.45,17155
2024-01-07 21:19:00,99.41,99.5,99.27,99.43,35288
2024-01-07 21:20:00,99.5,99.59,99.19,99.45,24949
2024-01-07 21:21:00,99.44,99.75,99.22,99.47,88845
2024-01-07 21:22:00,99.57,99.65,99.29,99.42,79432
2024-01-07 21:23:00,99.32,99.72,99.24,99.43,28473
2024-01-07 21:24:00,99.35,99.54,99.19,99.32,2013
2024-01-07 21:25:00,99.28,99.64,99.16,99.35,43102
2024-01-07 21:26:00,99.25,99.44,99.03,99.38,10181
2024-01-07 21:27:00,99.44,99.57,99.2,99.42,53168
2024-01-07 21:28:00,99.33,99.47,99.15,99.4,30111
2024-01-07 21:29:00,99.45,99.59,99.23,99.41,42450
2024-01-07 21:30:00,99.32,99.74,99.03,99.48,36376
2024-01-07 21:31:00,99.43,99.79,99.19,99.55,240429
2024-01-07 21:32:00,99.62,99.8,99.48,99.55,37092
2024-01-07 21:33:00,99.64,99.86,99.47,99.56,6123
2024-01-07 21:34:00,99.54,99.72,99.32,99.61,64299
2024-01-07 21:35:00,99.71,99.92,99.41,99.54,14322
2024-01-07 21:36:00,99.56,99.81,99.24,99.52,84558
2024-01-07 21:37:00,99.51,99.78,99.29,99.59,103041
2024-01-07 21:38:00,99.65,99.77,99.35,99.64,41021
2024-01-07 21:39:00,99.6,99.77,99.33,99.66,6138
2024-01-07 21:40:00,99.61,99.89,99.35,99.58,13900
2024-01-07 21:41:00,99.61,99.86,99.42,99.58,84183
2024-01-07 21:42:00,99.56,99.84,99.32,99.55,162592
2024-01-07 21:43:00,99.48,99.7,99.42,99.57,23433
2024-01-07 21:44:00,99.48,99.71,99.22,99.53,16734
2024-01-07 21:45:00,99.58,99.85,99.22,99.47,6767
2024-01-07 21:46:00,99.51,99.61,99.22,99.37,6856
2024-01-07 21:47:00,99.35,99.64,99.14,99.43,27799
2024-01-07 21:48:00,99.51,99.64,99.19,99.41,44389
2024-01-07 21:49:00,99.4,99.62,99.2,99.42,4977
2024-01-07 21:50:00,99.46,99.68,99.22,99.42,50480
2024-01-07 21:51:00,99.5,99.59,99.1,99.37,86879
2024-01-07 21:52:00,99.44,99.54,99.07,99.31,41381
2024-01-07 21:53:00,99.31,99.4,99.04,99.26,115020
2024-01-07 21:54:00,99.29,99.56,99.17,99.22,31428
2024-01-07 21:55:00,99.2,99.53,99.15,99.24,31741
2024-01-07 21:56:00,99.27,99.32,98.94,99.2,31140
2024-01-07 21:57:00,99.15,99.51,99.07,99.28,85769
2024-01-07 21:58:00,99.27,99.62,99.06,99.34,37708
2024-01-07 21:59:00,99.28,99.45,99.01,99.38,12968
2024-01-07 22:00:00,99.28,99.54,99.17,99.37,33638
2024-01-07 22:01:00,99.39,99.7,99.15,99.45,33977
2024-01-07 22:02:00,99.52,99.72,99.16,99.43,17812
2024-01-07 22:03:00,99.34,99.7,99.23,99.43,61241
2024-01-07 22:04:00,99.37,99.71,99.23,99.44,24136
2024-01-07 22:05:00,99.43,99.63,99.14,99.48,44590
2024-01-07 22:06:00,99.51,99.75,99.38,99.51,36671
2024-01-07 22:07:00,99.44,99.7,99.26,99.48,10659
2024-01-07 22:08:00,99.4,99.54,99.13,99.46,8270
2024-01-07 22:09:00,99.46,99.74,99.22,99.49,10772
2024-01-07 22:10:00,99.55,99.74,99.42,99.53,20309
2024-01-07 22:11:00,99.43,99.78,99.3,99.51,108177
2024-01-07 22:12:00,99.48,99.53,99.13,99.43,21006
2024-01-07 22:13:00,99.46,99.72,99.21,99.42,32008
2024-01-07 22:14:00,99.34,99.5,99.24,99.45,52734
2024-01-07 22:15:00,99.39,99.7,99.19,99.54,15384
2024-01-07 22:16:00,99.54,99.77,99.23,99.48,14549
2024-01-07 22:17:00,99.57,99.76,99.24,99.46,63043
2024-01-07 22:18:00,99.41,99.69,99.19,99.44,38877
2024-01-07 22:19:00,99.43,99.79,99.17,99.5,12531
2024-01-07 22:20:00,99.48,99.59,99.2,99.5,14583
2024-01-07 22:21:00,99.58,99.68,99.16,99.46,23988
2024-01-07 22:22:00,99.37,99.71,99.17,99.49,30626
2024-01-07 22:23:00,99.5,99.63,99.38,99.47,76418
2024-01-07 22:24:00,99.53,99.62,99.14,99.4,37496
2024-01-07 22:25:00,99.5,99.66,99.17,99.36,8237
2024-01-07 22:26:00,99.4,99.73,99.29,99.45,10033
2024-01-07 22:27:00,99.42,99.7,99.26,99.47,30023
2024-01-07 22:28:00,99.45,99.57,99.19,99.47,25407
2024-01-07 22:29:00,99.44,99.68,99.37,99.46,9471
2024-01-07 22:30:00,99.48,99.66,99.21,99.47,63126
2024-01-07 22:31:00,99.52,99.59,99.33,99.49,2326
2024-01-07 22:32:00,99.55,99.8,99.24,99.5,30810
2024-01-07 22:33:00,99.48,99.75,99.36,99.51,4689
2024-01-07 22:34:00,99.55,99.73,99.32,99.55,53140
2024-01-07 22:35:00,99.63,99.72,99.35,99.55,16899
2024-01-07 22:36:00,99.64,99.86,99.24,99.5,46524
2024-01-07 22:37:00,99.54,99.62,99.34,99.47,14898
2024-01-07 22:38:00,99.5,99.68,99.15,99.37,82929
2024-01-07 22:39:00,99.38,99.71,99.27,99.47,3409
2024-01-07 22:40:00,99.41,99.57,99.19,99.52,53076
2024-01-07 22:41:00,99.44,99.75,99.19,99.48,11993
2024-01-07 22:42:00,99.47,99.68,99.17,99.46,32051
2024-01-07 22:43:00,99.39,99.59,99.21,99.43,33426
2024-01-07 22:44:00,99.45,99.56,99.16,99.51,5472
2024-01-07 22:45:00,99.54,99.73,99.29,99.44,59719
2024-01-07 22:46:00,99.44,99.5,99.3,99.44,32653
2024-01-07 22:47:00,99.35,99.49,99.22,99.44,24758
2024-01-07 22:48:00,99.35,99.76,99.26,99.48,32376
2024-01-07 22:49:00,99.4,99.66,99.31,99.47,24965
2024-01-07 22:50:00,99.4,99.65,99.2,99.39,50750
2024-01-07 22:51:00,99.48,99.58,99.11,99.37,13747
2024-01-07 22:52:00,99.34,99.59,99.04,99.32,50827
2024-01-07 22:53:00,99.28,99.38,99.12,99.33,39038
2024-01-07 22:54:00,99.24,99.7,98.99,99.4,18545
2024-01-07 22:55:00,99.43,99.68,99.11,99.31,139559
2024-01-07 22:56:00,99.34,99.57,99.02,99.27,34599
2024-01-07 22:57:00,99.21,99.32,98.99,99.25,26769
2024-01-07 22:58:00,99.33,99.58,99.17,99.23,39103
2024-01-07 22:59:00,99.29,99.41,99.13,99.26,19835
2024-01-07 23:00:00,99.21,99.52,98.97,99.26,73210
2024-01-07 23:01:00,99.25,99.49,99.0,99.28,21561
2024-01-07 23:02:00,99.27,99.43,98.98,99.25,49982
2024-01-07 23:03:00,99.21,99.36,98.99,99.26,7568
2024-01-07 23:04:00,99.32,99.43,99.24,99.3,3656
2024-01-07 23:05:00,99.22,99.38,99.05,99.26,32946
2024-01-07 23:06:00,99.24,99.56,99.07,99.3,15005
2024-01-07 23:07:00,99.28,99.39,98.99,99.3,18166
2024-01-07 23:08:00,99.29,99.47,99.0,99.35,2118
2024-01-07 23:09:00,99.42,99.71,99.16,99.34,120647
2024-01-07 23:10:00,99.29,99.43,99.06,99.36,24454
2024-01-07 23:11:00,99.28,99.62,99.12,99.36,83664
2024-01-07 23:12:00,99.38,99.49,99.11,99.35,5472
2024-01-07 23:13:00,99.29,99.55,99.19,99.37,24310
2024-01-07 23:14:00,99.28,99.68,99.0,99.39,33107
2024-01-07 23:15:00,99.38,99.52,99.27,99.33,25184
2024-01-07 23:16:00,99.28,99.61,99.15,99.4,27819
2024-01-07 23:17:00,99.38,99.44,99.04,99.31,5486
2024-01-07 23:18:00,99.26,99.57,99.13,99.28,30242
2024-01-07 23:19:00,99.2,99.51,99.13,99.27,9483
2024-01-07 23:20:00,99.28,99.43,99.21,99.29,11876
2024-01-07 23:21:00,99.2,99.43,99.0,99.37,22393
2024-01-07 23:22:00,99.46,99.71,99.12,99.28,15492
2024-01-07 23:23:00,99.25,99.43,99.13,99.25,16408
2024-01-07 23:24:00,99.29,99.52,99.01,99.15,67776
2024-01-07 23:25:00,99.21,99.28,99.06,99.15,18844
2024-01-07 23:26:00,99.11,99.24,98.95,99.16,14810
2024-01-07 23:27:00,99.21,99.31,98.96,99.24,19476
2024-01-07 23:28:00,99.31,99.58,99.14,99.25,7248
2024-01-07 23:29:00,99.2,99.47,99.02,99.3,25914
2024-01-07 23:30:00,99.4,99.69,99.26,99.33,45335
2024-01-07 23:31:00,99.23,99.52,99.1,99.31,30151
2024-01-07 23:32:00,99.25,99.42,99.13,99.24,22848
2024-01-07 23:33:00,99.29,99.38,99.14,99.25,40194
2024-01-07 23:34:00,99.19,99.26,99.06,99.18,12656
2024-01-07 23:35:00,99.22,99.46,99.0,99.24,22908
2024-01-07 23:36:00,99.31,99.5,99.18,99.23,89170
2024-01-07 23:37:00,99.32,99.4,99.03,99.29,16414
2024-01-07 23:38:00,99.29,99.4,98.99,99.27,40452
2024-01-07 23:39:00,99.36,99.63,99.19,99.28,41477
2024-01-07 23:40:00,99.26,99.56,99.06,99.29,10324
2024-01-07 23:41:00,99.24,99.5,98.97,99.29,43824
2024-01-07 23:42:00,99.29,99.44,99.04,99.27,12005
2024-01-07 23:43:00,99.3,99.51,99.05,99.29,33828
2024-01-07 23:44:00,99.28,99.49,99.17,99.24,11813
2024-01-07 23:45:00,99.25,99.38,98.9,99.18,29174
2024-01-07 23:46:00,99.17,99.35,99.0,99.24,25064
2024-01-07 23:47:00,99.25,99.42,99.18,99.28,24635
2024-01-07 23:48:00,99.37,99.46,99.16,99.28,28910
2024-01-07 23:49:00,99.28,99.53,99.02,99.37,12956
2024-01-07 23:50:00,99.32,99.53,99.1,99.35,6861
2024-01-07 23:51:00,99.4,99.57,99.14,99.42,23899
2024-01-07 23:52:00,99.39,99.64,99.31,99.43,66356
2024-01-07 23:53:00,99.49,99.66,99.12,99.38,39467
2024-01-07 23:54:00,99.29,99.7,99.01,99.47,34449
2024-01-07 23:55:00,99.43,99.62,99.14,99.52,13215
2024-01-07 23:56:00,99.44,99.63,99.37,99.51,26542
2024-01-07 23:57:00,99.43,99.72,99.35,99.55,9599
2024-01-07 23:58:00,99.58,99.8,99.25,99.53,14420
2024-01-07 23:59:00,99.5,99.85,99.3,99.57,31479
2024-01-08 00:00:00,99.64,99.83,99.15,99.45,3580
2024-01-08 00:01:00,99.45,99.65,99.12,99.4,124186
2024-01-08 00:02:00,99.36,99.72,99.24,99.45,5801
2024-01-08 00:03:00,99.49,99.54,99.28,99.43,145614
2024-01-08 00:04:00,99.46,99.72,99.19,99.44,9519
2024-01-08 00:05:00,99.5,99.7,99.29,99.38,9425
2024-01-08 00:06:00,99.41,99.55,99.12,99.47,14800
2024-01-08 00:07:00,99.4,99.68,99.19,99.53,14194
2024-01-08 00:08:00,99.56,99.84,99.25,99.52,12027
2024-01-08 00:09:00,99.5,99.69,99.33,99.5,15205
2024-01-08 00:10:00,99.49,99.78,99.35,99.55,24142
2024-01-08 00:11:00,99.63,99.85,99.58,99.65,8978
2024-01-08 00:12:00,99.62,99.95,99.32,99.7,51057
2024-01-08 00:13:00,99.72,100.09,99.58,99.8,90419
2024-01-08 00:14:00,99.78,99.96,99.65,99.76,3150
2024-01-08 00:15:00,99.68,99.84,99.51,99.72,140841
2024-01-08 00:16:00,99.71,99.94,99.6,99.66,47692
2024-01-08 00:17:00,99.68,99.83,99.49,99.68,28497
2024-01-08 00:18:00,99.66,99.79,99.59,99.69,12403
2024-01-08 00:19:00,99.67,99.87,99.46,99.68,26019
2024-01-08 00:20:00,99.75,99.96,99.58,99.72,54038
2024-01-08 00:21:00,99.63,99.89,99.52,99.78,299513
2024-01-08 00:22:00,99.74,99.8,99.61,99.71,197192
2024-01-08 00:23:00,99.77,100.02,99.63,99.68,4776
2024-01-08 00:24:00,99.76,99.82,99.64,99.72,17893
2024-01-08 00:25:00,99.7,99.86,99.56,99.7,23801
2024-01-08 00:26:00,99.77,99.87,99.58,99.66,84419
2024-01-08 00:27:00,99.6,99.99,99.32,99.71,20254
2024-01-08 00:28:00,99.65,99.89,99.53,99.64,10350
2024-01-08 00:29:00,99.71,99.84,99.41,99.63,23243
2024-01-08 00:30:00,99.71,99.83,99.46,99.64,14982
2024-01-08 00:31:00,99.59,99.83,99.41,99.61,59072
2024-01-08 00:32:00,99.53,99.81,99.39,99.65,239807
2024-01-08 00:33:00,99.57,99.87,99.34,99.63,54751
2024-01-08 00:34:00,99.58,99.92,99.43,99.7,57002
2024-01-08 00:35:00,99.75,99.99,99.4,99.69,75779
2024-01-08 00:36:00,99.69,99.94,99.54,99.72,34701
2024-01-08 00:37:00,99.71,100.01,99.51,99.76,14783
2024-01-08 00:38:00,99.78,100.05,99.5,99.73,16314
2024-01-08 00:39:00,99.81,100.05,99.41,99.63,65907
2024-01-08 00:40:00,99.54,99.72,99.37,99.64,29405
2024-01-08 00:41:00,99.68,99.75,99.49,99.65,8247
2024-01-08 00:42:00,99.73,99.96,99.52,99.68,81562
2024-01-08 00:43:00,99.62,99.71,99.48,99.66,10156
2024-01-08 00:44:00,99.73,99.8,99.4,99.64,7133
2024-01-08 00:45:00,99.68,99.99,99.43,99.74,9164
2024-01-08 00:46:00,99.65,99.73,99.59,99.67,29923
2024-01-08 00:47:00,99.62,99.98,99.54,99.71,58263
2024-01-08 00:48:00,99.73,99.94,99.43,99.68,28415
2024-01-08 00:49:00,99.68,99.84,99.47,99.66,12621
2024-01-08 00:50:00,99.67,99.77,99.37,99.65,9818
2024-01-08 00:51:00,99.59,99.73,99.49,99.61,47625
2024-01-08 00:52:00,99.64,99.82,99.54,99.63,20076
2024-01-08 00:53:00,99.59,99.92,99.41,99.7,30977
2024-01-08 00:54:00,99.68,99.81,99.61,99.73,19143
2024-01-08 00:55:00,99.7,99.82,99.62,99.73,29716
2024-01-08 00:56:00,99.77,99.89,99.42,99.68,32540
2024-01-08 00:57:00,99.6,99.77,99.52,99.71,249041
2024-01-08 00:58:00,99.65,99.94,99.46,99.82,32941
2024-01-08 00:59:00,99.76,100.04,99.48,99.8,14952
2024-01-08 01:00:00,99.72,99.93,99.64,99.78,26255
2024-01-08 01:01:00,99.72,99.85,99.6,99.75,8521
2024-01-08 01:02:00,99.77,100.02,99.5,99.73,8447
2024-01-08 01:03:00,99.77,99.87,99.33,99.59,76855
2024-01-08 01:04:00,99.62,99.88,99.34,99.61,29856
2024-01-08 01:05:00,99.6,99.72,99.48,99.57,67441
2024-01-08 01:06:00,99.48,99.56,99.33,99.49,4337
2024-01-08 01:07:00,99.58,99.73,99.26,99.52,8303
2024-01-08 01:08:00,99.46,99.59,99.25,99.47,29679
2024-01-08 01:09:00,99.5,99.75,99.34,99.45,9658
2024-01-08 01:10:00,99.54,99.65,99.31,99.53,5302
2024-01-08 01:11:00,99.57,99.8,99.17,99.46,7488
2024-01-08 01:12:00,99.4,99.66,99.13,99.38,15975
2024-01-08 01:13:00,99.34,99.62,99.26,99.39,33292
2024-01-08 01:14:00,99.3,99.7,99.02,99.45,122413
2024-01-08 01:15:00,99.47,99.62,99.24,99.37,7687
2024-01-08 01:16:00,99.39,99.57,99.11,99.39,8095
2024-01-08 01:17:00,99.44,99.5,99.2,99.42,5161
2024-01-08 01:18:00,99.32,99.58,99.07,99.32,39070
2024-01-08 01:19:00,99.38,99.57,99.08,99.36,24954
2024-01-08 01:20:00,99.41,99.49,99.29,99.4,8393
2024-01-08 01:21:00,99.33,99.51,99.28,99.39,9596
2024-01-08 01:22:00,99.36,99.59,99.27,99.45,19459
2024-01-08 01:23:00,99.48,99.74,99.32,99.51,20591
2024-01-08 01:24:00,99.5,99.74,99.38,99.51,7787
2024-01-08 01:25:00,99.43,99.57,99.35,99.49,26296
2024-01-08 01:26:00,99.41,99.54,99.33,99.44,5562
2024-01-08 01:27:00,99.5,99.6,99.24,99.44,23132
2024-01-08 01:28:00,99.37,99.58,99.23,99.47,18442
2024-01-08 01:29:00,99.4,99.51,99.13,99.45,32896
2024-01-08 01:30:00,99.52,99.6,99.2,99.34,73959
2024-01-08 01:31:00,99.36,99.55,99.12,99.4,15204
2024-01-08 01:32:00,99.42,99.59,99.27,99.41,22035
2024-01-08 01:33:00,99.41,99.63,99.2,99.39,3039
2024-01-08 01:34:00,99.41,99.51,99.28,99.44,158216
2024-01-08 01:35:00,99.46,99.81,99.29,99.51,3426
2024-01-08 01:36:00,99.61,99.76,99.29,99.37,20274
2024-01-08 01:37:00,99.32,99.65,99.24,99.4,1722
2024-01-08 01:38:00,99.34,99.41,99.17,99.32,9646
2024-01-08 01:39:00,99.24,99.51,98.94,99.35,124922
2024-01-08 01:40:00,99.38,99.46,99.19,99.36,69196
2024-01-08 01:41:00,99.37,99.49,99.14,99.39,58983
2024-01-08 01:42:00,99.31,99.51,99.1,99.36,18164
2024-01-08 01:43:00,99.34,99.47,99.08,99.27,114797
2024-01-08 01:44:00,99.21,99.41,99.06,99.25,28491
2024-01-08 01:45:00,99.21,99.45,99.07,99.27,43907
2024-01-08 01:46:00,99.36,99.61,99.15,99.32,310801
2024-01-08 01:47:00,99.35,99.63,99.15,99.26,65533
2024-01-08 01:48:00,99.16,99.39,99.02,99.31,20630
2024-01-08 01:49:00,99.26,99.37,99.11,99.28,36696
2024-01-08 01:50:00,99.18,99.4,98.92,99.3,89691
2024-01-08 01:51:00,99.34,99.53,99.1,99.27,41046
2024-01-08 01:52:00,99.26,99.53,99.18,99.28,48197
2024-01-08 01:53:00,99.38,99.64,99.15,99.32,79852
2024-01-08 01:54:00,99.37,99.45,99.01,99.26,276547
2024-01-08 01:55:00,99.27,99.43,99.03,99.23,8648
2024-01-08 01:56:00,99.29,99.56,98.97,99.24,44448
2024-01-08 01:57:00,99.28,99.63,99.13,99.36,34877
2024-01-08 01:58:00,99.31,99.55,99.2,99.32,14977
2024-01-08 01:59:00,99.32,99.67,99.19,99.42,11528
2024-01-08 02:00:00,99.43,99.68,99.16,99.52,114927
2024-01-08 02:01:00,99.51,99.76,99.22,99.51,7924
2024-01-08 02:02:00,99.45,99.64,99.36,99.5,5382
2024-01-08 02:03:00,99.44,99.74,99.27,99.46,12544
2024-01-08 02:04:00,99.42,99.73,99.19,99.46,3707
2024-01-08 02:05:00,99.36,99.66,99.15,99.39,9453
2024-01-08 02:06:00,99.47,99.72,99.31,99.39,7688
2024-01-08 02:07:00,99.42,99.75,99.33,99.46,24005
2024-01-08 02:08:00,99.5,99.55,99.25,99.43,93478
2024-01-08 02:09:00,99.44,99.67,99.19,99.42,12218
2024-01-08 02:10:00,99.45,99.59,99.1,99.33,52318
2024-01-08 02:11:00,99.43,99.69,99.15,99.35,46688
2024-01-08 02:12:00,99.33,99.51,99.13,99.36,2391
2024-01-08 02:13:00,99.41,99.67,99.09,99.37,12683
2024-01-08 02:14:00,99.34,99.41,99.26,99.36,15123
2024-01-08 02:15:00,99.43,99.48,99.17,99.34,32255
2024-01-08 02:16:00,99.41,99.57,99.18,99.37,38951
2024-01-08 02:17:00,99.45,99.67,99.23,99.37,30663
2024-01-08 02:18:00,99.27,99.48,99.12,99.38,9000
2024-01-08 02:19:00,99.34,99.44,99.09,99.39,11692
2024-01-08 02:20:00,99.32,99.59,99.11,99.45,4898
2024-01-08 02:21:00,99.44,99.61,99.24,99.48,23538
2024-01-08 02:22:00,99.48,99.68,99.38,99.49,15257
2024-01-08 02:23:00,99.44,99.77,99.37,99.57,37521
2024-01-08 02:24:00,99.61,99.78,99.36,99.59,44217
2024-01-08 02:25:00,99.54,99.84,99.31,99.65,15775
2024-01-08 02:26:00,99.72,99.84,99.62,99.68,29205
2024-01-08 02:27:00,99.62,99.68,99.47,99.59,17750
2024-01-08 02:28:00,99.56,99.81,99.38,99.66,7233
2024-01-08 02:29:00,99.68,99.92,99.4,99.66,9895
2024-01-08 02:30:00,99.68,99.91,99.49,99.66,2278
2024-01-08 02:31:00,99.58,99.79,99.42,99.67,14827
2024-01-08 02:32:00,99.74,99.86,99.45,99.66,12166
2024-01-08 02:33:00,99.68,99.93,99.49,99.67,7367
2024-01-08 02:34:00,99.74,99.8,99.35,99.64,49970
2024-01-08 02:35:00,99.71,99.84,99.42,99.7,37282
2024-01-08 02:36:00,99.71,99.96,99.54,99.7,38320
2024-01-08 02:37:00,99.78,99.84,99.39,99.68,43985
2024-01-08 02:38:00,99.75,99.96,99.52,99.63,21987
2024-01-08 02:39:00,99.72,99.91,99.44,99.64,21762
2024-01-08 02:40:00,99.71,99.82,99.58,99.65,50524
2024-01-08 02:41:00,99.72,99.83,99.61,99.67,42927
2024-01-08 02:42:00,99.67,99.73,99.53,99.62,61538
2024-01-08 02:43:00,99.57,99.65,99.43,99.54,21086
2024-01-08 02:44:00,99.62,99.91,99.38,99.57,8214
2024-01-08 02:45:00,99.62,99.8,99.43,99.65,27920
2024-01-08 02:46:00,99.6,99.66,99.32,99.6,12354
2024-01-08 02:47:00,99.57,99.86,99.4,99.68,42342
2024-01-08 02:48:00,99.71,100.0,99.46,99.69,29372
2024-01-08 02:49:00,99.69,99.82,99.4,99.69,23189
2024-01-08 02:50:00,99.61,99.93,99.32,99.67,14882
2024-01-08 02:51:00,99.6,99.67,99.31,99.6,59914
2024-01-08 02:52:00,99.65,99.84,99.43,99.65,55486
2024-01-08 02:53:00,99.62,99.72,99.53,99.61,12575
2024-01-08 02:54:00,99.61,99.68,99.42,99.57,6448
2024-01-08 02:55:00,99.63,99.73,99.55,99.62,26355
2024-01-08 02:56:00,99.67,99.96,99.3,99.53,72106
2024-01-08 02:57:00,99.46,99.64,99.22,99.45,6236
2024-01-08 02:58:00,99.37,99.65,99.28,99.45,35254
2024-01-08 02:59:00,99.47,99.68,99.25,99.47,9691
2024-01-08 03:00:00,99.51,99.62,99.36,99.49,7967
2024-01-08 03:01:00,99.42,99.62,99.22,99.48,55892
2024-01-08 03:02:00,99.45,99.68,99.22,99.6,42207
2024-01-08 03:03:00,99.67,99.81,99.37,99.59,18914
2024-01-08 03:04:00,99.68,99.96,99.31,99.58,48508
2024-01-08 03:05:00,99.57,99.8,99.44,99.54,43630
2024-01-08 03:06:00,99.45,99.78,99.25,99.54,4982
2024-01-08 03:07:00,99.5,99.82,99.23,99.58,23963
2024-01-08 03:08:00,99.52,99.76,99.31,99.64,90472
2024-01-08 03:09:00,99.58,99.7,99.43,99.56,35376
2024-01-08 03:10:00,99.56,99.74,99.39,99.55,1610
2024-01-08 03:11:00,99.57,99.77,99.33,99.57,7550
2024-01-08 03:12:00,99.5,99.8,99.21,99.6,59621
2024-01-08 03:13:00,99.68,99.91,99.31,99.6,12617
2024-01-08 03:14:00,99.62,99.86,99.45,99.63,67598
2024-01-08 03:15:00,99.65,99.8,99.35,99.59,170433
2024-01-08 03:16:00,99.68,99.91,99.45,99.67,17362
2024-01-08 03:17:00,99.69,99.94,99.42,99.71,11874
2024-01-08 03:18:00,99.8,99.91,99.46,99.65,8053
2024-01-08 03:19:00,99.6,99.8,99.47,99.59,47016
2024-01-08 03:20:00,99.54,99.84,99.3,99.54,12056
2024-01-08 03:21:00,99.55,99.71,99.41,99.58,14731
2024-01-08 03:22:00,99.58,99.81,99.46,99.51,7269
2024-01-08 03:23:00,99.46,99.66,99.32,99.5,14291
2024-01-08 03:24:00,99.53,99.8,99.27,99.52,10864
2024-01-08 03:25:00,99.42,99.65,99.16,99.51,3035
2024-01-08 03:26:00,99.55,99.83,99.34,99.53,9521
2024-01-08 03:27:00,99.52,99.61,99.23,99.47,46452
2024-01-08 03:28:00,99.51,99.64,99.32,99.5,84880
2024-01-08 03:29:00,99.5,99.56,99.3,99.47,19797
2024-01-08 03:30:00,99.57,99.71,99.24,99.46,22781
2024-01-08 03:31:00,99.42,99.53,99.22,99.47,29318
2024-01-08 03:32:00,99.57,99.81,99.42,99.47,156781
2024-01-08 03:33:00,99.39,99.71,99.31,99.48,8023
2024-01-08 03:34:00,99.51,99.74,99.28,99.44,6234
2024-01-08 03:35:00,99.43,99.62,99.29,99.42,20918
2024-01-08 03:36:00,99.49,99.6,99.36,99.42,32669
2024-01-08 03:37:00,99.48,99.75,99.15,99.36,21303
2024-01-08 03:38:00,99.41,99.71,99.07,99.33,5627
2024-01-08 03:39:00,99.25,99.62,99.05,99.35,53359
2024-01-08 03:40:00,99.42,99.49,99.01,99.29,19184
2024-01-08 03:41:00,99.23,99.42,99.05,99.35,38344
2024-01-08 03:42:00,99.25,99.67,99.08,99.41,104067
2024-01-08 03:43:00,99.35,99.44,99.2,99.35,5098
2024-01-08 03:44:00,99.34,99.71,99.04,99.41,3950
2024-01-08 03:45:00,99.46,99.69,99.14,99.41,38776
2024-01-08 03:46:00,99.35,99.49,99.23,99.43,2879
2024-01-08 03:47:00,99.35,99.54,99.3,99.4,14766
2024-01-08 03:48:00,99.43,99.59,99.36,99.45,12440
2024-01-08 03:49:00,99.55,99.72,99.42,99.47,31566
2024-01-08 03:50:00,99.49,99.61,99.16,99.43,11315
2024-01-08 03:51:00,99.47,99.57,99.3,99.37,36024
2024-01-08 03:52:00,99.38,99.49,99.04,99.3,7578
2024-01-08 03:53:00,99.35,99.55,99.11,99.31,6360
2024-01-08 03:54:00,99.4,99.45,99.17,99.34,22455
2024-01-08 03:55:00,99.34,99.48,99.21,99.37,24471
2024-01-08 03:56:00,99.35,99.56,99.08,99.36,29590
2024-01-08 03:57:00,99.43,99.53,99.06,99.3,96720
2024-01-08 03:58:00,99.4,99.46,99.14,99.27,79269
2024-01-08 03:59:00,99.2,99.43,98.92,99.33,34600
2024-01-08 04:00:00,99.34,99.44,99.11,99.3,49483
2024-01-08 04:01:00,99.36,99.45,99.14,99.31,28627
2024-01-08 04:02:00,99.32,99.47,99.2,99.26,71646
2024-01-08 04:03:00,99.24,99.53,99.0,99.27,31693
2024-01-08 04:04:00,99.31,99.42,99.05,99.25,12679
2024-01-08 04:05:00,99.21,99.44,98.97,99.3,10378
2024-01-08 04:06:00,99.27,99.56,99.2,99.34,69632
2024-01-08 04:07:00,99.44,99.7,99.22,99.32,18341
2024-01-08 04:08:00,99.34,99.44,99.08,99.31,149761
2024-01-08 04:09:00,99.39,99.48,99.2,99.28,7299
2024-01-08 04:10:00,99.35,99.48,98.96,99.21,76990
2024-01-08 04:11:00,99.24,99.34,99.04,99.17,14378
2024-01-08 04:12:00,99.24,99.36,99.04,99.18,33099
2024-01-08 04:13:00,99.14,99.42,98.99,99.2,5992
2024-01-08 04:14:00,99.22,99.46,99.0,99.2,3503
2024-01-08 04:15:00,99.22,99.36,99.03,99.19,96759
2024-01-08 04:16:00,99.21,99.46,99.03,99.24,14204
2024-01-08 04:17:00,99.17,99.5,98.89,99.24,59004
2024-01-08 04:18:00,99.19,99.5,98.9,99.27,11424
2024-01-08 04:19:00,99.23,99.43,99.13,99.19,59084
2024-01-08 04:20:00,99.21,99.38,98.89,98.99,14348
2024-01-08 04:21:00,99.08,99.22,98.83,99.01,6565
2024-01-08 04:22:00,99.1,99.22,98.81,98.93,42044
2024-01-08 04:23:00,98.88,99.07,98.76,98.92,56647
2024-01-08 04:24:00,98.89,99.0,98.65,98.91,41790
2024-01-08 04:25:00,98.82,99.14,98.56,98.99,19058
2024-01-08 04:26:00,98.97,99.28,98.73,99.01,3832
2024-01-08 04:27:00,99.07,99.22,98.79,99.02,7563
2024-01-08 04:28:00,99.1,99.19,98.84,99.06,10916
2024-01-08 04:29:00,99.01,99.23,98.79,99.08,17013
2024-01-08 04:30:00,99.03,99.29,98.84,99.05,68240
2024-01-08 04:31:00,99.0,99.31,98.9,99.11,19587
2024-01-08 04:32:00,99.08,99.27,98.89,99.05,2679
2024-01-08 04:33:00,99.11,99.27,98.92,99.07,1650
2024-01-08 04:34:00,99.1,99.22,98.87,98.99,10995
2024-01-08 04:35:00,99.05,99.27,98.81,99.0,13182
2024-01-08 04:36:00,99.02,99.07,98.95,99.01,31434
2024-01-08 04:37:00,98.96,99.28,98.7,99.09,5153
2024-01-08 04:38:00,99.04,99.1,98.84,99.02,5526
2024-01-08 04:39:00,98.92,99.25,98.87,98.99,34668
2024-01-08 04:40:00,99.04,99.16,98.75,99.03,83634
2024-01-08 04:41:00,99.1,99.17,98.84,99.04,3091
2024-01-08 04:42:00,99.1,99.27,98.97,99.05,10209
2024-01-08 04:43:00,98.97,99.06,98.79,99.0,66919
2024-01-08 04:44:00,99.06,99.29,98.88,98.98,55998
2024-01-08 04:45:00,98.89,99.26,98.7,99.04,8728
2024-01-08 04:46:00,98.96,99.17,98.75,99.03,70254
2024-01-08 04:47:00,99.02,99.15,98.86,99.05,23038
2024-01-08 04:48:00,99.05,99.23,98.88,99.05,42618
2024-01-08 04:49:00,99.11,99.26,98.76,98.99,10893
2024-01-08 04:50:00,99.02,99.25,98.82,99.04,29507
2024-01-08 04:51:00,98.97,99.33,98.67,99.06,6865
2024-01-08 04:52:00,99.01,99.36,98.87,99.17,12741
2024-01-08 04:53:00,99.13,99.37,99.04,99.12,16368
2024-01-08 04:54:00,99.05,99.34,98.87,99.16,25339
2024-01-08 04:55:00,99.12,99.42,98.8,99.1,244392
2024-01-08 04:56:00,99.15,99.39,98.94,99.11,284890
2024-01-08 04:57:00,99.06,99.34,98.93,99.16,14944
2024-01-08 04:58:00,99.22,99.48,98.82,99.05,96722
2024-01-08 04:59:00,99.05,99.29,98.96,99.04,7265
2024-01-08 05:00:00,99.01,99.16,98.83,99.02,32835
2024-01-08 05:01:00,99.0,99.08,98.84,98.98,11096
2024-01-08 05:02:00,99.02,99.09,98.71,99.0,14031
2024-01-08 05:03:00,99.0,99.29,98.8,99.06,315135
2024-01-08 05:04:00,98.96,99.15,98.83,99.05,14958
2024-01-08 05:05:00,99.13,99.22,98.88,99.06,11500
2024-01-08 05:06:00,98.97,99.32,98.92,99.06,8100
2024-01-08 05:07:00,99.15,99.23,98.96,99.06,10206
2024-01-08 05:08:00,98.97,99.24,98.7,99.01,5314
2024-01-08 05:09:00,99.06,99.3,98.88,99.07,27525
2024-01-08 05:10:00,99.07,99.16,98.84,99.08,27034
2024-01-08 05:11:00,99.08,99.18,98.95,99.1,30875
2024-01-08 05:12:00,99.01,99.19,98.88,99.06,21776
2024-01-08 05:13:00,99.01,99.17,98.77,99.04,12489
2024-01-08 05:14:00,99.09,99.18,98.77,99.03,11420
2024-01-08 05:15:00,99.11,99.37,98.78,98.95,25822
2024-01-08 05:16:00,98.96,99.03,98.68,98.87,20920
2024-01-08 05:17:00,98.84,99.09,98.72,98.84,11663
2024-01-08 05:18:00,98.75,99.12,98.54,98.86,16537
2024-01-08 05:19:00,98.9,99.19,98.58,98.83,102687
2024-01-08 05:20:00,98.79,98.89,98.62,98.78,157971
2024-01-08 05:21:00,98.69,98.82,98.63,98.74,17672
2024-01-08 05:22:00,98.77,99.0,98.44,98.72,10574
2024-01-08 05:23:00,98.72,99.01,98.59,98.7,21097
2024-01-08 05:24:00,98.61,98.91,98.42,98.81,68588
2024-01-08 05:25:00,98.73,98.96,98.61,98.86,21085
2024-01-08 05:26:00,98.9,99.17,98.65,98.91,31416
2024-01-08 05:27:00,98.83,99.24,98.66,98.97,11412
2024-01-08 05:28:00,99.04,99.23,98.68,98.92,6858
2024-01-08 05:29:00,98.88,98.99,98.61,98.86,47171
2024-01-08 05:30:00,98.78,98.86,98.53,98.81,26764
2024-01-08 05:31:00,98.86,99.11,98.73,98.87,42439
2024-01-08 05:32:00,98.88,99.11,98.74,98.84,3980
2024-01-08 05:33:00,98.81,99.0,98.56,98.78,137673
2024-01-08 05:34:00,98.76,98.99,98.47,98.76,28347
2024-01-08 05:35:00,98.67,98.84,98.5,98.75,3614
2024-01-08 05:36:00,98.78,99.05,98.57,98.76,59095
2024-01-08 05:37:00,98.74,99.04,98.58,98.77,15162
2024-01-08 05:38:00,98.82,99.06,98.47,98.73,22708
2024-01-08 05:39:00,98.76,99.03,98.49,98.77,13660
2024-01-08 05:40:00,98.8,98.9,98.58,98.74,19972
2024-01-08 05:41:00,98.79,98.89,98.63,98.73,21004
2024-01-08 05:42:00,98.75,98.93,98.47,98.76,4146
2024-01-08 05:43:00,98.75,98.94,98.47,98.73,52352
2024-01-08 05:44:00,98.71,98.99,98.63,98.7,24658
2024-01-08 05:45:00,98.63,98.82,98.51,98.73,34412
2024-01-08 05:46:00,98.79,98.99,98.62,98.69,49808
2024-01-08 05:47:00,98.74,98.98,98.61,98.67,24856
2024-01-08 05:48:00,98.62,98.79,98.48,98.7,30671
2024-01-08 05:49:00,98.77,98.99,98.5,98.8,5062
2024-01-08 05:50:00,98.82,99.12,98.55,98.83,9601
2024-01-08 05:51:00,98.83,98.93,98.62,98.85,23980
2024-01-08 05:52:00,98.76,99.04,98.68,98.88,26521
2024-01-08 05:53:00,98.86,99.04,98.69,98.83,32882
2024-01-08 05:54:00,98.85,98.99,98.76,98.83,89863
2024-01-08 05:55:00,98.75,99.12,98.52,98.83,20046
2024-01-08 05:56:00,98.82,98.96,98.55,98.85,31662
2024-01-08 05:57:00,98.94,99.23,98.6,98.85,23364
2024-01-08 05:58:00,98.89,99.11,98.73,98.87,17159
2024-01-08 05:59:00,98.88,99.04,98.69,98.86,17839
2024-01-08 06:00:00,98.86,99.15,98.62,98.86,10053
2024-01-08 06:01:00,98.77,98.92,98.56,98.8,19594
2024-01-08 06:02:00,98.89,99.08,98.53,98.78,17696
2024-01-08 06:03:00,98.87,98.94,98.63,98.85,18926
2024-01-08 06:04:00,98.89,99.02,98.78,98.87,3858
2024-01-08 06:05:00,98.79,99.1,98.66,98.86,19951
2024-01-08 06:06:00,98.81,99.19,98.72,98.96,9163
2024-01-08 06:07:00,98.9,99.19,98.64,98.89,20705
2024-01-08 06:08:00,98.9,99.02,98.6,98.84,7370
2024-01-08 06:09:00,98.78,99.0,98.57,98.92,23154
2024-01-08 06:10:00,98.96,99.02,98.79,98.92,16367
2024-01-08 06:11:00,98.93,99.22,98.83,98.91,11774
2024-01-08 06:12:00,98.82,99.05,98.75,98.85,29417
2024-01-08 06:13:00,98.9,99.12,98.76,98.87,32063
2024-01-08 06:14:00,98.81,99.03,98.68,98.9,20966
2024-01-08 06:15:00,98.97,99.07,98.57,98.85,38901
2024-01-08 06:16:00,98.82,99.11,98.55,98.84,14569
2024-01-08 06:17:00,98.81,98.9,98.7,98.82,32858
2024-01-08 06:18:00,98.73,99.04,98.44,98.84,21115
2024-01-08 06:19:00,98.93,99.13,98.65,98.78,8108
2024-01-08 06:20:00,98.8,99.09,98.72,98.84,9883
2024-01-08 06:21:00,98.83,99.16,98.54,98.89,70643
2024-01-08 06:22:00,98.81,99.16,98.72,98.87,106546
2024-01-08 06:23:00,98.91,99.09,98.67,98.86,44947
2024-01-08 06:24:00,98.82,98.95,98.63,98.85,12293
2024-01-08 06:25:00,98.95,99.16,98.68,98.81,91832
2024-01-08 06:26:00,98.9,99.03,98.73,98.79,40641
2024-01-08 06:27:00,98.84,99.12,98.53,98.78,30811
2024-01-08 06:28:00,98.87,99.11,98.8,98.86,139011
2024-01-08 06:29:00,98.78,99.11,98.69,98.91,9320
2024-01-08 06:30:00,98.86,99.16,98.66,98.95,47714
2024-01-08 06:31:00,98.9,99.23,98.79,98.97,9753
2024-01-08 06:32:00,98.89,98.97,98.61,98.91,12008
2024-01-08 06:33:00,99.01,99.28,98.75,98.91,297170
2024-01-08 06:34:00,98.83,99.03,98.65,98.96,36401
2024-01-08 06:35:00,99.03,99.21,98.65,98.9,139970
2024-01-08 06:36:00,98.95,99.18,98.86,98.93,37933
2024-01-08 06:37:00,98.91,99.27,98.82,99.04,32939
2024-01-08 06:38:00,98.95,99.17,98.8,99.1,11776
2024-01-08 06:39:00,99.0,99.24,98.74,99.17,58556
2024-01-08 06:40:00,99.11,99.34,98.91,99.18,22591
2024-01-08 06:41:00,99.18,99.42,98.89,99.23,23872
2024-01-08 06:42:00,99.22,99.49,98.93,99.19,16964
2024-01-08 06:43:00,99.21,99.37,99.12,99.23,19914
2024-01-08 06:44:00,99.28,99.48,99.1,99.26,22582
2024-01-08 06:45:00,99.24,99.38,99.16,99.28,24906
2024-01-08 06:46:00,99.21,99.5,99.0,99.34,20937
2024-01-08 06:47:00,99.4,99.61,99.07,99.32,4643
2024-01-08 06:48:00,99.28,99.47,99.15,99.31,37871
2024-01-08 06:49:00,99.26,99.49,98.97,99.31,19476
2024-01-08 06:50:00,99.36,99.42,99.08,99.26,798
2024-01-08 06:51:00,99.35,99.48,99.2,99.27,4501
2024-01-08 06:52:00,99.35,99.51,98.98,99.19,13719
2024-01-08 06:53:00,99.11,99.42,99.06,99.24,79110
2024-01-08 06:54:00,99.24,99.43,99.13,99.24,40445
2024-01-08 06:55:00,99.16,99.35,99.03,99.21,11079
2024-01-08 06:56:00,99.31,99.57,99.11,99.17,18202
2024-01-08 06:57:00,99.12,99.3,98.97,99.16,66472
2024-01-08 06:58:00,99.1,99.4,98.86,99.2,11892
2024-01-08 06:59:00,99.27,99.5,98.99,99.22,7435
2024-01-08 07:00:00,99.32,99.41,98.91,99.19,53132
2024-01-08 07:01:00,99.23,99.38,99.09,99.15,67243
2024-01-08 07:02:00,99.07,99.39,98.87,99.18,12029
2024-01-08 07:03:00,99.18,99.26,98.86,99.14,35868
2024-01-08 07:04:00,99.21,99.39,98.98,99.15,21150
2024-01-08 07:05:00,99.16,99.31,99.05,99.15,12201
2024-01-08 07:06:00,99.08,99.45,98.86,99.17,70879
2024-01-08 07:07:00,99.1,99.4,98.9,99.21,11339
2024-01-08 07:08:00,99.28,99.54,98.94,99.15,46910
2024-01-08 07:09:00,99.15,99.23,98.83,99.05,23578
2024-01-08 07:10:00,99.09,99.28,98.74,99.02,18536
2024-01-08 07:11:00,99.0,99.34,98.86,99.11,12641
2024-01-08 07:12:00,99.12,99.3,98.95,99.21,8212
2024-01-08 07:13:00,99.31,99.53,99.21,99.3,17155
2024-01-08 07:14:00,99.27,99.51,99.02,99.3,13194
2024-01-08 07:15:00,99.33,99.42,98.98,99.21,24161
2024-01-08 07:16:00,99.14,99.21,99.04,99.09,6651
2024-01-08 07:17:00,99.02,99.12,98.81,99.06,18926
2024-01-08 07:18:00,99.12,99.41,98.81,99.05,33056
2024-01-08 07:19:00,99.12,99.23,99.05,99.11,11234
2024-01-08 07:20:00,99.15,99.36,99.1,99.16,46211
2024-01-08 07:21:00,99.09,99.42,98.98,99.17,51511
2024-01-08 07:22:00,99.12,99.25,98.98,99.12,6586
2024-01-08 07:23:00,99.21,99.45,98.96,99.08,10317
2024-01-08 07:24:00,99.04,99.21,98.85,99.09,5765
2024-01-08 07:25:00,99.15,99.32,98.84,99.12,33626
2024-01-08 07:26:00,99.08,99.26,99.01,99.14,25031
2024-01-08 07:27:00,99.23,99.41,99.0,99.09,4442
2024-01-08 07:28:00,99.17,99.33,99.03,99.12,11475
2024-01-08 07:29:00,99.03,99.41,98.9,99.15,29981
2024-01-08 07:30:00,99.2,99.44,98.81,99.09,24660
2024-01-08 07:31:00,99.03,99.34,98.85,99.05,73876
2024-01-08 07:32:00,99.0,99.38,98.79,99.09,6961
2024-01-08 07:33:00,99.08,99.16,98.81,99.08,21831
2024-01-08 07:34:00,99.09,99.32,99.0,99.16,8088
2024-01-08 07:35:00,99.12,99.43,98.92,99.18,24591
2024-01-08 07:36:00,99.2,99.46,98.9,99.16,18378
2024-01-08 07:37:00,99.09,99.28,98.98,99.16,28904
2024-01-08 07:38:00,99.06,99.39,98.87,99.16,14630
2024-01-08 07:39:00,99.17,99.24,99.03,99.12,47208
2024-01-08 07:40:00,99.13,99.21,98.88,99.08,10778
2024-01-08 07:41:00,99.11,99.19,99.01,99.11,7980
2024-01-08 07:42:00,99.14,99.34,99.06,99.15,27590
2024-01-08 07:43:00,99.23,99.34,98.91,99.18,140627
2024-01-08 07:44:00,99.18,99.48,99.05,99.26,4811
2024-01-08 07:45:00,99.16,99.5,99.05,99.23,7012
2024-01-08 07:46:00,99.26,99.51,99.12,99.32,27765
2024-01-08 07:47:00,99.35,99.59,99.13,99.27,67997
2024-01-08 07:48:00,99.27,99.39,99.02,99.22,29924
2024-01-08 07:49:00,99.26,99.49,98.95,99.13,11992
2024-01-08 07:50:00,99.1,99.34,98.94,99.11,33533
2024-01-08 07:51:00,99.04,99.33,98.85,99.09,36913
2024-01-08 07:52:00,99.12,99.22,98.84,99.11,11156
2024-01-08 07:53:00,99.06,99.38,98.77,99.12,50254
2024-01-08 07:54:00,99.12,99.31,98.85,99.06,21279
2024-01-08 07:55:00,99.06,99.33,98.98,99.05,3828
2024-01-08 07:56:00,99.04,99.32,98.91,99.03,19248
2024-01-08 07:57:00,99.05,99.11,98.83,98.94,12468
2024-01-08 07:58:00,98.85,99.09,98.78,98.89,81217
2024-01-08 07:59:00,98.99,99.04,98.65,98.85,5831
2024-01-08 08:00:00,98.9,99.09,98.64,98.92,13587
2024-01-08 08:01:00,98.91,99.05,98.79,98.93,28487
2024-01-08 08:02:00,98.87,99.03,98.69,98.97,247468
2024-01-08 08:03:00,98.88,99.03,98.75,98.89,155581
2024-01-08 08:04:00,98.93,99.11,98.67,98.95,21052
2024-01-08 08:05:00,98.91,99.09,98.74,99.02,31234
2024-01-08 08:06:00,98.96,99.06,98.81,98.92,40214
2024-01-08 08:07:00,98.89,99.01,98.72,98.88,8002
2024-01-08 08:08:00,98.9,99.08,98.63,98.91,22251
2024-01-08 08:09:00,98.94,99.21,98.74,98.94,85495
